"Algorithm","Hash","Path"
"SHA256","C5F5EC73A986EC9C677C25FC119FCF28BCEB172CABF6B4033396B05B2E61D7D7","C:\Users\dikarm\Documents\Server\OCR-FOTO-P3STE\OCR_Foto_Timemark_App\04_photos_edited\Tim_1\BTP BD\AXC\ZP 101A BTT-MSG\0.jpg"
"SHA256","D387832FD2D032DEFCB873FAF706F5709D3A909E3896610CDFEF511F8BC14924","C:\Users\dikarm\Documents\Server\OCR-FOTO-P3STE\OCR_Foto_Timemark_App\04_photos_edited\Tim_1\BTP BD\AXC\ZP 101A BTT-MSG\100.jpg"
"SHA256","A82956333E1E11E723329C8A65A32475D3933CCCA9FF14AAA12AE40FE0855487","C:\Users\dikarm\Documents\Server\OCR-FOTO-P3STE\OCR_Foto_Timemark_App\04_photos_edited\Tim_1\BTP BD\AXC\ZP 101A BTT-MSG\50.jpg"
"SHA256","F6E70414740BE103DF3C28C350A86CF097D80587C05855F6B384A7F2A72EFD30","C:\Users\dikarm\Documents\Server\OCR-FOTO-P3STE\OCR_Foto_Timemark_App\04_photos_edited\Tim_1\BTP BD\AXC\ZP 101A BTT-MSG\meta.json"
"SHA256","DC2F9B876C5BE6F83FA6206F83C3FDECBC25F9AD3D225051F3D71C87B9FD3B0A","C:\Users\dikarm\Documents\Server\OCR-FOTO-P3STE\OCR_Foto_Timemark_App\04_photos_edited\Tim_1\BTP BD\AXC\ZP 101A MSG-CCR\0.jpg"
"SHA256","FCC0CF3408CFEE26F46D3D2A100BA2ABA83CD62B3A0BD78C8E28EB84D31F7D66","C:\Users\dikarm\Documents\Server\OCR-FOTO-P3STE\OCR_Foto_Timemark_App\04_photos_edited\Tim_1\BTP BD\AXC\ZP 101A MSG-CCR\100.jpg"
"SHA256","C5E771EF475A45B53AEC2D8D7020BB163D9E8DEDAFF5B8775273D8A5FDF40860","C:\Users\dikarm\Documents\Server\OCR-FOTO-P3STE\OCR_Foto_Timemark_App\04_photos_edited\Tim_1\BTP BD\AXC\ZP 101A MSG-CCR\50.jpg"
"SHA256","D79E415E2173DC90F7D4B3DF7B150CC1DFB9F8ABF79E935156BF2217BD6EFC19","C:\Users\dikarm\Documents\Server\OCR-FOTO-P3STE\OCR_Foto_Timemark_App\04_photos_edited\Tim_1\BTP BD\AXC\ZP 101A MSG-CCR\meta.json"
"SHA256","FA3FAB93AC6E1C8E1D67CFC8C5F1958EB81392A274E2D01DF992F481862F6E2E","C:\Users\dikarm\Documents\Server\OCR-FOTO-P3STE\OCR_Foto_Timemark_App\04_photos_edited\Tim_1\BTP BD\AXC\ZP 101B BTT-MSG\0.jpg"
"SHA256","F2B4103C4943DCE5C52BDC333EA9E86E92E65549D14F1CE444317AC35F70F967","C:\Users\dikarm\Documents\Server\OCR-FOTO-P3STE\OCR_Foto_Timemark_App\04_photos_edited\Tim_1\BTP BD\AXC\ZP 101B BTT-MSG\100.jpg"
"SHA256","D965DC61F89791D8936AF503ADD7827978ACD14FF1A879B27E8CE7D7701DBBA5","C:\Users\dikarm\Documents\Server\OCR-FOTO-P3STE\OCR_Foto_Timemark_App\04_photos_edited\Tim_1\BTP BD\AXC\ZP 101B BTT-MSG\50.jpg"
"SHA256","E3EF0DB8306EF477BC365F37E47DC420348EFDFFC191043AE29E4B4E89436B79","C:\Users\dikarm\Documents\Server\OCR-FOTO-P3STE\OCR_Foto_Timemark_App\04_photos_edited\Tim_1\BTP BD\AXC\ZP 101B MSG-CCR\0.jpg"
"SHA256","F15C6E1E86DB514A6E6C4D075A60DE0FE2269F4D55EBFEAFFB709564882671FC","C:\Users\dikarm\Documents\Server\OCR-FOTO-P3STE\OCR_Foto_Timemark_App\04_photos_edited\Tim_1\BTP BD\AXC\ZP 101B MSG-CCR\100.jpg"
"SHA256","48D75DE402A84CD2B38647207DD59EFBBA44728A57957244E7EC8B62B7EBF6BF","C:\Users\dikarm\Documents\Server\OCR-FOTO-P3STE\OCR_Foto_Timemark_App\04_photos_edited\Tim_1\BTP BD\AXC\ZP 101B MSG-CCR\50.jpg"
"SHA256","2AE4085080E5D553C6B4B8DE9EFC64AFC8B19E20B6FACE4F8AC8D2D0A8544B11","C:\Users\dikarm\Documents\Server\OCR-FOTO-P3STE\OCR_Foto_Timemark_App\04_photos_edited\Tim_1\BTP BD\AXC\ZP 10A BTT-BOP\0.jpg"
"SHA256","48075C21E242C9CCA7D24AF57568C4E77F0111FBE384618678610012CDDC5094","C:\Users\dikarm\Documents\Server\OCR-FOTO-P3STE\OCR_Foto_Timemark_App\04_photos_edited\Tim_1\BTP BD\AXC\ZP 10A BTT-BOP\100.jpg"
"SHA256","195BEC3A1CB6CB5ADBD7E6933D42712315BEA2D05B3AA86BFC475964DED3FA72","C:\Users\dikarm\Documents\Server\OCR-FOTO-P3STE\OCR_Foto_Timemark_App\04_photos_edited\Tim_1\BTP BD\AXC\ZP 10A BTT-BOP\50.jpg"
"SHA256","E7969523D93E4632B0E03825CA001AC62D7045BD37BD38DB04466CD7594F16D3","C:\Users\dikarm\Documents\Server\OCR-FOTO-P3STE\OCR_Foto_Timemark_App\04_photos_edited\Tim_1\BTP BD\AXC\ZP 10A BTT-MSG\0.jpg"
"SHA256","8A5EFB4B520F7F2DD11F013DA66F97CD1C99F50D7C17FCAA7659CCBB52FB09E5","C:\Users\dikarm\Documents\Server\OCR-FOTO-P3STE\OCR_Foto_Timemark_App\04_photos_edited\Tim_1\BTP BD\AXC\ZP 10A BTT-MSG\100.jpg"
"SHA256","BDD82B9C5473403070F661F3A0BFDCB023977550EFF89D5345FE3F772311A73F","C:\Users\dikarm\Documents\Server\OCR-FOTO-P3STE\OCR_Foto_Timemark_App\04_photos_edited\Tim_1\BTP BD\AXC\ZP 10A BTT-MSG\50.jpg"
"SHA256","4345BF715A50D706B0F5426CE62540C8E90595410B9B569DD18FDBB8B478E7FF","C:\Users\dikarm\Documents\Server\OCR-FOTO-P3STE\OCR_Foto_Timemark_App\04_photos_edited\Tim_1\BTP BD\AXC\ZP 10B BTT\0.jpg"
"SHA256","9C3AF8C8ACE934434F75F61E7E00B5CD6C5EA8DE2AA5B3D541DD11B2B00A9865","C:\Users\dikarm\Documents\Server\OCR-FOTO-P3STE\OCR_Foto_Timemark_App\04_photos_edited\Tim_1\BTP BD\AXC\ZP 10B BTT\100.jpg"
"SHA256","77C524714BBC3D07B02C38B7B1D6CC197535EA1A659143713F9E777351A9EF62","C:\Users\dikarm\Documents\Server\OCR-FOTO-P3STE\OCR_Foto_Timemark_App\04_photos_edited\Tim_1\BTP BD\AXC\ZP 10B BTT\50.jpg"
"SHA256","DC9020C3516668789A61B8963E9F5484D5BCA5AC75028E5076ECA9613A1070AC","C:\Users\dikarm\Documents\Server\OCR-FOTO-P3STE\OCR_Foto_Timemark_App\04_photos_edited\Tim_1\BTP BD\AXC\ZP 10B MSG\0.jpg"
"SHA256","EC396AC63B021B67F1E41ACCCFAE4B7532457009D8F933555ECFC2AE40035D01","C:\Users\dikarm\Documents\Server\OCR-FOTO-P3STE\OCR_Foto_Timemark_App\04_photos_edited\Tim_1\BTP BD\AXC\ZP 10B MSG\100.jpg"
"SHA256","469D9A2FB729F75C1085DB63BA54E45A22D28C613E78F46ABE400B33FC7E74A5","C:\Users\dikarm\Documents\Server\OCR-FOTO-P3STE\OCR_Foto_Timemark_App\04_photos_edited\Tim_1\BTP BD\AXC\ZP 10B MSG\50.jpg"
"SHA256","CE4C28C410F44722B352446E72650AF34D2B76AD66DFC58985AAA59BBD837859","C:\Users\dikarm\Documents\Server\OCR-FOTO-P3STE\OCR_Foto_Timemark_App\04_photos_edited\Tim_1\BTP BD\AXC\ZP 10C MSG\0.jpg"
"SHA256","A2E7318D3967A1F1953E1B16B609CA7CA93BABA2A58BC057F9F59F8DC0E27647","C:\Users\dikarm\Documents\Server\OCR-FOTO-P3STE\OCR_Foto_Timemark_App\04_photos_edited\Tim_1\BTP BD\AXC\ZP 10C MSG\100.jpg"
"SHA256","A7881275307E177B0172BF5932B7B6985866C53B07391AB3530498290C523F7D","C:\Users\dikarm\Documents\Server\OCR-FOTO-P3STE\OCR_Foto_Timemark_App\04_photos_edited\Tim_1\BTP BD\AXC\ZP 10C MSG\50.jpg"
"SHA256","73C824E9FFE225E932DE02D2B05D880B1835324309961F4BFF01619CD4FC1BFE","C:\Users\dikarm\Documents\Server\OCR-FOTO-P3STE\OCR_Foto_Timemark_App\04_photos_edited\Tim_1\BTP BD\AXC\ZP 10C MSG\meta.json"
"SHA256","02BADDEDDEF6BE90549AB19E3E934658A0FA193E8E7084D82978A3444833FD48","C:\Users\dikarm\Documents\Server\OCR-FOTO-P3STE\OCR_Foto_Timemark_App\04_photos_edited\Tim_1\BTP BD\AXC\ZP 11 MSG\0.jpg"
"SHA256","059CD56F00713F66DEA1D9C6978791C452B6A8D411750FB11D6C92115BD8071C","C:\Users\dikarm\Documents\Server\OCR-FOTO-P3STE\OCR_Foto_Timemark_App\04_photos_edited\Tim_1\BTP BD\AXC\ZP 11 MSG\100.jpg"
"SHA256","E92759436A6037443C09330C2ED694731B5F25D0566984208D7D22FFBB6FF463","C:\Users\dikarm\Documents\Server\OCR-FOTO-P3STE\OCR_Foto_Timemark_App\04_photos_edited\Tim_1\BTP BD\AXC\ZP 11 MSG\50.jpg"
"SHA256","567B1C7D18004EBC2C30A71BC9906F599BAECDDB73A4651BD066424EE1016B47","C:\Users\dikarm\Documents\Server\OCR-FOTO-P3STE\OCR_Foto_Timemark_App\04_photos_edited\Tim_1\BTP BD\AXC\ZP 12A BTT\0.jpg"
"SHA256","AA943BCC9C81F78059EEAE1067D543D6185F26CF1D9A69443DD50B98320390E3","C:\Users\dikarm\Documents\Server\OCR-FOTO-P3STE\OCR_Foto_Timemark_App\04_photos_edited\Tim_1\BTP BD\AXC\ZP 12A BTT\100.jpg"
"SHA256","2478CF8E50A9FC9448A8200C16D033536F3DE8D1415BE5FF765BB386B4A3BB40","C:\Users\dikarm\Documents\Server\OCR-FOTO-P3STE\OCR_Foto_Timemark_App\04_photos_edited\Tim_1\BTP BD\AXC\ZP 12A BTT\50.jpg"
"SHA256","0BB272CE1BA6C4D626B5347B51D6E08FCD3F21DA10AB29F3B6E43215024AA9DE","C:\Users\dikarm\Documents\Server\OCR-FOTO-P3STE\OCR_Foto_Timemark_App\04_photos_edited\Tim_1\BTP BD\AXC\ZP 12A MSG\0.jpg"
"SHA256","CADC1C03E1CDF614F2BE88A611D9D9E3C1F86CBC1F09D88318C09FAA4826A27B","C:\Users\dikarm\Documents\Server\OCR-FOTO-P3STE\OCR_Foto_Timemark_App\04_photos_edited\Tim_1\BTP BD\AXC\ZP 12A MSG\100.jpg"
"SHA256","35EFC349B9C823B24FE319CC273CB8A3CA3A04E213B69E53353231F5C01D5A8F","C:\Users\dikarm\Documents\Server\OCR-FOTO-P3STE\OCR_Foto_Timemark_App\04_photos_edited\Tim_1\BTP BD\AXC\ZP 12A MSG\50.jpg"
"SHA256","15168407EC0C90C491E44415A6B3A4F2AE8F524115441BFCA6D6181284D10186","C:\Users\dikarm\Documents\Server\OCR-FOTO-P3STE\OCR_Foto_Timemark_App\04_photos_edited\Tim_1\BTP BD\AXC\ZP 12B BTT\0.jpg"
"SHA256","AF0FFD0A5E170F7ADD56CC7CCF738E8BCA7EB9828144DAF1734975474B6C3620","C:\Users\dikarm\Documents\Server\OCR-FOTO-P3STE\OCR_Foto_Timemark_App\04_photos_edited\Tim_1\BTP BD\AXC\ZP 12B BTT\100.jpg"
"SHA256","E4F53CCEA476D216D4EA46F0E6B9CE6E2320B89EC68445236DCE95276CD46AD2","C:\Users\dikarm\Documents\Server\OCR-FOTO-P3STE\OCR_Foto_Timemark_App\04_photos_edited\Tim_1\BTP BD\AXC\ZP 12B BTT\50.jpg"
"SHA256","261D1B8C44603067CC110B08D9C8EB6DEAD58B9042122518AF2501DF0BDD9D6B","C:\Users\dikarm\Documents\Server\OCR-FOTO-P3STE\OCR_Foto_Timemark_App\04_photos_edited\Tim_1\BTP BD\AXC\ZP 12B MSG\0.jpg"
"SHA256","941F427300B29B157513FA13216F3BB0E42C5CDC93F5D21D6036432D9ED2FE91","C:\Users\dikarm\Documents\Server\OCR-FOTO-P3STE\OCR_Foto_Timemark_App\04_photos_edited\Tim_1\BTP BD\AXC\ZP 12B MSG\100.jpg"
"SHA256","8F6C8C40F9C16C4BD20D8A41C97AD5C6A089B34878456D2A6BA4A1D52C017BD5","C:\Users\dikarm\Documents\Server\OCR-FOTO-P3STE\OCR_Foto_Timemark_App\04_photos_edited\Tim_1\BTP BD\AXC\ZP 12B MSG\50.jpg"
"SHA256","30437DCFF566D891123353FA4366227837FC35126705BCAE5DB9B3E43E5CFA0F","C:\Users\dikarm\Documents\Server\OCR-FOTO-P3STE\OCR_Foto_Timemark_App\04_photos_edited\Tim_1\BTP BD\AXC\ZP 13 MSG\0.jpg"
"SHA256","99883507F4143DB74CD22E2D378FC6D159023245279E4A7AF4AE215349E8F55E","C:\Users\dikarm\Documents\Server\OCR-FOTO-P3STE\OCR_Foto_Timemark_App\04_photos_edited\Tim_1\BTP BD\AXC\ZP 13 MSG\100.jpg"
"SHA256","FB4C228055E4B4B2D9CF8A57466CCEC081B157CB139E1370432770793CF16A03","C:\Users\dikarm\Documents\Server\OCR-FOTO-P3STE\OCR_Foto_Timemark_App\04_photos_edited\Tim_1\BTP BD\AXC\ZP 13 MSG\50.jpg"
"SHA256","FD9BCEF79F854AD83C86A6D5CC7CEFB23991D71EC643EFFFA76EA2589C13F9EB","C:\Users\dikarm\Documents\Server\OCR-FOTO-P3STE\OCR_Foto_Timemark_App\04_photos_edited\Tim_1\BTP BD\AXC\ZP 14A BTT\0.jpg"
"SHA256","28BEA62CA078306EC2D342870698BB713F595E349B859CA727E865BA799B97A1","C:\Users\dikarm\Documents\Server\OCR-FOTO-P3STE\OCR_Foto_Timemark_App\04_photos_edited\Tim_1\BTP BD\AXC\ZP 14A BTT\100.jpg"
"SHA256","146A63593E6E8D85F84B80F17382C1B3999389A2F249F8AAAD490162D4CABD04","C:\Users\dikarm\Documents\Server\OCR-FOTO-P3STE\OCR_Foto_Timemark_App\04_photos_edited\Tim_1\BTP BD\AXC\ZP 14A BTT\50.jpg"
"SHA256","5EAFBD22D37B3541A35FC623A01C57EC457B40A055084BC324F532CFAFDF9F31","C:\Users\dikarm\Documents\Server\OCR-FOTO-P3STE\OCR_Foto_Timemark_App\04_photos_edited\Tim_1\BTP BD\AXC\ZP 14A MSG\0.jpg"
"SHA256","C993109DA76BECF85A383BC4601EE2D148ED8D1D7E7293ED2E31A80420300A89","C:\Users\dikarm\Documents\Server\OCR-FOTO-P3STE\OCR_Foto_Timemark_App\04_photos_edited\Tim_1\BTP BD\AXC\ZP 14A MSG\100.jpg"
"SHA256","1B6092AEF5BD42606DF7110AE64AE0B3D2C841C21D6A97B1F1B5A212C3FE030D","C:\Users\dikarm\Documents\Server\OCR-FOTO-P3STE\OCR_Foto_Timemark_App\04_photos_edited\Tim_1\BTP BD\AXC\ZP 14A MSG\50.jpg"
"SHA256","40AE9DBB5E163AC1BE138EAB21CC16DDEC143C9ACCCE475D1EFB270E9C5F286E","C:\Users\dikarm\Documents\Server\OCR-FOTO-P3STE\OCR_Foto_Timemark_App\04_photos_edited\Tim_1\BTP BD\AXC\ZP 14B BTT-MSG\0.jpg"
"SHA256","B6D22EF9F9372A84DB3053CD39CD39F99683189B27579340EF09358FAD41C17B","C:\Users\dikarm\Documents\Server\OCR-FOTO-P3STE\OCR_Foto_Timemark_App\04_photos_edited\Tim_1\BTP BD\AXC\ZP 14B BTT-MSG\100.jpg"
"SHA256","E0E082C1D634B56D1DD57016EE6FD6F83446BE1AB4E0B7284E633C8324646C58","C:\Users\dikarm\Documents\Server\OCR-FOTO-P3STE\OCR_Foto_Timemark_App\04_photos_edited\Tim_1\BTP BD\AXC\ZP 14B BTT-MSG\50.jpg"
"SHA256","041B0DE0B91D22413FE3B78FB7C62CFAE3BEB159CA353708E733F1B1C6168FF4","C:\Users\dikarm\Documents\Server\OCR-FOTO-P3STE\OCR_Foto_Timemark_App\04_photos_edited\Tim_1\BTP BD\AXC\ZP 14B MSG\0.jpg"
"SHA256","6C7B49C78D6FC722ABB572E5C761C4A96C8FB2935FBCFC5FC2D5FC6B1ABF487E","C:\Users\dikarm\Documents\Server\OCR-FOTO-P3STE\OCR_Foto_Timemark_App\04_photos_edited\Tim_1\BTP BD\AXC\ZP 14B MSG\100.jpg"
"SHA256","6468B780CCA6C14B92769C3D282D96DDF5C1892D49D0E3E4A8B936E504ABA19D","C:\Users\dikarm\Documents\Server\OCR-FOTO-P3STE\OCR_Foto_Timemark_App\04_photos_edited\Tim_1\BTP BD\AXC\ZP 14B MSG\50.jpg"
"SHA256","D433B642129E6D3FFBA7AC2E14F5B8C859F0ECE519C10ECFD1264628F80855C7","C:\Users\dikarm\Documents\Server\OCR-FOTO-P3STE\OCR_Foto_Timemark_App\04_photos_edited\Tim_1\BTP BD\AXC\ZP 14C CCR-MSG\0.jpg"
"SHA256","172AF5A4F6A2BFE0DD3BDB5786B18B64A92DE1B37E74E0F810FE5D3D134A691B","C:\Users\dikarm\Documents\Server\OCR-FOTO-P3STE\OCR_Foto_Timemark_App\04_photos_edited\Tim_1\BTP BD\AXC\ZP 14C CCR-MSG\100.jpg"
"SHA256","7B177E7BF832F9B1BFEB49FF0C191119A39FB3B5C37B7E4612F205404F9786D0","C:\Users\dikarm\Documents\Server\OCR-FOTO-P3STE\OCR_Foto_Timemark_App\04_photos_edited\Tim_1\BTP BD\AXC\ZP 14C CCR-MSG\50.jpg"
"SHA256","3CF85AC5DC69D4012DDAD86CC5B6FA47719919F39DAEDB2541BA56F9F43328BD","C:\Users\dikarm\Documents\Server\OCR-FOTO-P3STE\OCR_Foto_Timemark_App\04_photos_edited\Tim_1\BTP BD\AXC\ZP 201A CCR-MSG\0.jpg"
"SHA256","9725AD8ED128FB328AF395BE966C31EA94921806F8A01C83ABD819D48247564A","C:\Users\dikarm\Documents\Server\OCR-FOTO-P3STE\OCR_Foto_Timemark_App\04_photos_edited\Tim_1\BTP BD\AXC\ZP 201A CCR-MSG\100.jpg"
"SHA256","A2072EA06C54E16699F4D05CABA2955623290F2E1590012E5F7B2C6EFA897D49","C:\Users\dikarm\Documents\Server\OCR-FOTO-P3STE\OCR_Foto_Timemark_App\04_photos_edited\Tim_1\BTP BD\AXC\ZP 201A CCR-MSG\50.jpg"
"SHA256","1C82370FEDB5224E75824899DA6AA7B7447224C5D59FA7D739E121C366F4236B","C:\Users\dikarm\Documents\Server\OCR-FOTO-P3STE\OCR_Foto_Timemark_App\04_photos_edited\Tim_1\BTP BD\AXC\ZP 201A MSG-BTT\0.jpg"
"SHA256","50D8AE7A836F99FBD7917F3888C20E5411DB6BEE2469D261E4C15FAD531D54C8","C:\Users\dikarm\Documents\Server\OCR-FOTO-P3STE\OCR_Foto_Timemark_App\04_photos_edited\Tim_1\BTP BD\AXC\ZP 201A MSG-BTT\100.jpg"
"SHA256","2B8814D37EF2B59B82BCDD29356196FAED0DB9B9F948B8ACDB2CF32342CB8353","C:\Users\dikarm\Documents\Server\OCR-FOTO-P3STE\OCR_Foto_Timemark_App\04_photos_edited\Tim_1\BTP BD\AXC\ZP 201A MSG-BTT\50.jpg"
"SHA256","DBABB71CA02F0B4868A05A4285DACD8EEA6E3DE34F82DC8636141F6EF6CFF808","C:\Users\dikarm\Documents\Server\OCR-FOTO-P3STE\OCR_Foto_Timemark_App\04_photos_edited\Tim_1\BTP BD\AXC\ZP 201B CCR-MSG\0.jpg"
"SHA256","B9E73CD9FC930787523FC732E8634FB90628E426107B6657A5D16CF724D2C6FD","C:\Users\dikarm\Documents\Server\OCR-FOTO-P3STE\OCR_Foto_Timemark_App\04_photos_edited\Tim_1\BTP BD\AXC\ZP 201B CCR-MSG\100.jpg"
"SHA256","FF7DD353D8CF1CDAD8E8050D71597CF6EAC4FD6C54DC6936BBB0CB808887C8F7","C:\Users\dikarm\Documents\Server\OCR-FOTO-P3STE\OCR_Foto_Timemark_App\04_photos_edited\Tim_1\BTP BD\AXC\ZP 201B CCR-MSG\50.jpg"
"SHA256","26010D2200A838E3FF19C839E3ACC2C5F90F43BD9462B8465BAA084F41B349DC","C:\Users\dikarm\Documents\Server\OCR-FOTO-P3STE\OCR_Foto_Timemark_App\04_photos_edited\Tim_1\BTP BD\AXC\ZP 201B MSG-BTT\0.jpg"
"SHA256","E2A1E310A362B578B0CFD66DBFEFAFB1742069B15B93C8A068293BDF7A67B150","C:\Users\dikarm\Documents\Server\OCR-FOTO-P3STE\OCR_Foto_Timemark_App\04_photos_edited\Tim_1\BTP BD\AXC\ZP 201B MSG-BTT\100.jpg"
"SHA256","1C5E172264D6E08C2A6E5AA5E3CEAED2211FD527BA497C6F97C6A0320876B9BE","C:\Users\dikarm\Documents\Server\OCR-FOTO-P3STE\OCR_Foto_Timemark_App\04_photos_edited\Tim_1\BTP BD\AXC\ZP 201B MSG-BTT\50.jpg"
"SHA256","EEE4A1057127B9BB0A6E20356B36CAFB6AB101BBF4BB319839B6184766E615FD","C:\Users\dikarm\Documents\Server\OCR-FOTO-P3STE\OCR_Foto_Timemark_App\04_photos_edited\Tim_1\BTP BD\AXC\ZP 20A BTT-BOP\0.jpg"
"SHA256","B000E9B6887CBEEE38DD394981316EE49079C355D600C53EABAF257E528A1F1F","C:\Users\dikarm\Documents\Server\OCR-FOTO-P3STE\OCR_Foto_Timemark_App\04_photos_edited\Tim_1\BTP BD\AXC\ZP 20A BTT-BOP\100.jpg"
"SHA256","76F59DBF716B194FF88DCFB83EE25390E306AF3E68F44253114E57CA149C8183","C:\Users\dikarm\Documents\Server\OCR-FOTO-P3STE\OCR_Foto_Timemark_App\04_photos_edited\Tim_1\BTP BD\AXC\ZP 20A BTT-BOP\50.jpg"
"SHA256","399942F74A83A3EFBD271ACE6A0D7A510BA41C41440063331EBE4B496F00CF23","C:\Users\dikarm\Documents\Server\OCR-FOTO-P3STE\OCR_Foto_Timemark_App\04_photos_edited\Tim_1\BTP BD\AXC\ZP 20A BTT-MSG\0.jpg"
"SHA256","3387B00274750073FC0B3397FF931098188B566D7C1F6C71053D762AC1A9F5E2","C:\Users\dikarm\Documents\Server\OCR-FOTO-P3STE\OCR_Foto_Timemark_App\04_photos_edited\Tim_1\BTP BD\AXC\ZP 20A BTT-MSG\100.jpg"
"SHA256","E91C4D3A01E4D25365579F4542C5D138522875BAAF886F86684D72CC58C25E4D","C:\Users\dikarm\Documents\Server\OCR-FOTO-P3STE\OCR_Foto_Timemark_App\04_photos_edited\Tim_1\BTP BD\AXC\ZP 20A BTT-MSG\50.jpg"
"SHA256","F8310D4A3D0E507CC4D6D52F60C2F798572C36F0BDF343214D3C2023402607ED","C:\Users\dikarm\Documents\Server\OCR-FOTO-P3STE\OCR_Foto_Timemark_App\04_photos_edited\Tim_1\BTP BD\AXC\ZP 20B BTT\0.jpg"
"SHA256","797FA90CBAEE9C4E99E24C311AA3B391CB8721DFB4EBF7B69A5CA22AE00AE076","C:\Users\dikarm\Documents\Server\OCR-FOTO-P3STE\OCR_Foto_Timemark_App\04_photos_edited\Tim_1\BTP BD\AXC\ZP 20B BTT\100.jpg"
"SHA256","7C6C79DF315DE979E9C15F109A9734D502B338656FA3C554DBBABEF82929089C","C:\Users\dikarm\Documents\Server\OCR-FOTO-P3STE\OCR_Foto_Timemark_App\04_photos_edited\Tim_1\BTP BD\AXC\ZP 20B BTT\50.jpg"
"SHA256","8077461B75841CBDBAE2895A8892CC3AB36524192CBEF3FBAB62B1A425E8F969","C:\Users\dikarm\Documents\Server\OCR-FOTO-P3STE\OCR_Foto_Timemark_App\04_photos_edited\Tim_1\BTP BD\AXC\ZP 20B MSG\0.jpg"
"SHA256","F498F1710680BD4B1C6B6F0CA9E6CFC92FB3520DEF659B5E9BDCFEE5581FCAAE","C:\Users\dikarm\Documents\Server\OCR-FOTO-P3STE\OCR_Foto_Timemark_App\04_photos_edited\Tim_1\BTP BD\AXC\ZP 20B MSG\100.jpg"
"SHA256","DC093A9515C52CEB7611E9BAE59DE66FED04FAF3FD8238F6D576EF3DBB946331","C:\Users\dikarm\Documents\Server\OCR-FOTO-P3STE\OCR_Foto_Timemark_App\04_photos_edited\Tim_1\BTP BD\AXC\ZP 20B MSG\50.jpg"
"SHA256","4FF0A1720315CB08BEF9EC062A7FEF54FE875613E4F39C0AADE4919E524293E1","C:\Users\dikarm\Documents\Server\OCR-FOTO-P3STE\OCR_Foto_Timemark_App\04_photos_edited\Tim_1\BTP BD\AXC\ZP 20C MSG\0.jpg"
"SHA256","4CEE3F7AEE0A688EB02451A03E67E0C6CF669266A31280DFEDE1240CF48A8FAD","C:\Users\dikarm\Documents\Server\OCR-FOTO-P3STE\OCR_Foto_Timemark_App\04_photos_edited\Tim_1\BTP BD\AXC\ZP 20C MSG\100.jpg"
"SHA256","20A62D33F3EDC906B75435029ECC6AB0DCA1CEBC4B063DB7E75103890499427B","C:\Users\dikarm\Documents\Server\OCR-FOTO-P3STE\OCR_Foto_Timemark_App\04_photos_edited\Tim_1\BTP BD\AXC\ZP 20C MSG\50.jpg"
"SHA256","8843F2C22EC9FB1D8622173669F2E0341CD7CE915886096F4CBBC6A0616ADC55","C:\Users\dikarm\Documents\Server\OCR-FOTO-P3STE\OCR_Foto_Timemark_App\04_photos_edited\Tim_1\BTP BD\AXC\ZP 22A BTT\0.jpg"
"SHA256","C4707ABB6BFD15F9FD38B8B3EDA26218BAA9636A36762A1D76381B896546F1C6","C:\Users\dikarm\Documents\Server\OCR-FOTO-P3STE\OCR_Foto_Timemark_App\04_photos_edited\Tim_1\BTP BD\AXC\ZP 22A BTT\100.jpg"
"SHA256","E0618CC324465ECA6B5F62674735E2B5535AFAE62C31F486E2512B3DF44603C1","C:\Users\dikarm\Documents\Server\OCR-FOTO-P3STE\OCR_Foto_Timemark_App\04_photos_edited\Tim_1\BTP BD\AXC\ZP 22A BTT\50.jpg"
"SHA256","866109DAB1EEDD1F2F13F3B853153222D99C4E402ABFACBC01C13BE55C82467D","C:\Users\dikarm\Documents\Server\OCR-FOTO-P3STE\OCR_Foto_Timemark_App\04_photos_edited\Tim_1\BTP BD\AXC\ZP 22A MSG\0.jpg"
"SHA256","35631DA8A2EE2C4D8C9666ECDCA45D8621A65F901C6B50482F5B8E3014B2F347","C:\Users\dikarm\Documents\Server\OCR-FOTO-P3STE\OCR_Foto_Timemark_App\04_photos_edited\Tim_1\BTP BD\AXC\ZP 22A MSG\100.jpg"
"SHA256","7E4EE397277283B6EE17D32F3A9780349F2F9E2AA0755B99D091948DB491C3B1","C:\Users\dikarm\Documents\Server\OCR-FOTO-P3STE\OCR_Foto_Timemark_App\04_photos_edited\Tim_1\BTP BD\AXC\ZP 22A MSG\50.jpg"
"SHA256","96D31A0BB2493A47FB2EC09FF19A1761B09D9F8ECF39041F7AC24713AC858196","C:\Users\dikarm\Documents\Server\OCR-FOTO-P3STE\OCR_Foto_Timemark_App\04_photos_edited\Tim_1\BTP BD\AXC\ZP 22B BTT\0.jpg"
"SHA256","C837B6A9F55A881400024F473A20F5C2401BBC02448B78259B4A09A40BFB1A00","C:\Users\dikarm\Documents\Server\OCR-FOTO-P3STE\OCR_Foto_Timemark_App\04_photos_edited\Tim_1\BTP BD\AXC\ZP 22B BTT\100.jpg"
"SHA256","A6EBEB52107CD8EF85AA6517DC5D6E748AA31608266A6139AC1CB9DCBCD25F73","C:\Users\dikarm\Documents\Server\OCR-FOTO-P3STE\OCR_Foto_Timemark_App\04_photos_edited\Tim_1\BTP BD\AXC\ZP 22B BTT\50.jpg"
"SHA256","321F72CBCEFB8699F485A0034D510D57E4C9611A7A8FF11E1FBF737A247280B5","C:\Users\dikarm\Documents\Server\OCR-FOTO-P3STE\OCR_Foto_Timemark_App\04_photos_edited\Tim_1\BTP BD\AXC\ZP 22B MSG\0.jpg"
"SHA256","B2F4D9A201AEB0E308E692A7D048290B847E98CF2A09B97FE04BC33932B32CE8","C:\Users\dikarm\Documents\Server\OCR-FOTO-P3STE\OCR_Foto_Timemark_App\04_photos_edited\Tim_1\BTP BD\AXC\ZP 22B MSG\100.jpg"
"SHA256","E25A8D100BA8687EC287A7CD385A4B96CA9CA40EBDF0B4D739B1E6188631A45B","C:\Users\dikarm\Documents\Server\OCR-FOTO-P3STE\OCR_Foto_Timemark_App\04_photos_edited\Tim_1\BTP BD\AXC\ZP 22B MSG\50.jpg"
"SHA256","1974EB08DBAD8D352EE017E509AECA70FDCCC6E5B5AB7CCBAD7A22B08CABE905","C:\Users\dikarm\Documents\Server\OCR-FOTO-P3STE\OCR_Foto_Timemark_App\04_photos_edited\Tim_1\BTP BD\AXC\ZP 24A BTT\0.jpg"
"SHA256","D089F9D5BE3EBC44CACC160DDB526C301C4BBEFB96E9F6D6A8F1EBCEAEAD9064","C:\Users\dikarm\Documents\Server\OCR-FOTO-P3STE\OCR_Foto_Timemark_App\04_photos_edited\Tim_1\BTP BD\AXC\ZP 24A BTT\100.jpg"
"SHA256","CE8979435BEF960E452DD143D6B017A917CE14DCFE0FDC7EEBB926C87A012650","C:\Users\dikarm\Documents\Server\OCR-FOTO-P3STE\OCR_Foto_Timemark_App\04_photos_edited\Tim_1\BTP BD\AXC\ZP 24A BTT\50.jpg"
"SHA256","5DFEF19A68AF9FBA297BB34ABC530D43DC107F2A5F7EA73C98D7CE8FB0355AE1","C:\Users\dikarm\Documents\Server\OCR-FOTO-P3STE\OCR_Foto_Timemark_App\04_photos_edited\Tim_1\BTP BD\AXC\ZP 24A MSG\0.jpg"
"SHA256","A12008744C95BE7FEE116B49FC5418455350727F107038D3C56DAE3B4CEF9EAF","C:\Users\dikarm\Documents\Server\OCR-FOTO-P3STE\OCR_Foto_Timemark_App\04_photos_edited\Tim_1\BTP BD\AXC\ZP 24A MSG\100.jpg"
"SHA256","E86010EED60D9F22BEFE2B14926B97C4557E6082D51E8F8DB3876AD7B8C3F738","C:\Users\dikarm\Documents\Server\OCR-FOTO-P3STE\OCR_Foto_Timemark_App\04_photos_edited\Tim_1\BTP BD\AXC\ZP 24A MSG\50.jpg"
"SHA256","8916510C7A36ED173D30689D0E98833CF3D90D0EC92F91AE8AB2A9902A526DCB","C:\Users\dikarm\Documents\Server\OCR-FOTO-P3STE\OCR_Foto_Timemark_App\04_photos_edited\Tim_1\BTP BD\AXC\ZP 24B MSG\0.jpg"
"SHA256","5AA1711BC688283371ABC3568FB20D12F3FF98B288A83E29EE1BC18E1B37A415","C:\Users\dikarm\Documents\Server\OCR-FOTO-P3STE\OCR_Foto_Timemark_App\04_photos_edited\Tim_1\BTP BD\AXC\ZP 24B MSG\100.jpg"
"SHA256","010BA1906F789C52F72BC6A061F84990C30F7DF6F866C288BC4007B5518241B4","C:\Users\dikarm\Documents\Server\OCR-FOTO-P3STE\OCR_Foto_Timemark_App\04_photos_edited\Tim_1\BTP BD\AXC\ZP 24B MSG\50.jpg"
"SHA256","A3D5CA71189C3C6F714A9A407712907AD1322EAC27A89412093AE8638E852654","C:\Users\dikarm\Documents\Server\OCR-FOTO-P3STE\OCR_Foto_Timemark_App\04_photos_edited\Tim_1\BTP BD\AXC\ZP 24B MSG-BTT\0.jpg"
"SHA256","0449B068A6162BD267E8BEB3710EAA78D1A22097143ED64632737E867EDC25E4","C:\Users\dikarm\Documents\Server\OCR-FOTO-P3STE\OCR_Foto_Timemark_App\04_photos_edited\Tim_1\BTP BD\AXC\ZP 24B MSG-BTT\100.jpg"
"SHA256","3B45DD052489949013661DC9AC1CEF72050C4E770AAC6D11867F0E3F6BC99C50","C:\Users\dikarm\Documents\Server\OCR-FOTO-P3STE\OCR_Foto_Timemark_App\04_photos_edited\Tim_1\BTP BD\AXC\ZP 24B MSG-BTT\50.jpg"
"SHA256","F094836F169E92951C90FF525B3D569C36593654C3C5B515F2A3002F62D7E1AB","C:\Users\dikarm\Documents\Server\OCR-FOTO-P3STE\OCR_Foto_Timemark_App\04_photos_edited\Tim_1\BTP BD\AXC\ZP 24C CCR-MSG\0.jpg"
"SHA256","BA0B35E80424C0A065D141B2D12C2A1643B9B759A5724E90E40146720C083B42","C:\Users\dikarm\Documents\Server\OCR-FOTO-P3STE\OCR_Foto_Timemark_App\04_photos_edited\Tim_1\BTP BD\AXC\ZP 24C CCR-MSG\100.jpg"
"SHA256","69613D6792D2943426D3D0E6CD1831C21C927629DED936C6DDF354901910009C","C:\Users\dikarm\Documents\Server\OCR-FOTO-P3STE\OCR_Foto_Timemark_App\04_photos_edited\Tim_1\BTP BD\AXC\ZP 24C CCR-MSG\50.jpg"
"SHA256","FA718FF3B40517906FF1F1C509614E9AB748E8A4329A7FF8E92A406CD2C8033B","C:\Users\dikarm\Documents\Server\OCR-FOTO-P3STE\OCR_Foto_Timemark_App\04_photos_edited\Tim_1\BTP BD\AXC\ZP 25 BOP\0.jpg"
"SHA256","632F6A1DC78729BE7772B7DA624C5B48DA0450A89E1451CF74C8BDBC30C65E09","C:\Users\dikarm\Documents\Server\OCR-FOTO-P3STE\OCR_Foto_Timemark_App\04_photos_edited\Tim_1\BTP BD\AXC\ZP 25 BOP\100.jpg"
"SHA256","438A661CD57C3FA47CD5171D19F395794F9BA1540F86F362A58F1DD8E742F870","C:\Users\dikarm\Documents\Server\OCR-FOTO-P3STE\OCR_Foto_Timemark_App\04_photos_edited\Tim_1\BTP BD\AXC\ZP 25 BOP\50.jpg"
"SHA256","0BE55D96D25E0A68A94CDE1905917F7068D9CF248551A2B0595C3F95CE294F5D","C:\Users\dikarm\Documents\Server\OCR-FOTO-P3STE\OCR_Foto_Timemark_App\04_photos_edited\Tim_1\BTP BD\AXC\ZP 26A BOP\0.jpg"
"SHA256","B8CAF3CC005C8079CEEB7800C766A8AAE1C64B3896F20D9D16F651E873BAB811","C:\Users\dikarm\Documents\Server\OCR-FOTO-P3STE\OCR_Foto_Timemark_App\04_photos_edited\Tim_1\BTP BD\AXC\ZP 26A BOP\100.jpg"
"SHA256","241877F89840CB7950CC7E9FEA0855E010E1DED3C1DE397919A0EEA9EE1D864F","C:\Users\dikarm\Documents\Server\OCR-FOTO-P3STE\OCR_Foto_Timemark_App\04_photos_edited\Tim_1\BTP BD\AXC\ZP 26A BOP\50.jpg"
"SHA256","BD6D0B0CC0D6338DC1E94E04BD836FA5192F63BB1BF5A2A541DA1991086CD1CB","C:\Users\dikarm\Documents\Server\OCR-FOTO-P3STE\OCR_Foto_Timemark_App\04_photos_edited\Tim_1\BTP BD\AXC\ZP 26B BOP\0.jpg"
"SHA256","6F8730704DA3FA275421A36A8635CECA166C90E00F55E5AD7CB1C4040F6F38EC","C:\Users\dikarm\Documents\Server\OCR-FOTO-P3STE\OCR_Foto_Timemark_App\04_photos_edited\Tim_1\BTP BD\AXC\ZP 26B BOP\100.jpg"
"SHA256","29052D53E4555AC05D58A316788EB3FDF4DC90C38FD1317F7C31AD97D12932F4","C:\Users\dikarm\Documents\Server\OCR-FOTO-P3STE\OCR_Foto_Timemark_App\04_photos_edited\Tim_1\BTP BD\AXC\ZP 26B BOP\50.jpg"
"SHA256","9EFC37B5DD8EF4425CEF531C06068B82F5B397AAD7F79B1AEC8433AB105ECA26","C:\Users\dikarm\Documents\Server\OCR-FOTO-P3STE\OCR_Foto_Timemark_App\04_photos_edited\Tim_1\BTP BD\AXC\ZP 26C BOP\0.jpg"
"SHA256","8196B49270A6D585EED819D04D6156486C28B80686AF4D7D601C12F9E649348F","C:\Users\dikarm\Documents\Server\OCR-FOTO-P3STE\OCR_Foto_Timemark_App\04_photos_edited\Tim_1\BTP BD\AXC\ZP 26C BOP\100.jpg"
"SHA256","CBCBA8FBC27C56329771E23FAF223729795566EA94500B2F8FB893606C12A08E","C:\Users\dikarm\Documents\Server\OCR-FOTO-P3STE\OCR_Foto_Timemark_App\04_photos_edited\Tim_1\BTP BD\AXC\ZP 26C BOP\50.jpg"
"SHA256","7A47D7D85E95FD37A6024ECCCE13568D02AF82554128DA52EC36817D218FBE3E","C:\Users\dikarm\Documents\Server\OCR-FOTO-P3STE\OCR_Foto_Timemark_App\04_photos_edited\Tim_1\BTP BD\AXC\ZP 27A BOP\0.jpg"
"SHA256","9E969009186928320734120730D933F0BA62D726BA31EC57B2CF95F71E1EC87E","C:\Users\dikarm\Documents\Server\OCR-FOTO-P3STE\OCR_Foto_Timemark_App\04_photos_edited\Tim_1\BTP BD\AXC\ZP 27A BOP\100.jpg"
"SHA256","165D52DE58FE6BB4EBA78A193FAD500278E338DDA283CA2C18FCE4F0D2A182F1","C:\Users\dikarm\Documents\Server\OCR-FOTO-P3STE\OCR_Foto_Timemark_App\04_photos_edited\Tim_1\BTP BD\AXC\ZP 27A BOP\50.jpg"
"SHA256","3EEDEE0A19C6B4644D150DFD4721052853B154D5B5769A51FB000058007A49D8","C:\Users\dikarm\Documents\Server\OCR-FOTO-P3STE\OCR_Foto_Timemark_App\04_photos_edited\Tim_1\BTP BD\AXC\ZP 27B BOP\0.jpg"
"SHA256","D414D8F05E308A88E9D31C653A9B5401F8743B35657B6C52A95540DC2A8BC333","C:\Users\dikarm\Documents\Server\OCR-FOTO-P3STE\OCR_Foto_Timemark_App\04_photos_edited\Tim_1\BTP BD\AXC\ZP 27B BOP\100.jpg"
"SHA256","B42519FF6AFFE2AC0E0AACFADF3B673972013224F8E1D18BFFCEC537A67860B1","C:\Users\dikarm\Documents\Server\OCR-FOTO-P3STE\OCR_Foto_Timemark_App\04_photos_edited\Tim_1\BTP BD\AXC\ZP 27B BOP\50.jpg"
"SHA256","BAF7FB49CBD41C1CD4E9CA9971A2D71480AC973D229F4A6A0DAD6CDB401AAE4B","C:\Users\dikarm\Documents\Server\OCR-FOTO-P3STE\OCR_Foto_Timemark_App\04_photos_edited\Tim_1\BTP BD\AXC\ZP 27C BOP\0.jpg"
"SHA256","D100D77D1EB6D704CE3E50231F1D73F9BB7B41D7CC561B485BEEDDB58930E2FE","C:\Users\dikarm\Documents\Server\OCR-FOTO-P3STE\OCR_Foto_Timemark_App\04_photos_edited\Tim_1\BTP BD\AXC\ZP 27C BOP\100.jpg"
"SHA256","F601ED760F511FE1F92BCEBEE5D88C31609309DEBA81F3F955AC3D4201C332E9","C:\Users\dikarm\Documents\Server\OCR-FOTO-P3STE\OCR_Foto_Timemark_App\04_photos_edited\Tim_1\BTP BD\AXC\ZP 27C BOP\50.jpg"
"SHA256","3FB13E908818E44FBDC25F29A3F3B74D9C2105A2100453EE639C87C29001EACD","C:\Users\dikarm\Documents\Server\OCR-FOTO-P3STE\OCR_Foto_Timemark_App\04_photos_edited\Tim_1\BTP BD\AXC\ZP 28A BOP\0.jpg"
"SHA256","3D9F8F78EDCF9B8E1F8F29EFAAD551C5AF3203F47F724B9100A83C1DBAE58D16","C:\Users\dikarm\Documents\Server\OCR-FOTO-P3STE\OCR_Foto_Timemark_App\04_photos_edited\Tim_1\BTP BD\AXC\ZP 28A BOP\100.jpg"
"SHA256","0D98E2CC3C0D1EFF5B11D1788121852BEEBAE752E7D9DC1D0F0F4A97CE3ED4EC","C:\Users\dikarm\Documents\Server\OCR-FOTO-P3STE\OCR_Foto_Timemark_App\04_photos_edited\Tim_1\BTP BD\AXC\ZP 28A BOP\50.jpg"
"SHA256","F75FB541C4EEF6F860803D48F6211CA98B711DC45202FBE99F3A404F6FD6F4DA","C:\Users\dikarm\Documents\Server\OCR-FOTO-P3STE\OCR_Foto_Timemark_App\04_photos_edited\Tim_1\BTP BD\AXC\ZP 28B BOP\0.jpg"
"SHA256","B9769FEAA493F3AF9457D683E13745E2CF4A698541F9525C1B1B6DBE8E7BCF53","C:\Users\dikarm\Documents\Server\OCR-FOTO-P3STE\OCR_Foto_Timemark_App\04_photos_edited\Tim_1\BTP BD\AXC\ZP 28B BOP\100.jpg"
"SHA256","CE724DF96999F775FD6F6F53369EC93C8D952A8EEBE7419B143E02D07BA775E5","C:\Users\dikarm\Documents\Server\OCR-FOTO-P3STE\OCR_Foto_Timemark_App\04_photos_edited\Tim_1\BTP BD\AXC\ZP 28B BOP\50.jpg"
"SHA256","A2440EA81D6FD54E904932AD138B5C3C3D77EC1C53EB6AEAA60FDD6959CA70BE","C:\Users\dikarm\Documents\Server\OCR-FOTO-P3STE\OCR_Foto_Timemark_App\04_photos_edited\Tim_1\BTP BD\AXC\ZP 28C BTT-BOP\0.jpg"
"SHA256","D2E50DF78167F683E5D70FBE2F86F1CD2D60B6A0196561DA9B5C355F07B36E6F","C:\Users\dikarm\Documents\Server\OCR-FOTO-P3STE\OCR_Foto_Timemark_App\04_photos_edited\Tim_1\BTP BD\AXC\ZP 28C BTT-BOP\100.jpg"
"SHA256","B6773DDAE3D69D7ED2F4ADF48E076AD62BBE2E7C592CA8DE83AD29E563F2DD18","C:\Users\dikarm\Documents\Server\OCR-FOTO-P3STE\OCR_Foto_Timemark_App\04_photos_edited\Tim_1\BTP BD\AXC\ZP 28C BTT-BOP\50.jpg"
"SHA256","1AC73722101744AF163140F997B2AB55079161D91684E6DF5F8F829CA2639027","C:\Users\dikarm\Documents\Server\OCR-FOTO-P3STE\OCR_Foto_Timemark_App\04_photos_edited\Tim_1\BTP BD\AXC\ZP 46A BOP\0.jpg"
"SHA256","8DFD7392C83E8FE3EF7C4E192B9C21C47C7743F0DA691A7E6A1826DAB40E2FC5","C:\Users\dikarm\Documents\Server\OCR-FOTO-P3STE\OCR_Foto_Timemark_App\04_photos_edited\Tim_1\BTP BD\AXC\ZP 46A BOP\100.jpg"
"SHA256","4F8E99FF7182B2906D16D76BA8528216BFF67C93B5F45CA411F7F912DC87D36A","C:\Users\dikarm\Documents\Server\OCR-FOTO-P3STE\OCR_Foto_Timemark_App\04_photos_edited\Tim_1\BTP BD\AXC\ZP 46A BOP\50.jpg"
"SHA256","E4FD61EF4AA39B97F34F4A44E77C56451E817E0C0451D7A19120C12C110EDD34","C:\Users\dikarm\Documents\Server\OCR-FOTO-P3STE\OCR_Foto_Timemark_App\04_photos_edited\Tim_1\BTP BD\AXC\ZP 46B BOP\0.jpg"
"SHA256","C92598C1F63EAFEE465E7D3B4EBDD5A7203DE169E953D7C4E1AEDAD8AC49B35D","C:\Users\dikarm\Documents\Server\OCR-FOTO-P3STE\OCR_Foto_Timemark_App\04_photos_edited\Tim_1\BTP BD\AXC\ZP 46B BOP\100.jpg"
"SHA256","8C372BF86393D068DA29F23EAF2746CAC3B15B720B24BA10615A0F525C25256D","C:\Users\dikarm\Documents\Server\OCR-FOTO-P3STE\OCR_Foto_Timemark_App\04_photos_edited\Tim_1\BTP BD\AXC\ZP 46B BOP\50.jpg"
"SHA256","746451FAF58241B0FEDC29D267DA7377CE356AE8795233DC4859C8184AB148F4","C:\Users\dikarm\Documents\Server\OCR-FOTO-P3STE\OCR_Foto_Timemark_App\04_photos_edited\Tim_1\BTP BD\AXC\ZP 47A BOP\0.jpg"
"SHA256","5284FA4696B09504B3313CEE7AA5B28E8A5ED4D9A3099ECB1876EC35E2B837D6","C:\Users\dikarm\Documents\Server\OCR-FOTO-P3STE\OCR_Foto_Timemark_App\04_photos_edited\Tim_1\BTP BD\AXC\ZP 47A BOP\100.jpg"
"SHA256","C725FC02E2578F10DF9F17D605C6F9B0B985DF5D28D6C6046A4AA32688F2E0EE","C:\Users\dikarm\Documents\Server\OCR-FOTO-P3STE\OCR_Foto_Timemark_App\04_photos_edited\Tim_1\BTP BD\AXC\ZP 47A BOP\50.jpg"
"SHA256","47B63AD0A72290DE2DF01D2868893990CE20790642BF1AD4F2C73D7E94C9B260","C:\Users\dikarm\Documents\Server\OCR-FOTO-P3STE\OCR_Foto_Timemark_App\04_photos_edited\Tim_1\BTP BD\AXC\ZP 47B BOP\0.jpg"
"SHA256","C838F58BEA0966C0EF5111E2C381CA7A2A1CE17214421FBB02E1842AA7B45E07","C:\Users\dikarm\Documents\Server\OCR-FOTO-P3STE\OCR_Foto_Timemark_App\04_photos_edited\Tim_1\BTP BD\AXC\ZP 47B BOP\100.jpg"
"SHA256","7219166D39F00F921BE460BB79C547C3FCEA5B5769B664188105DA49B16FF6CA","C:\Users\dikarm\Documents\Server\OCR-FOTO-P3STE\OCR_Foto_Timemark_App\04_photos_edited\Tim_1\BTP BD\AXC\ZP 47B BOP\50.jpg"
"SHA256","9540B22AFEA6854244C5E2A526E47FBEE38C432B6E1D92B49B74442A1D44771F","C:\Users\dikarm\Documents\Server\OCR-FOTO-P3STE\OCR_Foto_Timemark_App\04_photos_edited\Tim_1\BTP BD\AXC\ZP 47C BOP\0.jpg"
"SHA256","A823C142A9F8E5504D1E4EF21C3D98333056903F9981AF80B6E0FA344585F9CF","C:\Users\dikarm\Documents\Server\OCR-FOTO-P3STE\OCR_Foto_Timemark_App\04_photos_edited\Tim_1\BTP BD\AXC\ZP 47C BOP\100.jpg"
"SHA256","065BDF14D13A88C28C8AE40857241AA52792CF130A614AC8B77F0554261D1585","C:\Users\dikarm\Documents\Server\OCR-FOTO-P3STE\OCR_Foto_Timemark_App\04_photos_edited\Tim_1\BTP BD\AXC\ZP 47C BOP\50.jpg"
"SHA256","5380076930C0449E29C6514198BEF2F5B8CBBA5B6F2660EB9FDE6AB35FD1C620","C:\Users\dikarm\Documents\Server\OCR-FOTO-P3STE\OCR_Foto_Timemark_App\04_photos_edited\Tim_1\BTP BD\AXC\ZP 47D BOP\0.jpg"
"SHA256","516681811E7A0CE60E136D075785324CA0E7EDF5E83A463DF0FE15A2A0325B95","C:\Users\dikarm\Documents\Server\OCR-FOTO-P3STE\OCR_Foto_Timemark_App\04_photos_edited\Tim_1\BTP BD\AXC\ZP 47D BOP\100.jpg"
"SHA256","F25EE395CD9578E6F521D921F3197BC611DD31162245196543C0AC41B8FAC05B","C:\Users\dikarm\Documents\Server\OCR-FOTO-P3STE\OCR_Foto_Timemark_App\04_photos_edited\Tim_1\BTP BD\AXC\ZP 47D BOP\50.jpg"
"SHA256","0B2F832F44FD7CAEB17F4E1D92A0EC8E9E814BDB1CECF073122C9323590759D2","C:\Users\dikarm\Documents\Server\OCR-FOTO-P3STE\OCR_Foto_Timemark_App\04_photos_edited\Tim_1\BTP BD\AXC\ZP 48A BOP\0.jpg"
"SHA256","E769FC0D9573D117A63E4A1F4836E8C5E262875D3481BCF18B316B3AE2565A5B","C:\Users\dikarm\Documents\Server\OCR-FOTO-P3STE\OCR_Foto_Timemark_App\04_photos_edited\Tim_1\BTP BD\AXC\ZP 48A BOP\100.jpg"
"SHA256","87A714BB9E30FD90D46AFD853D815774287E0F26647DCE54DEFE1611582DF5EC","C:\Users\dikarm\Documents\Server\OCR-FOTO-P3STE\OCR_Foto_Timemark_App\04_photos_edited\Tim_1\BTP BD\AXC\ZP 48A BOP\50.jpg"
"SHA256","A6460D7571D7392194AC69C08EE7852F98E726830C8FA1E9A1EC98052F66E548","C:\Users\dikarm\Documents\Server\OCR-FOTO-P3STE\OCR_Foto_Timemark_App\04_photos_edited\Tim_1\BTP BD\AXC\ZP 48A BOP\meta.json"
"SHA256","9BC82E727965A8B2E479596746715354CAEE5658D94A1CBFC1F78BB149E7CEEB","C:\Users\dikarm\Documents\Server\OCR-FOTO-P3STE\OCR_Foto_Timemark_App\04_photos_edited\Tim_1\BTP BD\AXC\ZP 48B BOP\0.jpg"
"SHA256","E80F0D606B9E64B5ACEC25636ABD6E6C110F27EFBD5EF53F2B3D246683176C54","C:\Users\dikarm\Documents\Server\OCR-FOTO-P3STE\OCR_Foto_Timemark_App\04_photos_edited\Tim_1\BTP BD\AXC\ZP 48B BOP\100.jpg"
"SHA256","C53A7BC599EDF62EBC84CEE87AF2293CA853C14C63BBD018467A8892D0B22ACC","C:\Users\dikarm\Documents\Server\OCR-FOTO-P3STE\OCR_Foto_Timemark_App\04_photos_edited\Tim_1\BTP BD\AXC\ZP 48B BOP\50.jpg"
"SHA256","B477C334CE4BE77C33CF9F1E3B1D235851E8C2A77F7567D4AE77CFF5E66BD294","C:\Users\dikarm\Documents\Server\OCR-FOTO-P3STE\OCR_Foto_Timemark_App\04_photos_edited\Tim_1\BTP BD\AXC\ZP 48B BOP\meta.json"
"SHA256","DBE4C8E4765231454550460E35D56A44D29BDC32A145E00F40B44C9729B9B244","C:\Users\dikarm\Documents\Server\OCR-FOTO-P3STE\OCR_Foto_Timemark_App\04_photos_edited\Tim_1\BTP BD\AXC\ZP 48C BTT-BOP\0.jpg"
"SHA256","81DB86AFFAD09C11D7F8786EEC83E8825F1681D0A18C4BC78665D99EE0CCB5D4","C:\Users\dikarm\Documents\Server\OCR-FOTO-P3STE\OCR_Foto_Timemark_App\04_photos_edited\Tim_1\BTP BD\AXC\ZP 48C BTT-BOP\100.jpg"
"SHA256","9AB7FFCC7A8B793F1AC690D18488B0357B55ED21727E84F1035F0EAC8793FDC4","C:\Users\dikarm\Documents\Server\OCR-FOTO-P3STE\OCR_Foto_Timemark_App\04_photos_edited\Tim_1\BTP BD\AXC\ZP 48C BTT-BOP\50.jpg"
"SHA256","426881382CE4A056F65C8BA5B2EDF572C7FBDC49915E491495D82D3D35508701","C:\Users\dikarm\Documents\Server\OCR-FOTO-P3STE\OCR_Foto_Timemark_App\04_photos_edited\Tim_1\BTP BD\AXC\ZP 66A BOP\0.jpg"
"SHA256","68E19607967759F4D64ADABFFD28F5576206DF39E03776BD3437F170523FE067","C:\Users\dikarm\Documents\Server\OCR-FOTO-P3STE\OCR_Foto_Timemark_App\04_photos_edited\Tim_1\BTP BD\AXC\ZP 66A BOP\100.jpg"
"SHA256","5571BE6F778DFFB75D989813E0FC92702DB875CD6099A474BE2E75646A5D9138","C:\Users\dikarm\Documents\Server\OCR-FOTO-P3STE\OCR_Foto_Timemark_App\04_photos_edited\Tim_1\BTP BD\AXC\ZP 66A BOP\50.jpg"
"SHA256","395E4C9C0F55C314EA5DF02CB49686089D5B862FA66E905113BCCDFB78362577","C:\Users\dikarm\Documents\Server\OCR-FOTO-P3STE\OCR_Foto_Timemark_App\04_photos_edited\Tim_1\BTP BD\AXC\ZP 66B BOP\0.jpg"
"SHA256","53105C3057FA360B32DB18C5F35696A4B540E37C84B3857C90682A7F71D9FF05","C:\Users\dikarm\Documents\Server\OCR-FOTO-P3STE\OCR_Foto_Timemark_App\04_photos_edited\Tim_1\BTP BD\AXC\ZP 66B BOP\100.jpg"
"SHA256","663928CC3B295943241E671347720DE707D3404372E850FE6EE17591ABD7C745","C:\Users\dikarm\Documents\Server\OCR-FOTO-P3STE\OCR_Foto_Timemark_App\04_photos_edited\Tim_1\BTP BD\AXC\ZP 66B BOP\50.jpg"
"SHA256","1104E1B7ED60713B9C6704B558AFBBD3036903584FD826645B4D1C4016504301","C:\Users\dikarm\Documents\Server\OCR-FOTO-P3STE\OCR_Foto_Timemark_App\04_photos_edited\Tim_1\BTP BD\AXC\ZP 68 BOP\0.jpg"
"SHA256","81DE737A37F3FEB7E04C86B3BFB3E759614E6F490B42625E2DD122ED7C3041E2","C:\Users\dikarm\Documents\Server\OCR-FOTO-P3STE\OCR_Foto_Timemark_App\04_photos_edited\Tim_1\BTP BD\AXC\ZP 68 BOP\100.jpg"
"SHA256","147EECA1084E252C987F5C90E730975F036ECE90D5AAADB0B00116B62B92E294","C:\Users\dikarm\Documents\Server\OCR-FOTO-P3STE\OCR_Foto_Timemark_App\04_photos_edited\Tim_1\BTP BD\AXC\ZP 68 BOP\50.jpg"
"SHA256","E376C06DC4B5BE1795DD1C1A169F2CB3328FAAC4A6C93B38909B18B1FC978F00","C:\Users\dikarm\Documents\Server\OCR-FOTO-P3STE\OCR_Foto_Timemark_App\04_photos_edited\Tim_1\BTP BD\CATUDAYA\BOP\0.jpg"
"SHA256","E3EE7A418E14471BEE412A2B3BA6844B192D20691BC954409BC2B9AE4B600826","C:\Users\dikarm\Documents\Server\OCR-FOTO-P3STE\OCR_Foto_Timemark_App\04_photos_edited\Tim_1\BTP BD\CATUDAYA\BOP\100.jpg"
"SHA256","17BC7DBB873DA9B0D65C64099260C107C8BC51DE84ADD7E16724173D3B9F1C36","C:\Users\dikarm\Documents\Server\OCR-FOTO-P3STE\OCR_Foto_Timemark_App\04_photos_edited\Tim_1\BTP BD\CATUDAYA\BOP\50.jpg"
"SHA256","D4D16FAD9D33DD1558E463BFCAAE8E1FCC2777E66FAD84E90E0DA896C99E36D4","C:\Users\dikarm\Documents\Server\OCR-FOTO-P3STE\OCR_Foto_Timemark_App\04_photos_edited\Tim_1\BTP BD\CATUDAYA\BTT\0.jpg"
"SHA256","7B377506F93B07625DC79134DEA64CE1DF7F9994DE25CB3387AC8F1E4869338C","C:\Users\dikarm\Documents\Server\OCR-FOTO-P3STE\OCR_Foto_Timemark_App\04_photos_edited\Tim_1\BTP BD\CATUDAYA\BTT\100.jpg"
"SHA256","C860D6A181AA8F05FC44F897A4156B83E334CB730C9A291AE0F9F5A6DACEFDE5","C:\Users\dikarm\Documents\Server\OCR-FOTO-P3STE\OCR_Foto_Timemark_App\04_photos_edited\Tim_1\BTP BD\CATUDAYA\BTT\50.jpg"
"SHA256","BD1BC09B983EE9EEFC0D2BF8107AB3E3F7A2B92D386C26CB4FFB8B3AD51E8CCB","C:\Users\dikarm\Documents\Server\OCR-FOTO-P3STE\OCR_Foto_Timemark_App\04_photos_edited\Tim_1\BTP BD\CATUDAYA\BTT\meta.json"
"SHA256","F4168C29C5F5AC8BE2AACA0D126630549E1EF28165A759BAA721AE380B58BAC6","C:\Users\dikarm\Documents\Server\OCR-FOTO-P3STE\OCR_Foto_Timemark_App\04_photos_edited\Tim_1\BTP BD\CATUDAYA\CGB\0.jpg"
"SHA256","6843343A41FE15F1289C9CED3FFF11865142B044BAC8CECB2EA5B61C9D5A90B1","C:\Users\dikarm\Documents\Server\OCR-FOTO-P3STE\OCR_Foto_Timemark_App\04_photos_edited\Tim_1\BTP BD\CATUDAYA\CGB\100.jpg"
"SHA256","D2EBED77D0BB07EB0A4AE3B6BD671F47AD86ABB5A08D7C391EE3984B274017C2","C:\Users\dikarm\Documents\Server\OCR-FOTO-P3STE\OCR_Foto_Timemark_App\04_photos_edited\Tim_1\BTP BD\CATUDAYA\CGB\50.jpg"
"SHA256","47764F52BFF31D895FC4E0848D48C215FB1A550EABC69105495B87FA1192F4AF","C:\Users\dikarm\Documents\Server\OCR-FOTO-P3STE\OCR_Foto_Timemark_App\04_photos_edited\Tim_1\BTP BD\CATUDAYA\COS\0.jpg"
"SHA256","F87A2F0C522955EA7AD88313DD8C756C7BBFD45152CFECBC56DD0AA6F480809A","C:\Users\dikarm\Documents\Server\OCR-FOTO-P3STE\OCR_Foto_Timemark_App\04_photos_edited\Tim_1\BTP BD\CATUDAYA\COS\100.jpg"
"SHA256","96C0B9477947B6BAB9F26542EFDC0CEA930B3607A1A98F0741110B7C3DF8C238","C:\Users\dikarm\Documents\Server\OCR-FOTO-P3STE\OCR_Foto_Timemark_App\04_photos_edited\Tim_1\BTP BD\CATUDAYA\COS\50.jpg"
"SHA256","001CBCA5D59F2C11B56EFA5E283C1F6D3D70D57D90375B964491F94889653843","C:\Users\dikarm\Documents\Server\OCR-FOTO-P3STE\OCR_Foto_Timemark_App\04_photos_edited\Tim_1\BTP BD\CATUDAYA\MSG\0.jpg"
"SHA256","593C263341E625EB1A3E5FA4323072C549D862A7D96009ED834FE5B2D41B3C9D","C:\Users\dikarm\Documents\Server\OCR-FOTO-P3STE\OCR_Foto_Timemark_App\04_photos_edited\Tim_1\BTP BD\CATUDAYA\MSG\100.jpg"
"SHA256","E70EA4716F3CCD591D33C7E7D3F8DD565F06B8EB53519804273DD6175557F03F","C:\Users\dikarm\Documents\Server\OCR-FOTO-P3STE\OCR_Foto_Timemark_App\04_photos_edited\Tim_1\BTP BD\CATUDAYA\MSG\50.jpg"
"SHA256","55FF45ACE7DC01F76DDC14E52D278C68957475A98B277634E05BE2DCF2AEFCBD","C:\Users\dikarm\Documents\Server\OCR-FOTO-P3STE\OCR_Foto_Timemark_App\04_photos_edited\Tim_1\BTP BD\CATUDAYA\MSG\meta.json"
"SHA256","B754E89B3DECDF75504F94452E2D7ECF016844DA2047088A554B2F4334BEEE1E","C:\Users\dikarm\Documents\Server\OCR-FOTO-P3STE\OCR_Foto_Timemark_App\04_photos_edited\Tim_1\BTP BD\CATUDAYA\RADIO_COS\0.jpg"
"SHA256","32BC12FA8B779D894D2F2360E25ECB0DEE2E6EFB3433C63DAD6647972CF62C4C","C:\Users\dikarm\Documents\Server\OCR-FOTO-P3STE\OCR_Foto_Timemark_App\04_photos_edited\Tim_1\BTP BD\CATUDAYA\RADIO_COS\100.jpg"
"SHA256","CC23DA446022D43FA5FE59C35C4B19C7FE58C153302C7D4630954F840D53CF18","C:\Users\dikarm\Documents\Server\OCR-FOTO-P3STE\OCR_Foto_Timemark_App\04_photos_edited\Tim_1\BTP BD\CATUDAYA\RADIO_COS\50.jpg"
"SHA256","A4F42EF5757DA13E52D8B601CFD2120B56346FDFDE1D1005A08A8E7FBC6FE6EB","C:\Users\dikarm\Documents\Server\OCR-FOTO-P3STE\OCR_Foto_Timemark_App\04_photos_edited\Tim_1\BTP BD\JPL\JPL 04 BOP\0.jpg"
"SHA256","32587EE9E5BE1C656CDA062A4B851B55444FAD34D6D0692E1F86690D40EC41B6","C:\Users\dikarm\Documents\Server\OCR-FOTO-P3STE\OCR_Foto_Timemark_App\04_photos_edited\Tim_1\BTP BD\JPL\JPL 04 BOP\100.jpg"
"SHA256","737F9AA0A04939FA4536DA7C35519233AEBCA1EA58E02C3317C6AB1CABFC6E74","C:\Users\dikarm\Documents\Server\OCR-FOTO-P3STE\OCR_Foto_Timemark_App\04_photos_edited\Tim_1\BTP BD\JPL\JPL 04 BOP\50.jpg"
"SHA256","BEE4D8AD01ECADF121B7E812FF2D78ED43175F96E5B3CF1F29CABF8F482326BD","C:\Users\dikarm\Documents\Server\OCR-FOTO-P3STE\OCR_Foto_Timemark_App\04_photos_edited\Tim_1\BTP BD\JPL\JPL 07 BOP\0.jpg"
"SHA256","33ECC66A780E1D2F101A7528A51638D6D2BF0FB71E4BD54F3EC5CC715270118F","C:\Users\dikarm\Documents\Server\OCR-FOTO-P3STE\OCR_Foto_Timemark_App\04_photos_edited\Tim_1\BTP BD\JPL\JPL 07 BOP\100.jpg"
"SHA256","1573B2E49B6B0121C2C77E13518508EF35CBE3ADCFA07A413C2B76FC058255C3","C:\Users\dikarm\Documents\Server\OCR-FOTO-P3STE\OCR_Foto_Timemark_App\04_photos_edited\Tim_1\BTP BD\JPL\JPL 07 BOP\50.jpg"
"SHA256","5AB72140F43FE65AB315835C5EB3EC097A256D6B7980705E5C4BCF1833774FF3","C:\Users\dikarm\Documents\Server\OCR-FOTO-P3STE\OCR_Foto_Timemark_App\04_photos_edited\Tim_1\BTP BD\JPL\JPL 07 BOP\meta.json"
"SHA256","B548E9A98B9B5A4EAC13E398F3D43B3B8E1BEAB71178C9A91F5019D9BBCE7481","C:\Users\dikarm\Documents\Server\OCR-FOTO-P3STE\OCR_Foto_Timemark_App\04_photos_edited\Tim_1\BTP BD\JPL\JPL 11 BTT\0.jpg"
"SHA256","5292583D3FE6359217D5688E1649A035741EE715EE86D8ACE2A1B6B4F9CCA9C1","C:\Users\dikarm\Documents\Server\OCR-FOTO-P3STE\OCR_Foto_Timemark_App\04_photos_edited\Tim_1\BTP BD\JPL\JPL 11 BTT\100.jpg"
"SHA256","3E23B11B6F14A45406464D6E8E019B2F18E514282BF31A8F20C0C8F2493772B7","C:\Users\dikarm\Documents\Server\OCR-FOTO-P3STE\OCR_Foto_Timemark_App\04_photos_edited\Tim_1\BTP BD\JPL\JPL 11 BTT\50.jpg"
"SHA256","BE25C072C3612205012746C2DB09DB5B35BD4652E8F04FC249BA930444542240","C:\Users\dikarm\Documents\Server\OCR-FOTO-P3STE\OCR_Foto_Timemark_App\04_photos_edited\Tim_1\BTP BD\JPL\JPL 11 BTT\meta.json"
"SHA256","36384BFE40326F3CB1056787CC152DBF53049CCBFE3A6AC09CD65012B964AD79","C:\Users\dikarm\Documents\Server\OCR-FOTO-P3STE\OCR_Foto_Timemark_App\04_photos_edited\Tim_1\BTP BD\JPL\JPL 15 MSG\0.jpg"
"SHA256","A0A9D32742F89C32DDEC9A4AB74CFB46AEECA044A3ED25A180DF079CD26729C7","C:\Users\dikarm\Documents\Server\OCR-FOTO-P3STE\OCR_Foto_Timemark_App\04_photos_edited\Tim_1\BTP BD\JPL\JPL 15 MSG\100.jpg"
"SHA256","28776EFE5C7887EC1691F9CF8A84C316B78312ED496F3ED940A1B000ACC1AD94","C:\Users\dikarm\Documents\Server\OCR-FOTO-P3STE\OCR_Foto_Timemark_App\04_photos_edited\Tim_1\BTP BD\JPL\JPL 15 MSG\50.jpg"
"SHA256","88A921C3D89BD9203033A20B60B7F269BC2244C3D354CA152EF727CB187743CC","C:\Users\dikarm\Documents\Server\OCR-FOTO-P3STE\OCR_Foto_Timemark_App\04_photos_edited\Tim_1\BTP BD\JPL\JPL 16 MSG\0.jpg"
"SHA256","6912D6222427917D506F95FE08A940F9D89C96DE2F75D6F62E2E46E49E1DC8E2","C:\Users\dikarm\Documents\Server\OCR-FOTO-P3STE\OCR_Foto_Timemark_App\04_photos_edited\Tim_1\BTP BD\JPL\JPL 16 MSG\100.jpg"
"SHA256","DA695DD3FF4FD1507BAE75C1153BD97428244CFD23454E9053E2686FF1737228","C:\Users\dikarm\Documents\Server\OCR-FOTO-P3STE\OCR_Foto_Timemark_App\04_photos_edited\Tim_1\BTP BD\JPL\JPL 16 MSG\50.jpg"
"SHA256","4F01C1651EF12D2CC550810DC3C13AB5D134816B6675B4039447DC2DE7A82F72","C:\Users\dikarm\Documents\Server\OCR-FOTO-P3STE\OCR_Foto_Timemark_App\04_photos_edited\Tim_1\BTP BD\JPL\JPL BNR BOP-BTT\0.jpg"
"SHA256","33ECC66A780E1D2F101A7528A51638D6D2BF0FB71E4BD54F3EC5CC715270118F","C:\Users\dikarm\Documents\Server\OCR-FOTO-P3STE\OCR_Foto_Timemark_App\04_photos_edited\Tim_1\BTP BD\JPL\JPL BNR BOP-BTT\100.jpg"
"SHA256","1573B2E49B6B0121C2C77E13518508EF35CBE3ADCFA07A413C2B76FC058255C3","C:\Users\dikarm\Documents\Server\OCR-FOTO-P3STE\OCR_Foto_Timemark_App\04_photos_edited\Tim_1\BTP BD\JPL\JPL BNR BOP-BTT\50.jpg"
"SHA256","78096482A4B4502B5E30E7DA422CBA874F14344A95129C085A848E45DD66EDF1","C:\Users\dikarm\Documents\Server\OCR-FOTO-P3STE\OCR_Foto_Timemark_App\04_photos_edited\Tim_1\BTP BD\JPL\JPL BNR BOP-BTT\meta.json"
"SHA256","73324D229C8EBCFC273CAB947A5833DED5454ADC43857C825A8191B3EE639AD0","C:\Users\dikarm\Documents\Server\OCR-FOTO-P3STE\OCR_Foto_Timemark_App\04_photos_edited\Tim_1\BTP BD\PDSE\BOP\0.jpg"
"SHA256","10A49342F789D67DAF1E7BBBCF9C621961E348516BA282413705C8A9B6CB10F5","C:\Users\dikarm\Documents\Server\OCR-FOTO-P3STE\OCR_Foto_Timemark_App\04_photos_edited\Tim_1\BTP BD\PDSE\BOP\100.jpg"
"SHA256","E252C01AEB84A2C30D677EC1DA6C6CD66918299E65597828D2585A19E8FABDC0","C:\Users\dikarm\Documents\Server\OCR-FOTO-P3STE\OCR_Foto_Timemark_App\04_photos_edited\Tim_1\BTP BD\PDSE\BOP\50.jpg"
"SHA256","CD33E8E02BE302F7259B902B23CC006A8B97D7362578C587795D01EF43E54DF8","C:\Users\dikarm\Documents\Server\OCR-FOTO-P3STE\OCR_Foto_Timemark_App\04_photos_edited\Tim_1\BTP BD\PDSE\BTT\0.jpg"
"SHA256","1DBC1BEF77B592F4A1A610CC525F712478CDE64915F6C1E49585777C4AF281C2","C:\Users\dikarm\Documents\Server\OCR-FOTO-P3STE\OCR_Foto_Timemark_App\04_photos_edited\Tim_1\BTP BD\PDSE\BTT\100.jpg"
"SHA256","231CAF2758D20ED782E1C1C796EF3C2A6DD2C5E59F151BAF5E91D42F8D2B16DF","C:\Users\dikarm\Documents\Server\OCR-FOTO-P3STE\OCR_Foto_Timemark_App\04_photos_edited\Tim_1\BTP BD\PDSE\BTT\50.jpg"
"SHA256","65AA1B90F06D5A1A6E30DB19643C26B398B582A26D38BD80C3B5DA0F90054D68","C:\Users\dikarm\Documents\Server\OCR-FOTO-P3STE\OCR_Foto_Timemark_App\04_photos_edited\Tim_1\BTP BD\PDSE\BTT\meta.json"
"SHA256","AFDE6DC56B3B7EB23C101239E1859F5D05455BA1FAC9425232CA9DAEEC5D164C","C:\Users\dikarm\Documents\Server\OCR-FOTO-P3STE\OCR_Foto_Timemark_App\04_photos_edited\Tim_1\BTP BD\PDSE\CGB\0.jpg"
"SHA256","1383E54755FE0CF1DFF4ACE6BF8536BA18CFBA46AC8E3AA2A7263D19467C78DA","C:\Users\dikarm\Documents\Server\OCR-FOTO-P3STE\OCR_Foto_Timemark_App\04_photos_edited\Tim_1\BTP BD\PDSE\CGB\100.jpg"
"SHA256","90D0A36910046B56E3A23715E2BD5744A6FF504CFBC5D843EAD5ADEAFE9A12EA","C:\Users\dikarm\Documents\Server\OCR-FOTO-P3STE\OCR_Foto_Timemark_App\04_photos_edited\Tim_1\BTP BD\PDSE\CGB\50.jpg"
"SHA256","0BB428F87B59CB0661E9173282A3B2E97AFE94DAD46A81CFDA13B0A58170BE41","C:\Users\dikarm\Documents\Server\OCR-FOTO-P3STE\OCR_Foto_Timemark_App\04_photos_edited\Tim_1\BTP BD\PDSE\CGB\meta.json"
"SHA256","C27C18EA94C2BD64FB12F53204D1D9FDA507ED94B2A8F3332CC597F1F14C298C","C:\Users\dikarm\Documents\Server\OCR-FOTO-P3STE\OCR_Foto_Timemark_App\04_photos_edited\Tim_1\BTP BD\PDSE\COS\0.jpg"
"SHA256","261CB9AB69DB951AAAE8CFBAE8E104B2A8592EFA2E288EB278DAD01982207469","C:\Users\dikarm\Documents\Server\OCR-FOTO-P3STE\OCR_Foto_Timemark_App\04_photos_edited\Tim_1\BTP BD\PDSE\COS\100.jpg"
"SHA256","6E388F575C7638DDA686DEBD1141695449D312C80577C1058CBB3858A61450FF","C:\Users\dikarm\Documents\Server\OCR-FOTO-P3STE\OCR_Foto_Timemark_App\04_photos_edited\Tim_1\BTP BD\PDSE\COS\50.jpg"
"SHA256","565BD5D339FD92EB3303468CC750660D30F4C5D2585C0D99B635B4B65BE56628","C:\Users\dikarm\Documents\Server\OCR-FOTO-P3STE\OCR_Foto_Timemark_App\04_photos_edited\Tim_1\BTP BD\PDSE\MSG\0.jpg"
"SHA256","300A1171F1EDA88126DF424C6E5F51A39CCF7EDA58DE1ECF2DFA630EBA8AF7C5","C:\Users\dikarm\Documents\Server\OCR-FOTO-P3STE\OCR_Foto_Timemark_App\04_photos_edited\Tim_1\BTP BD\PDSE\MSG\100.jpg"
"SHA256","A4B363C3464C03ED2C4C37FA9143B11C858AF2FD466171E2AF68378F823A0156","C:\Users\dikarm\Documents\Server\OCR-FOTO-P3STE\OCR_Foto_Timemark_App\04_photos_edited\Tim_1\BTP BD\PDSE\MSG\50.jpg"
"SHA256","A24A4C57CDE9EAB5B424463F0859CE54367CB354D9FF16A3E0A5F8A639208C9A","C:\Users\dikarm\Documents\Server\OCR-FOTO-P3STE\OCR_Foto_Timemark_App\04_photos_edited\Tim_1\BTP BD\PDSE\MSG\meta.json"
"SHA256","C27C18EA94C2BD64FB12F53204D1D9FDA507ED94B2A8F3332CC597F1F14C298C","C:\Users\dikarm\Documents\Server\OCR-FOTO-P3STE\OCR_Foto_Timemark_App\04_photos_edited\Tim_1\BTP BD\PDSE\RADIO_COS\0.jpg"
"SHA256","261CB9AB69DB951AAAE8CFBAE8E104B2A8592EFA2E288EB278DAD01982207469","C:\Users\dikarm\Documents\Server\OCR-FOTO-P3STE\OCR_Foto_Timemark_App\04_photos_edited\Tim_1\BTP BD\PDSE\RADIO_COS\100.jpg"
"SHA256","6E388F575C7638DDA686DEBD1141695449D312C80577C1058CBB3858A61450FF","C:\Users\dikarm\Documents\Server\OCR-FOTO-P3STE\OCR_Foto_Timemark_App\04_photos_edited\Tim_1\BTP BD\PDSE\RADIO_COS\50.jpg"
"SHA256","73324D229C8EBCFC273CAB947A5833DED5454ADC43857C825A8191B3EE639AD0","C:\Users\dikarm\Documents\Server\OCR-FOTO-P3STE\OCR_Foto_Timemark_App\04_photos_edited\Tim_1\BTP BD\PTDS\BOP\0.jpg"
"SHA256","2982C38CA75DCB97D0F36E31BA7FD4CE1A1244203171980D10228AC167898705","C:\Users\dikarm\Documents\Server\OCR-FOTO-P3STE\OCR_Foto_Timemark_App\04_photos_edited\Tim_1\BTP BD\PTDS\BOP\100.jpg"
"SHA256","2100D1A29ACE6342D1A8DEB1E8704EF0E63BE45409F7B63193436ED1FE29F40D","C:\Users\dikarm\Documents\Server\OCR-FOTO-P3STE\OCR_Foto_Timemark_App\04_photos_edited\Tim_1\BTP BD\PTDS\BOP\50.jpg"
"SHA256","2D00DDFFA9A0F77BD381B198BDFE9A2447C7E5F337346AD7E64FE085D3FF312D","C:\Users\dikarm\Documents\Server\OCR-FOTO-P3STE\OCR_Foto_Timemark_App\04_photos_edited\Tim_1\BTP BD\PTDS\BTT\0.jpg"
"SHA256","777C637A365C7A3D5564563CECBB258F1857AFC7742EBEE70A17C7893F016511","C:\Users\dikarm\Documents\Server\OCR-FOTO-P3STE\OCR_Foto_Timemark_App\04_photos_edited\Tim_1\BTP BD\PTDS\BTT\100.jpg"
"SHA256","3258F835CBEC90B6A5CD5560B8FF61CF780C1D37ED5ACA1E62BA8D15E202BBC8","C:\Users\dikarm\Documents\Server\OCR-FOTO-P3STE\OCR_Foto_Timemark_App\04_photos_edited\Tim_1\BTP BD\PTDS\BTT\50.jpg"
"SHA256","13354EE4A3471372069C08566A0F0B4CB7F617278A1DBC4F67A18B2FC895BC89","C:\Users\dikarm\Documents\Server\OCR-FOTO-P3STE\OCR_Foto_Timemark_App\04_photos_edited\Tim_1\BTP BD\PTDS\CGB\0.jpg"
"SHA256","7CBEBA931F24C4664E79CE63D69806BE04C904A808F0A62494E2E24A28DA7853","C:\Users\dikarm\Documents\Server\OCR-FOTO-P3STE\OCR_Foto_Timemark_App\04_photos_edited\Tim_1\BTP BD\PTDS\CGB\100.jpg"
"SHA256","00367983D238722B4C4FA376818DD0E018E823437C31E8C903CF5E903C59DCF6","C:\Users\dikarm\Documents\Server\OCR-FOTO-P3STE\OCR_Foto_Timemark_App\04_photos_edited\Tim_1\BTP BD\PTDS\CGB\50.jpg"
"SHA256","8EF941D366D27E670F550B128DF8C2A4EB497203FC68CA313C06859B0036B65C","C:\Users\dikarm\Documents\Server\OCR-FOTO-P3STE\OCR_Foto_Timemark_App\04_photos_edited\Tim_1\BTP BD\PTDS\CGB\meta.json"
"SHA256","3F7215ECA96089D62741FE9F87F0AEF7FD5861D92FFE9A0E40CD57CFEAA0F34D","C:\Users\dikarm\Documents\Server\OCR-FOTO-P3STE\OCR_Foto_Timemark_App\04_photos_edited\Tim_1\BTP BD\PTDS\COS\0.jpg"
"SHA256","0DA92F7CF929ADDA5F2492138899E88BF4C0C1D7841DA388B75C090177957D23","C:\Users\dikarm\Documents\Server\OCR-FOTO-P3STE\OCR_Foto_Timemark_App\04_photos_edited\Tim_1\BTP BD\PTDS\COS\100.jpg"
"SHA256","35408EF0A74F4CFCC627D8E2908730CC04E86C9DADDC149FFFC1909B3EA3DF4E","C:\Users\dikarm\Documents\Server\OCR-FOTO-P3STE\OCR_Foto_Timemark_App\04_photos_edited\Tim_1\BTP BD\PTDS\COS\50.jpg"
"SHA256","F01FC5C579104B1F122D252686C43FDCF2661CEBB485B7DE4D5BF07ECAE38153","C:\Users\dikarm\Documents\Server\OCR-FOTO-P3STE\OCR_Foto_Timemark_App\04_photos_edited\Tim_1\BTP BD\PTDS\MSG\0.jpg"
"SHA256","54442AF09077968C08B68B0C141E993889E8DF8BFEA62AEC3C6860EF425CE8E6","C:\Users\dikarm\Documents\Server\OCR-FOTO-P3STE\OCR_Foto_Timemark_App\04_photos_edited\Tim_1\BTP BD\PTDS\MSG\100.jpg"
"SHA256","BD20987B488B8D23A2FFA0F85D5B4222685DF42196B9263240140301BF287A05","C:\Users\dikarm\Documents\Server\OCR-FOTO-P3STE\OCR_Foto_Timemark_App\04_photos_edited\Tim_1\BTP BD\PTDS\MSG\50.jpg"
"SHA256","DC856E19A11F04DAE9EA3B6B991C7EC150556A1CDE8C65D39C41A25D08FA5398","C:\Users\dikarm\Documents\Server\OCR-FOTO-P3STE\OCR_Foto_Timemark_App\04_photos_edited\Tim_1\BTP BD\PTLS\BOP\0.jpg"
"SHA256","82A8076367E1FCEBCE57E4E6E252F30754F71CD573F2BA6CA494AE3B7CE38897","C:\Users\dikarm\Documents\Server\OCR-FOTO-P3STE\OCR_Foto_Timemark_App\04_photos_edited\Tim_1\BTP BD\PTLS\BOP\100.jpg"
"SHA256","023EA0CC94E108B5E8FE4739AB2FE2F5A17C038DDDA632819611CE47323E2DA9","C:\Users\dikarm\Documents\Server\OCR-FOTO-P3STE\OCR_Foto_Timemark_App\04_photos_edited\Tim_1\BTP BD\PTLS\BOP\50.jpg"
"SHA256","0FE55226F7645391D78C0141A64E8BC3666E445D2206DDDAC377D731EB11175D","C:\Users\dikarm\Documents\Server\OCR-FOTO-P3STE\OCR_Foto_Timemark_App\04_photos_edited\Tim_1\BTP BD\PTLS\BTT\0.jpg"
"SHA256","10C2A74DA325E5A304C9BD5C56CAC1E89096C1B7CD732A7086D92833CEBF8962","C:\Users\dikarm\Documents\Server\OCR-FOTO-P3STE\OCR_Foto_Timemark_App\04_photos_edited\Tim_1\BTP BD\PTLS\BTT\100.jpg"
"SHA256","600EC4090364BBEB717CB81216894FB75B483AEDC9EA34F423C26FF4E342D819","C:\Users\dikarm\Documents\Server\OCR-FOTO-P3STE\OCR_Foto_Timemark_App\04_photos_edited\Tim_1\BTP BD\PTLS\BTT\50.jpg"
"SHA256","B3DA6BBC67D8DA2A6A1BE163698CD2F24EB474D35157A00E2FFE7FE9F6F7C119","C:\Users\dikarm\Documents\Server\OCR-FOTO-P3STE\OCR_Foto_Timemark_App\04_photos_edited\Tim_1\BTP BD\PTLS\BTT\meta.json"
"SHA256","4F48395F0CC8BAAC83D14F47E19733733447DE5E8A60C27DCBAD00CB2F3B6A14","C:\Users\dikarm\Documents\Server\OCR-FOTO-P3STE\OCR_Foto_Timemark_App\04_photos_edited\Tim_1\BTP BD\PTLS\COS\0.jpg"
"SHA256","0DA92F7CF929ADDA5F2492138899E88BF4C0C1D7841DA388B75C090177957D23","C:\Users\dikarm\Documents\Server\OCR-FOTO-P3STE\OCR_Foto_Timemark_App\04_photos_edited\Tim_1\BTP BD\PTLS\COS\100.jpg"
"SHA256","34D554D8ADEACA1D658D344E8D23E7C00FBC4785F94DE2198A314CDE065030C6","C:\Users\dikarm\Documents\Server\OCR-FOTO-P3STE\OCR_Foto_Timemark_App\04_photos_edited\Tim_1\BTP BD\PTLS\COS\50.jpg"
"SHA256","4CD73A6E4EE1C4484EC300C5EE0C8251134817D72FA5EAFEB4A9786B4F2FAEC7","C:\Users\dikarm\Documents\Server\OCR-FOTO-P3STE\OCR_Foto_Timemark_App\04_photos_edited\Tim_1\BTP BD\PTLS\MSG\0.jpg"
"SHA256","E176B81AF7F34EECE39CC238DCF71006F429B6837025819307DD1B973CBE3608","C:\Users\dikarm\Documents\Server\OCR-FOTO-P3STE\OCR_Foto_Timemark_App\04_photos_edited\Tim_1\BTP BD\PTLS\MSG\100.jpg"
"SHA256","578B2D100246D11D27E4C54D23A3B225BD5AED2DB3ADEF1749EBE9D94D6074A3","C:\Users\dikarm\Documents\Server\OCR-FOTO-P3STE\OCR_Foto_Timemark_App\04_photos_edited\Tim_1\BTP BD\PTLS\MSG\50.jpg"
"SHA256","A37E09E23E3B998B1EBBB8571293BE01699EF163B8BF8443AF196F500374A8F2","C:\Users\dikarm\Documents\Server\OCR-FOTO-P3STE\OCR_Foto_Timemark_App\04_photos_edited\Tim_1\BTP BD\PTLS\MSG\meta.json"
"SHA256","AABC516EBA05E7022DF5B8F098B1FB33D1079DAF249617955C8EF076583000E7","C:\Users\dikarm\Documents\Server\OCR-FOTO-P3STE\OCR_Foto_Timemark_App\04_photos_edited\Tim_1\BTP BD\PTLS\RADIO_CGB\0.jpg"
"SHA256","1A9241BB3900C967092F293A19B2C759EF2EBDAABA1BCD1E1DFFB0891791C47A","C:\Users\dikarm\Documents\Server\OCR-FOTO-P3STE\OCR_Foto_Timemark_App\04_photos_edited\Tim_1\BTP BD\PTLS\RADIO_CGB\100.jpg"
"SHA256","0828AE906B53A31C16CB1C820A98CF89D94C6E24AC089A0C4D0897A544F0835C","C:\Users\dikarm\Documents\Server\OCR-FOTO-P3STE\OCR_Foto_Timemark_App\04_photos_edited\Tim_1\BTP BD\PTLS\RADIO_CGB\50.jpg"
"SHA256","E3B0C44298FC1C149AFBF4C8996FB92427AE41E4649B934CA495991B7852B855","C:\Users\dikarm\Documents\Server\OCR-FOTO-P3STE\OCR_Foto_Timemark_App\04_photos_edited\Tim_1\BTP BD\PTLS\RADIO_CGB\50.jpg.unedited"
"SHA256","7131FADD2827C1257221E22A6D030120E73DC3057033F7286F1E3DE95D3A1F5D","C:\Users\dikarm\Documents\Server\OCR-FOTO-P3STE\OCR_Foto_Timemark_App\04_photos_edited\Tim_1\BTP BD\PTLS\RADIO_CGB\meta.json"
"SHA256","39F73962565DA6D916275FE1C763BB36B8064336C7EA2BBF7BA9404583F33788","C:\Users\dikarm\Documents\Server\OCR-FOTO-P3STE\OCR_Foto_Timemark_App\04_photos_edited\Tim_1\BTP BD\PTPP\BOP\0.jpg"
"SHA256","4E693C8A4C9A7E9975A5EFA57A65CA54CB5425B1A7557D90A8377875872B5339","C:\Users\dikarm\Documents\Server\OCR-FOTO-P3STE\OCR_Foto_Timemark_App\04_photos_edited\Tim_1\BTP BD\PTPP\BOP\100.jpg"
"SHA256","FEA9C5A170927C3B41C70D18867D5C6111133AD1F694DFB5EB028F1574A97A65","C:\Users\dikarm\Documents\Server\OCR-FOTO-P3STE\OCR_Foto_Timemark_App\04_photos_edited\Tim_1\BTP BD\PTPP\BOP\50.jpg"
"SHA256","0503AEC2E5FC19CBBF0D641AE880039F27DBFD8DB0AEC2544AA1D95ACA3BBEBF","C:\Users\dikarm\Documents\Server\OCR-FOTO-P3STE\OCR_Foto_Timemark_App\04_photos_edited\Tim_1\BTP BD\PTPP\JPL 04 BOP\0.jpg"
"SHA256","9E8175777415ABEFEC4B56AFDFB3FF937D0FF7BDC280640431EF4530A6C84DCB","C:\Users\dikarm\Documents\Server\OCR-FOTO-P3STE\OCR_Foto_Timemark_App\04_photos_edited\Tim_1\BTP BD\PTPP\JPL 04 BOP\100.jpg"
"SHA256","0062C60C3251BC4698DE386749D4EAC644E74E90C96C06BD64FD64DCC470B7B5","C:\Users\dikarm\Documents\Server\OCR-FOTO-P3STE\OCR_Foto_Timemark_App\04_photos_edited\Tim_1\BTP BD\PTPP\JPL 04 BOP\50.jpg"
"SHA256","466C49F940ECC547C72C737E46CC428DADAFACD78B5D35F66FC8FD499AE5FC97","C:\Users\dikarm\Documents\Server\OCR-FOTO-P3STE\OCR_Foto_Timemark_App\04_photos_edited\Tim_1\BTP BD\PTPP\JPL 07 BOP\0.jpg"
"SHA256","DFA2870034BE85E869E042F8369F08E471D5CB6F3DFB2B443E29254E1E9B22B6","C:\Users\dikarm\Documents\Server\OCR-FOTO-P3STE\OCR_Foto_Timemark_App\04_photos_edited\Tim_1\BTP BD\PTPP\JPL 07 BOP\100.jpg"
"SHA256","D64C9D8907D70D1F23029102034D8AC538252AD380BA19076413AF30093E96DE","C:\Users\dikarm\Documents\Server\OCR-FOTO-P3STE\OCR_Foto_Timemark_App\04_photos_edited\Tim_1\BTP BD\PTPP\JPL 07 BOP\50.jpg"
"SHA256","F4B49021A1AC9D82E66E58ED40A549DBCB4C224B0569DA11395023359BE28EED","C:\Users\dikarm\Documents\Server\OCR-FOTO-P3STE\OCR_Foto_Timemark_App\04_photos_edited\Tim_1\BTP BD\PTPP\JPL 07 BOP\meta.json"
"SHA256","37A1A71B4925F45929DD8FB7B051CFB20DAF13A80E89CB32EBD6D8206E9D8800","C:\Users\dikarm\Documents\Server\OCR-FOTO-P3STE\OCR_Foto_Timemark_App\04_photos_edited\Tim_1\BTP BD\PTPP\JPL 11 BTT\0.jpg"
"SHA256","F4003DFA38B77EB35E5D7CB383ED413D9FF84D7340E5AA84C42A3232D5B0FBAA","C:\Users\dikarm\Documents\Server\OCR-FOTO-P3STE\OCR_Foto_Timemark_App\04_photos_edited\Tim_1\BTP BD\PTPP\JPL 11 BTT\100.jpg"
"SHA256","CA8FDBE3384E9D63023441582B64DE570EE5859998A823E697D7F0377235A0B7","C:\Users\dikarm\Documents\Server\OCR-FOTO-P3STE\OCR_Foto_Timemark_App\04_photos_edited\Tim_1\BTP BD\PTPP\JPL 11 BTT\50.jpg"
"SHA256","2603728A367E7DB2199CD469B7FBA59758C6744C7AB9A52A2524619CFBC21E41","C:\Users\dikarm\Documents\Server\OCR-FOTO-P3STE\OCR_Foto_Timemark_App\04_photos_edited\Tim_1\BTP BD\PTPP\JPL 11 BTT\meta.json"
"SHA256","0F3A78EF507586872C934AB5A460E05B8887DEAB4B28675C7B5E85A57DD6FF7D","C:\Users\dikarm\Documents\Server\OCR-FOTO-P3STE\OCR_Foto_Timemark_App\04_photos_edited\Tim_1\BTP BD\PTPP\JPL 15 MSG\0.jpg"
"SHA256","3B7AE72B3800BB47347085D2F540F6C1F066CC507D076A226D2AC26F82081A1C","C:\Users\dikarm\Documents\Server\OCR-FOTO-P3STE\OCR_Foto_Timemark_App\04_photos_edited\Tim_1\BTP BD\PTPP\JPL 15 MSG\100.jpg"
"SHA256","A3705D2AA3BEA3FCDFBC4E434F912ED26934964A38468A980687113D90A77367","C:\Users\dikarm\Documents\Server\OCR-FOTO-P3STE\OCR_Foto_Timemark_App\04_photos_edited\Tim_1\BTP BD\PTPP\JPL 15 MSG\50.jpg"
"SHA256","3A64B9E5ADE0266689D63956BC6B610BB86EB52C4E0F8BDC651A909C1FBEB246","C:\Users\dikarm\Documents\Server\OCR-FOTO-P3STE\OCR_Foto_Timemark_App\04_photos_edited\Tim_1\BTP BD\PTPP\JPL 15 MSG\meta.json"
"SHA256","7CC70FE34D34306817BA5F52CFCE417030621CBC95C7DBE2B39BA5568CECB26B","C:\Users\dikarm\Documents\Server\OCR-FOTO-P3STE\OCR_Foto_Timemark_App\04_photos_edited\Tim_1\BTP BD\PTPP\JPL 16 MSG\0.jpg"
"SHA256","350982DE8C5A01F9240D0D8160F3BA6386D8578F31D1404B3A4CEEBCDA0300DF","C:\Users\dikarm\Documents\Server\OCR-FOTO-P3STE\OCR_Foto_Timemark_App\04_photos_edited\Tim_1\BTP BD\PTPP\JPL 16 MSG\100.jpg"
"SHA256","ADCBB2EB34850C94BC8A65F0D7BFAC7128824BFBA9CA054CEB82C332CC9A7AD3","C:\Users\dikarm\Documents\Server\OCR-FOTO-P3STE\OCR_Foto_Timemark_App\04_photos_edited\Tim_1\BTP BD\PTPP\JPL 16 MSG\50.jpg"
"SHA256","466C49F940ECC547C72C737E46CC428DADAFACD78B5D35F66FC8FD499AE5FC97","C:\Users\dikarm\Documents\Server\OCR-FOTO-P3STE\OCR_Foto_Timemark_App\04_photos_edited\Tim_1\BTP BD\PTPP\JPL BNR BOP-BTT\0.jpg"
"SHA256","DFA2870034BE85E869E042F8369F08E471D5CB6F3DFB2B443E29254E1E9B22B6","C:\Users\dikarm\Documents\Server\OCR-FOTO-P3STE\OCR_Foto_Timemark_App\04_photos_edited\Tim_1\BTP BD\PTPP\JPL BNR BOP-BTT\100.jpg"
"SHA256","C64658526030622C813E67841FAE32B5AC50D4532CAEDDEA2F8B503C0B8F5541","C:\Users\dikarm\Documents\Server\OCR-FOTO-P3STE\OCR_Foto_Timemark_App\04_photos_edited\Tim_1\BTP BD\PTPP\JPL BNR BOP-BTT\50.jpg"
"SHA256","BE29B682EF65B1E442BF228C4C3606F4126CD63D2DB629F010857697CF7D33A0","C:\Users\dikarm\Documents\Server\OCR-FOTO-P3STE\OCR_Foto_Timemark_App\04_photos_edited\Tim_1\BTP BD\PTPP\JPL BNR BOP-BTT\meta.json"
"SHA256","821D63C9FF4719CC64501C326FAD78C4B2B1750740486ABB365FC07D9CC11E61","C:\Users\dikarm\Documents\Server\OCR-FOTO-P3STE\OCR_Foto_Timemark_App\04_photos_edited\Tim_1\BTP BD\SERAT OPTIK\ER SINYAL BOP\0.jpg"
"SHA256","86A23E42AD8320AC0872EA06C63310F53B63AF91CE50BD334A188D664AEA27D4","C:\Users\dikarm\Documents\Server\OCR-FOTO-P3STE\OCR_Foto_Timemark_App\04_photos_edited\Tim_1\BTP BD\SERAT OPTIK\ER SINYAL BOP\100.jpg"
"SHA256","D95C1532FD3BB08881111730785FBC35DDF9CDC3E97B76D2F11278F3189A181C","C:\Users\dikarm\Documents\Server\OCR-FOTO-P3STE\OCR_Foto_Timemark_App\04_photos_edited\Tim_1\BTP BD\SERAT OPTIK\ER SINYAL BOP\50.jpg"
"SHA256","757984EEF0703708033420AC036D959C0676A0F2AC2752C1F95C1FABCDD240DA","C:\Users\dikarm\Documents\Server\OCR-FOTO-P3STE\OCR_Foto_Timemark_App\04_photos_edited\Tim_1\BTP BD\SERAT OPTIK\ER SINYAL BTT\0.jpg"
"SHA256","06E24C0BE82F4B98AB278A8B6E2A1AB3511B50088E1F4E25BC3BE88C6CA94482","C:\Users\dikarm\Documents\Server\OCR-FOTO-P3STE\OCR_Foto_Timemark_App\04_photos_edited\Tim_1\BTP BD\SERAT OPTIK\ER SINYAL BTT\100.jpg"
"SHA256","9D40BE468C731E29D8E304CA37DC6A78CE7786AAF07240F04EAFCC5959C62576","C:\Users\dikarm\Documents\Server\OCR-FOTO-P3STE\OCR_Foto_Timemark_App\04_photos_edited\Tim_1\BTP BD\SERAT OPTIK\ER SINYAL BTT\50.jpg"
"SHA256","04A6D4431FFD262FFE8E68E7DABBBD8BE6661F6E4BA62057DEE6DDD33CADA667","C:\Users\dikarm\Documents\Server\OCR-FOTO-P3STE\OCR_Foto_Timemark_App\04_photos_edited\Tim_1\BTP BD\SERAT OPTIK\ER SINYAL BTT\meta.json"
"SHA256","F70162D9005BC3882642E6713D38C6389A2E95DAF3653DAEEE2321E3913AAC74","C:\Users\dikarm\Documents\Server\OCR-FOTO-P3STE\OCR_Foto_Timemark_App\04_photos_edited\Tim_1\BTP BD\SERAT OPTIK\ER SINYAL IB CGB\0.jpg"
"SHA256","8B60F93D953C6EEB5F0BF05E8FE19B41A5D80591A580E9A5780FF04DB9B194D3","C:\Users\dikarm\Documents\Server\OCR-FOTO-P3STE\OCR_Foto_Timemark_App\04_photos_edited\Tim_1\BTP BD\SERAT OPTIK\ER SINYAL IB CGB\100.jpg"
"SHA256","4483FB8D5172E14B764C070F599F97B0A0CBADBBFFA42A9C3E989438B7CFF532","C:\Users\dikarm\Documents\Server\OCR-FOTO-P3STE\OCR_Foto_Timemark_App\04_photos_edited\Tim_1\BTP BD\SERAT OPTIK\ER SINYAL IB CGB\50.jpg"
"SHA256","7395E6AE64F5100AC0CD9D581A398FC52E8FE652C51C5E7530A015C913838EAA","C:\Users\dikarm\Documents\Server\OCR-FOTO-P3STE\OCR_Foto_Timemark_App\04_photos_edited\Tim_1\BTP BD\SERAT OPTIK\ER SINYAL IB CGB\meta.json"
"SHA256","4A529CDBD28AFF09CA5A76DF9DAC973CC5F61261CC1163EDB8A6F14EA2931A21","C:\Users\dikarm\Documents\Server\OCR-FOTO-P3STE\OCR_Foto_Timemark_App\04_photos_edited\Tim_1\BTP BD\SERAT OPTIK\ER SINYAL IB COS\0.jpg"
"SHA256","13D5B1C4AA2A244D5D4158410A374697AA17493AD50BA9F37FBA7FEDB1A10873","C:\Users\dikarm\Documents\Server\OCR-FOTO-P3STE\OCR_Foto_Timemark_App\04_photos_edited\Tim_1\BTP BD\SERAT OPTIK\ER SINYAL IB COS\100.jpg"
"SHA256","ABE7B6FDA1CE5692755D25B2594E6D8971C7BE06ABCED72ECBC7D07083EB052D","C:\Users\dikarm\Documents\Server\OCR-FOTO-P3STE\OCR_Foto_Timemark_App\04_photos_edited\Tim_1\BTP BD\SERAT OPTIK\ER SINYAL IB COS\50.jpg"
"SHA256","8B6DB2A67EC88E0D208B58DD59851ED96A10C6AF4DDF7F15339521A3D7669A7D","C:\Users\dikarm\Documents\Server\OCR-FOTO-P3STE\OCR_Foto_Timemark_App\04_photos_edited\Tim_1\BTP BD\SERAT OPTIK\ER SINYAL MSG\0.jpg"
"SHA256","232AD23F0CEB6B3B7A68492282D84D498291A0A7838649CEDCD7270E458A87C7","C:\Users\dikarm\Documents\Server\OCR-FOTO-P3STE\OCR_Foto_Timemark_App\04_photos_edited\Tim_1\BTP BD\SERAT OPTIK\ER SINYAL MSG\100.jpg"
"SHA256","E3617C143B6FAF110AB575D9AE71350EC32DA1AF3CB749E7E46396A2F4B8209C","C:\Users\dikarm\Documents\Server\OCR-FOTO-P3STE\OCR_Foto_Timemark_App\04_photos_edited\Tim_1\BTP BD\SERAT OPTIK\ER SINYAL MSG\50.jpg"
"SHA256","5C59C71BC44F5F6CF8CF2F795088902F07AF889B9D44F366BBDFFB21D0712F42","C:\Users\dikarm\Documents\Server\OCR-FOTO-P3STE\OCR_Foto_Timemark_App\04_photos_edited\Tim_1\BTP BD\SERAT OPTIK\ER TELKOM BTT\0.jpg"
"SHA256","EC02609BCC76745B719300D3CDFD0D6BD0A1A69190619D7D7E36EA005E555576","C:\Users\dikarm\Documents\Server\OCR-FOTO-P3STE\OCR_Foto_Timemark_App\04_photos_edited\Tim_1\BTP BD\SERAT OPTIK\ER TELKOM BTT\100.jpg"
"SHA256","6EA12F1F4ED4C1930F0F703CDADE4FD680103D3FB6EB077914950F45F5C8AAD4","C:\Users\dikarm\Documents\Server\OCR-FOTO-P3STE\OCR_Foto_Timemark_App\04_photos_edited\Tim_1\BTP BD\SERAT OPTIK\ER TELKOM BTT\50.jpg"
"SHA256","014D016747ECA832955A91B131347FF4C4E4A07ABFAC51FC58EBD259ECEFD9FA","C:\Users\dikarm\Documents\Server\OCR-FOTO-P3STE\OCR_Foto_Timemark_App\04_photos_edited\Tim_1\BTP BD\SERAT OPTIK\ER TELKOM CGB\0.jpg"
"SHA256","8063CBFC983E0F7CF10341AE8E4B28634158E6680C6BE8C738F0A9CDB58EE172","C:\Users\dikarm\Documents\Server\OCR-FOTO-P3STE\OCR_Foto_Timemark_App\04_photos_edited\Tim_1\BTP BD\SERAT OPTIK\ER TELKOM CGB\100.jpg"
"SHA256","F1CCFC7ED02B3999DC1ECB58182E3905218B243375FAE80412849CCE19D88CE1","C:\Users\dikarm\Documents\Server\OCR-FOTO-P3STE\OCR_Foto_Timemark_App\04_photos_edited\Tim_1\BTP BD\SERAT OPTIK\ER TELKOM CGB\50.jpg"
"SHA256","868540F8060E0460AB7404DDE2CEEECB082D304773B48B011D04B2396DBE06D1","C:\Users\dikarm\Documents\Server\OCR-FOTO-P3STE\OCR_Foto_Timemark_App\04_photos_edited\Tim_1\BTP BD\SERAT OPTIK\ER TELKOM CIOMAS\0.jpg"
"SHA256","C048566CFE47E897EB052CE8AAFE3FA96A6B57C7F119BC8842BCA5B05B6DF0E8","C:\Users\dikarm\Documents\Server\OCR-FOTO-P3STE\OCR_Foto_Timemark_App\04_photos_edited\Tim_1\BTP BD\SERAT OPTIK\ER TELKOM CIOMAS\100.jpg"
"SHA256","DCD50151B860F0A1A992958B2BD51FA5375F18188111163C01DBB18DF3D9C3C0","C:\Users\dikarm\Documents\Server\OCR-FOTO-P3STE\OCR_Foto_Timemark_App\04_photos_edited\Tim_1\BTP BD\SERAT OPTIK\ER TELKOM CIOMAS\50.jpg"
"SHA256","514D8BC5924D4ECF149440579D99F69496963D630FFEE6D33F4025734A30D1A7","C:\Users\dikarm\Documents\Server\OCR-FOTO-P3STE\OCR_Foto_Timemark_App\04_photos_edited\Tim_1\BTP BD\SERAT OPTIK\ER TELKOM MSG\0.jpg"
"SHA256","999F4E97156944106B9C8CDF876965B925B63AD22AD26E3D67DA0B37CC93CC79","C:\Users\dikarm\Documents\Server\OCR-FOTO-P3STE\OCR_Foto_Timemark_App\04_photos_edited\Tim_1\BTP BD\SERAT OPTIK\ER TELKOM MSG\100.jpg"
"SHA256","1B427A602478B06ED525CC5E5D335557A9CEAE3B5D0C6226CC4EAD33B18F6682","C:\Users\dikarm\Documents\Server\OCR-FOTO-P3STE\OCR_Foto_Timemark_App\04_photos_edited\Tim_1\BTP BD\SERAT OPTIK\ER TELKOM MSG\50.jpg"
"SHA256","6211DE7A6A2BCE9FDB0CE49257514683433AF7BC7584EF668E3A7EEF60B88298","C:\Users\dikarm\Documents\Server\OCR-FOTO-P3STE\OCR_Foto_Timemark_App\04_photos_edited\Tim_1\BTP BD\SERAT OPTIK\ER TELKOM MSG\meta.json"
"SHA256","6EEB576BA9D565C1F1BDD24E1BD8B3CEDB8F54E3754FB2DDDDF40F745276DBEE","C:\Users\dikarm\Documents\Server\OCR-FOTO-P3STE\OCR_Foto_Timemark_App\04_photos_edited\Tim_1\BTP BD\SERAT OPTIK\JPL 11 BTT\0.jpg"
"SHA256","ED07198D9BFF7B26F39EC89FE91A05DB89B86E1DAE1072581BA554804A1D9FB5","C:\Users\dikarm\Documents\Server\OCR-FOTO-P3STE\OCR_Foto_Timemark_App\04_photos_edited\Tim_1\BTP BD\SERAT OPTIK\JPL 11 BTT\100.jpg"
"SHA256","481896DCEAEDA56371AB193482375D0C5F0ACC77B49574399255C54F93525EB1","C:\Users\dikarm\Documents\Server\OCR-FOTO-P3STE\OCR_Foto_Timemark_App\04_photos_edited\Tim_1\BTP BD\SERAT OPTIK\JPL 11 BTT\50.jpg"
"SHA256","1189F0888A54AC9FF03BA385E7C0DB03492916131B91DB7F7D8F68085976944B","C:\Users\dikarm\Documents\Server\OCR-FOTO-P3STE\OCR_Foto_Timemark_App\04_photos_edited\Tim_1\BTP BD\SERAT OPTIK\JPL 15 CGB\0.jpg"
"SHA256","FA08BFACC162556937F056C42E575931B67D003216C9CFD42313372DE9A23360","C:\Users\dikarm\Documents\Server\OCR-FOTO-P3STE\OCR_Foto_Timemark_App\04_photos_edited\Tim_1\BTP BD\SERAT OPTIK\JPL 15 CGB\100.jpg"
"SHA256","BAE15A18505733669305023EF570EED0C34207FB064F0478809B57D0F733F24C","C:\Users\dikarm\Documents\Server\OCR-FOTO-P3STE\OCR_Foto_Timemark_App\04_photos_edited\Tim_1\BTP BD\SERAT OPTIK\JPL 15 CGB\50.jpg"
"SHA256","DF903D070212019032D4BE3A71F85E37965B769542F8AE3BC6993149CC83636B","C:\Users\dikarm\Documents\Server\OCR-FOTO-P3STE\OCR_Foto_Timemark_App\04_photos_edited\Tim_1\BTP BD\SERAT OPTIK\JPL 16 CGB\0.jpg"
"SHA256","2F4D582819159DB4B4375F36C9868673EEE1C7D338FB76C4B85577BD0F3745F7","C:\Users\dikarm\Documents\Server\OCR-FOTO-P3STE\OCR_Foto_Timemark_App\04_photos_edited\Tim_1\BTP BD\SERAT OPTIK\JPL 16 CGB\100.jpg"
"SHA256","87965BE556DD735FD2F29599A246D6EC707DD5F7A8BD253328046408F680DDEE","C:\Users\dikarm\Documents\Server\OCR-FOTO-P3STE\OCR_Foto_Timemark_App\04_photos_edited\Tim_1\BTP BD\SERAT OPTIK\JPL 16 CGB\50.jpg"
"SHA256","0494C41ED2CAE111040C4A48B1A24299569DDC1C8C36251242E1789F96E4B249","C:\Users\dikarm\Documents\Server\OCR-FOTO-P3STE\OCR_Foto_Timemark_App\04_photos_edited\Tim_1\BTP BD\SINYAL\B101 BTT-MSG\0.jpg"
"SHA256","23494BDD9B2889FD1787A7CD8A558E4A3756B66D9955B15D3DC69926F11D2E15","C:\Users\dikarm\Documents\Server\OCR-FOTO-P3STE\OCR_Foto_Timemark_App\04_photos_edited\Tim_1\BTP BD\SINYAL\B101 BTT-MSG\100.jpg"
"SHA256","DA792FFA2BCD8273A31B22DA500217B952C803EE4E30CDB86C70CC16946243DF","C:\Users\dikarm\Documents\Server\OCR-FOTO-P3STE\OCR_Foto_Timemark_App\04_photos_edited\Tim_1\BTP BD\SINYAL\B101 BTT-MSG\50.jpg"
"SHA256","350A685086BCE0884D797FED30B586929B2AF00EED7D77F59637DB3B5F6BB81A","C:\Users\dikarm\Documents\Server\OCR-FOTO-P3STE\OCR_Foto_Timemark_App\04_photos_edited\Tim_1\BTP BD\SINYAL\B101 BTT-MSG\meta.json"
"SHA256","D88929D884EB07FC57C3185AB076DF5965D1010F321AB55F33F936E1A652264E","C:\Users\dikarm\Documents\Server\OCR-FOTO-P3STE\OCR_Foto_Timemark_App\04_photos_edited\Tim_1\BTP BD\SINYAL\B101 MSG-CCR\0.jpg"
"SHA256","8D56B523B12B170CD87F22D40A1E410201E2DEC58DCEDF7C7EFB3A5681900D9E","C:\Users\dikarm\Documents\Server\OCR-FOTO-P3STE\OCR_Foto_Timemark_App\04_photos_edited\Tim_1\BTP BD\SINYAL\B101 MSG-CCR\100.jpg"
"SHA256","5EC5CF73DF4EE80A66718CA06D4C1103A8A2586D525C22A2FC5590DB3C11185F","C:\Users\dikarm\Documents\Server\OCR-FOTO-P3STE\OCR_Foto_Timemark_App\04_photos_edited\Tim_1\BTP BD\SINYAL\B101 MSG-CCR\50.jpg"
"SHA256","8739990935DFFA8E6D6883213FDB1A27EA174C34868D3075ECE0298E2BA24892","C:\Users\dikarm\Documents\Server\OCR-FOTO-P3STE\OCR_Foto_Timemark_App\04_photos_edited\Tim_1\BTP BD\SINYAL\B201 CCR-MSG\0.jpg"
"SHA256","9C01938C92EA2CDEDB3A2FC93B6A195E6627178CA7128EFC82F0DF5A7EBCBE01","C:\Users\dikarm\Documents\Server\OCR-FOTO-P3STE\OCR_Foto_Timemark_App\04_photos_edited\Tim_1\BTP BD\SINYAL\B201 CCR-MSG\100.jpg"
"SHA256","C30D43FE64EEFFA3E9D196B2931239CF66852BABD522CBD967737BB3461728E3","C:\Users\dikarm\Documents\Server\OCR-FOTO-P3STE\OCR_Foto_Timemark_App\04_photos_edited\Tim_1\BTP BD\SINYAL\B201 CCR-MSG\50.jpg"
"SHA256","E841C08109CF35BCCF87A35F44814A44CF77326C709E761366046B4B59215B0E","C:\Users\dikarm\Documents\Server\OCR-FOTO-P3STE\OCR_Foto_Timemark_App\04_photos_edited\Tim_1\BTP BD\SINYAL\B201 MSG-BTT\0.jpg"
"SHA256","A2DC9AB56E0388185FEDADAA4EA80427CA994FF5E75006D080DC354A5B80F3E5","C:\Users\dikarm\Documents\Server\OCR-FOTO-P3STE\OCR_Foto_Timemark_App\04_photos_edited\Tim_1\BTP BD\SINYAL\B201 MSG-BTT\100.jpg"
"SHA256","409D84A73D7E69087CD51DBBC53ACE0CF05DF258D219A46945CD347D9BC57B3C","C:\Users\dikarm\Documents\Server\OCR-FOTO-P3STE\OCR_Foto_Timemark_App\04_photos_edited\Tim_1\BTP BD\SINYAL\B201 MSG-BTT\50.jpg"
"SHA256","1C770D6352162AE09B9F8169958BEC37CE4B248A3043C608FC12D4512192ED45","C:\Users\dikarm\Documents\Server\OCR-FOTO-P3STE\OCR_Foto_Timemark_App\04_photos_edited\Tim_1\BTP BD\SINYAL\J10 BTT\0.jpg"
"SHA256","75DAA454B697CFB73DC585A5E1F4349209E63E68114C209A7E86CA56DFC7C5BB","C:\Users\dikarm\Documents\Server\OCR-FOTO-P3STE\OCR_Foto_Timemark_App\04_photos_edited\Tim_1\BTP BD\SINYAL\J10 BTT\100.jpg"
"SHA256","B2E7BE1C884D4B40A11907F39A13D80C26DBFB641E9A3BCC592787E07C59CC14","C:\Users\dikarm\Documents\Server\OCR-FOTO-P3STE\OCR_Foto_Timemark_App\04_photos_edited\Tim_1\BTP BD\SINYAL\J10 BTT\50.jpg"
"SHA256","CCEF1FD42777E4350A43A16B1D17CA264D4F7C90E24F29F6CA5EEF9EB0E1AF30","C:\Users\dikarm\Documents\Server\OCR-FOTO-P3STE\OCR_Foto_Timemark_App\04_photos_edited\Tim_1\BTP BD\SINYAL\J10 MSG\0.jpg"
"SHA256","1AAF0573AD82995E2003471B475810EDFED3F13507E8046A8A3FC27BA8CB9A74","C:\Users\dikarm\Documents\Server\OCR-FOTO-P3STE\OCR_Foto_Timemark_App\04_photos_edited\Tim_1\BTP BD\SINYAL\J10 MSG\100.jpg"
"SHA256","642B1F7FC539A04652632ED6440187785119127A0999099D2170B886B940581F","C:\Users\dikarm\Documents\Server\OCR-FOTO-P3STE\OCR_Foto_Timemark_App\04_photos_edited\Tim_1\BTP BD\SINYAL\J10 MSG\50.jpg"
"SHA256","47E0CF8D183CF21E01C6ADF5697F1828CD12FAC76575945C59A51326F41CCF7B","C:\Users\dikarm\Documents\Server\OCR-FOTO-P3STE\OCR_Foto_Timemark_App\04_photos_edited\Tim_1\BTP BD\SINYAL\J10 MSG\meta.json"
"SHA256","91A296841C304E0B08C27106685C52325035D2AF697788A31C03D527C16E5E08","C:\Users\dikarm\Documents\Server\OCR-FOTO-P3STE\OCR_Foto_Timemark_App\04_photos_edited\Tim_1\BTP BD\SINYAL\J12 MSG\0.jpg"
"SHA256","66017434E672D8EA637FCB2EFB551369CA3017361CBA4AFE28442996A4FA18D9","C:\Users\dikarm\Documents\Server\OCR-FOTO-P3STE\OCR_Foto_Timemark_App\04_photos_edited\Tim_1\BTP BD\SINYAL\J12 MSG\100.jpg"
"SHA256","14200B4F0D78FEEC87F0466645923B1C800808203E7480B32E9D68D2B30FA687","C:\Users\dikarm\Documents\Server\OCR-FOTO-P3STE\OCR_Foto_Timemark_App\04_photos_edited\Tim_1\BTP BD\SINYAL\J12 MSG\50.jpg"
"SHA256","FDC5CC343FD681A0B9E626D0A1D98E46E33E49AF38C6D3858802BA3EA3DDD955","C:\Users\dikarm\Documents\Server\OCR-FOTO-P3STE\OCR_Foto_Timemark_App\04_photos_edited\Tim_1\BTP BD\SINYAL\J12 MSG\meta.json"
"SHA256","C6DF9084B743F50EB1CFF2EB2E04DE8606B9572311552D9B830A29DAC99093E0","C:\Users\dikarm\Documents\Server\OCR-FOTO-P3STE\OCR_Foto_Timemark_App\04_photos_edited\Tim_1\BTP BD\SINYAL\J12A BTT\0.jpg"
"SHA256","47A71C75CDC83838CE8491F953D0A8E896996047E8DB02BAF80CE1AFAE669E76","C:\Users\dikarm\Documents\Server\OCR-FOTO-P3STE\OCR_Foto_Timemark_App\04_photos_edited\Tim_1\BTP BD\SINYAL\J12A BTT\100.jpg"
"SHA256","93A98765E3576E30D7FC05EED8920E773D2FEDEF2DEAD2DD6BD003C814901C98","C:\Users\dikarm\Documents\Server\OCR-FOTO-P3STE\OCR_Foto_Timemark_App\04_photos_edited\Tim_1\BTP BD\SINYAL\J12A BTT\50.jpg"
"SHA256","C507D5498498E7941642517F30B874E0F2747ACA20965F7D3253238EB4E6E2CF","C:\Users\dikarm\Documents\Server\OCR-FOTO-P3STE\OCR_Foto_Timemark_App\04_photos_edited\Tim_1\BTP BD\SINYAL\J12B BTT\0.jpg"
"SHA256","EB60293E44C9542F8C316C9D08E52E9F604A1C7A8D871F86AE7A0B975836BFF5","C:\Users\dikarm\Documents\Server\OCR-FOTO-P3STE\OCR_Foto_Timemark_App\04_photos_edited\Tim_1\BTP BD\SINYAL\J12B BTT\100.jpg"
"SHA256","8F0099B132BE0555C25EEA4E0575DA656E1F04596F48E5372802AAC88128AF71","C:\Users\dikarm\Documents\Server\OCR-FOTO-P3STE\OCR_Foto_Timemark_App\04_photos_edited\Tim_1\BTP BD\SINYAL\J12B BTT\50.jpg"
"SHA256","7BB2548B11011FC30BABBC709121EC0FCFBD53FBA97C55B0E1A2EF6BE225A04A","C:\Users\dikarm\Documents\Server\OCR-FOTO-P3STE\OCR_Foto_Timemark_App\04_photos_edited\Tim_1\BTP BD\SINYAL\J14 BTT\0.jpg"
"SHA256","AE280E73FC8FBA8242833DF518620BEEAF46270AD999EE25EB3C834E7E905950","C:\Users\dikarm\Documents\Server\OCR-FOTO-P3STE\OCR_Foto_Timemark_App\04_photos_edited\Tim_1\BTP BD\SINYAL\J14 BTT\100.jpg"
"SHA256","9ECE5A4E1B12124A965D15345AD5631A4CBCD44AE0A2A74E0C81E799085EABD8","C:\Users\dikarm\Documents\Server\OCR-FOTO-P3STE\OCR_Foto_Timemark_App\04_photos_edited\Tim_1\BTP BD\SINYAL\J14 BTT\50.jpg"
"SHA256","3D36175EF83BB3CF62072BEF8E163116CA03F43470669484A13933CE6968A207","C:\Users\dikarm\Documents\Server\OCR-FOTO-P3STE\OCR_Foto_Timemark_App\04_photos_edited\Tim_1\BTP BD\SINYAL\J14 MSG\0.jpg"
"SHA256","6E2A8C8D607CAF4F8D06AFA3E3F6CB1A052F54F202D44E64D4D3D0879315F4FE","C:\Users\dikarm\Documents\Server\OCR-FOTO-P3STE\OCR_Foto_Timemark_App\04_photos_edited\Tim_1\BTP BD\SINYAL\J14 MSG\100.jpg"
"SHA256","0104631774D2A3E27A31E156458B14D5B0320386B84EB98FD77834CA9F2FD187","C:\Users\dikarm\Documents\Server\OCR-FOTO-P3STE\OCR_Foto_Timemark_App\04_photos_edited\Tim_1\BTP BD\SINYAL\J14 MSG\50.jpg"
"SHA256","F1917FAEA34227E1DF186565E6812DBF9C398A7BB60E98DEDC6E23F80FE955AA","C:\Users\dikarm\Documents\Server\OCR-FOTO-P3STE\OCR_Foto_Timemark_App\04_photos_edited\Tim_1\BTP BD\SINYAL\J20 BTT\0.jpg"
"SHA256","DC89CF20B267024F386C158E8A922B54E8D99DD31482E48110CFF9EFDE88197B","C:\Users\dikarm\Documents\Server\OCR-FOTO-P3STE\OCR_Foto_Timemark_App\04_photos_edited\Tim_1\BTP BD\SINYAL\J20 BTT\100.jpg"
"SHA256","310BBE39A4881A217BC97D44B5439184DFF1DB34FE630A18B11A728A4AE6FD30","C:\Users\dikarm\Documents\Server\OCR-FOTO-P3STE\OCR_Foto_Timemark_App\04_photos_edited\Tim_1\BTP BD\SINYAL\J20 BTT\50.jpg"
"SHA256","2652BBDCBD7EBC72E31C1C82B759F4420E5ED6B9CCC284E7BC1B041ABFCE9D3C","C:\Users\dikarm\Documents\Server\OCR-FOTO-P3STE\OCR_Foto_Timemark_App\04_photos_edited\Tim_1\BTP BD\SINYAL\J20 MSG\0.jpg"
"SHA256","DF1DD1FD7A986BE9203FC3052D34A3BD716C59C05F6A64643BCB5D24DDCED137","C:\Users\dikarm\Documents\Server\OCR-FOTO-P3STE\OCR_Foto_Timemark_App\04_photos_edited\Tim_1\BTP BD\SINYAL\J20 MSG\100.jpg"
"SHA256","6494942DDE9C57228C0D2958495C229DCFBCDFA4818D2F4A59291B05E15CECED","C:\Users\dikarm\Documents\Server\OCR-FOTO-P3STE\OCR_Foto_Timemark_App\04_photos_edited\Tim_1\BTP BD\SINYAL\J20 MSG\50.jpg"
"SHA256","D84BF0D2BAA6887FF67B694B15A9FE90F232E8E1CE140E958B9562CAD234F68A","C:\Users\dikarm\Documents\Server\OCR-FOTO-P3STE\OCR_Foto_Timemark_App\04_photos_edited\Tim_1\BTP BD\SINYAL\J22A BTT\0.jpg"
"SHA256","2DBFEB9FEB1FE2208492C4AA04072525E75E3755A25581CBDD711405F54059E3","C:\Users\dikarm\Documents\Server\OCR-FOTO-P3STE\OCR_Foto_Timemark_App\04_photos_edited\Tim_1\BTP BD\SINYAL\J22A BTT\100.jpg"
"SHA256","4D94F74D075F7AE87FF239049444280FE36F15A0F4D20B13E6BB2DA42A2D78AB","C:\Users\dikarm\Documents\Server\OCR-FOTO-P3STE\OCR_Foto_Timemark_App\04_photos_edited\Tim_1\BTP BD\SINYAL\J22A BTT\50.jpg"
"SHA256","41ACD4FE9BBC1537772C2B84776EE283075C0F680588B490BF71BEEF1340CCD2","C:\Users\dikarm\Documents\Server\OCR-FOTO-P3STE\OCR_Foto_Timemark_App\04_photos_edited\Tim_1\BTP BD\SINYAL\J22A BTT\meta.json"
"SHA256","A71DAACACDF87D2E8E4F6F5083D0DD14326E151B2456BEB0B788CD65661D1B8F","C:\Users\dikarm\Documents\Server\OCR-FOTO-P3STE\OCR_Foto_Timemark_App\04_photos_edited\Tim_1\BTP BD\SINYAL\J22A MSG\0.jpg"
"SHA256","824CF7D5BE3ABC596FCEC6DA114F9DEF51A507158D533B6DFC3B6010B8EFFA2D","C:\Users\dikarm\Documents\Server\OCR-FOTO-P3STE\OCR_Foto_Timemark_App\04_photos_edited\Tim_1\BTP BD\SINYAL\J22A MSG\100.jpg"
"SHA256","1E7396BCA5C1297C471A3F26FCB143E7BE7A9A17526F1BC088F21764A3965553","C:\Users\dikarm\Documents\Server\OCR-FOTO-P3STE\OCR_Foto_Timemark_App\04_photos_edited\Tim_1\BTP BD\SINYAL\J22A MSG\50.jpg"
"SHA256","2163F49EB6E7E61F68075E9658AAF279B8E25439B76B2EF3F1A4D02F6E08AAC6","C:\Users\dikarm\Documents\Server\OCR-FOTO-P3STE\OCR_Foto_Timemark_App\04_photos_edited\Tim_1\BTP BD\SINYAL\J22B BTT\0.jpg"
"SHA256","0ECD4F2330FA5645DDF94E634B8545500F3C55F69F89FFC0C87CD0CD4BB76986","C:\Users\dikarm\Documents\Server\OCR-FOTO-P3STE\OCR_Foto_Timemark_App\04_photos_edited\Tim_1\BTP BD\SINYAL\J22B BTT\100.jpg"
"SHA256","EC2838E21791BE0DA9C2887060B7F5FB74565005E82F96AE4751DEF2FCD6D8B8","C:\Users\dikarm\Documents\Server\OCR-FOTO-P3STE\OCR_Foto_Timemark_App\04_photos_edited\Tim_1\BTP BD\SINYAL\J22B BTT\50.jpg"
"SHA256","981C19D926649F02FE53C89F890B5712FCAB07B6A16DD55D5B66D11C856CCAA4","C:\Users\dikarm\Documents\Server\OCR-FOTO-P3STE\OCR_Foto_Timemark_App\04_photos_edited\Tim_1\BTP BD\SINYAL\J22B MSG\0.jpg"
"SHA256","343B4305309799427C1628100B3C6A59AF9E661ACF686514F01B16E5840AD50B","C:\Users\dikarm\Documents\Server\OCR-FOTO-P3STE\OCR_Foto_Timemark_App\04_photos_edited\Tim_1\BTP BD\SINYAL\J22B MSG\100.jpg"
"SHA256","5B9E427D9FEE0075B10263B444BE4096719B31174D7207543FC03E8F6913E2CD","C:\Users\dikarm\Documents\Server\OCR-FOTO-P3STE\OCR_Foto_Timemark_App\04_photos_edited\Tim_1\BTP BD\SINYAL\J22B MSG\50.jpg"
"SHA256","1240E14755393C3A20E9E881760A9F83C5EDAB0481812474DE2ACBA24BE38739","C:\Users\dikarm\Documents\Server\OCR-FOTO-P3STE\OCR_Foto_Timemark_App\04_photos_edited\Tim_1\BTP BD\SINYAL\J24 BTT\0.jpg"
"SHA256","ED9133396EB53630F07C7F3C7A0CDDE9F97C94CA314556EDF3241C7401C4F7B7","C:\Users\dikarm\Documents\Server\OCR-FOTO-P3STE\OCR_Foto_Timemark_App\04_photos_edited\Tim_1\BTP BD\SINYAL\J24 BTT\100.jpg"
"SHA256","B774B5F40A64063B2C7ACB823B3CAB964E1EEC4B33490912F282956990A6DDCF","C:\Users\dikarm\Documents\Server\OCR-FOTO-P3STE\OCR_Foto_Timemark_App\04_photos_edited\Tim_1\BTP BD\SINYAL\J24 BTT\50.jpg"
"SHA256","311CF665C91EF052F5DB1F370C022566A939BB94F8F71524C25164C57DCF1584","C:\Users\dikarm\Documents\Server\OCR-FOTO-P3STE\OCR_Foto_Timemark_App\04_photos_edited\Tim_1\BTP BD\SINYAL\J24 MSG\0.jpg"
"SHA256","301BDA35CDDBC931D0AF84A6529D8CAAA29D4B838A44329E8619922D297B311E","C:\Users\dikarm\Documents\Server\OCR-FOTO-P3STE\OCR_Foto_Timemark_App\04_photos_edited\Tim_1\BTP BD\SINYAL\J24 MSG\100.jpg"
"SHA256","980863DA28FE733C8D2714781E739012549D21B644F2D5553BA4D507C877A86A","C:\Users\dikarm\Documents\Server\OCR-FOTO-P3STE\OCR_Foto_Timemark_App\04_photos_edited\Tim_1\BTP BD\SINYAL\J24 MSG\50.jpg"
"SHA256","8ABDF69A42D172166AF5FB1C7246CDF4E7C58EF49AAE03FF8879F48C8CF55F4E","C:\Users\dikarm\Documents\Server\OCR-FOTO-P3STE\OCR_Foto_Timemark_App\04_photos_edited\Tim_1\BTP BD\SINYAL\J28 BOP\0.jpg"
"SHA256","901903B7738B3A5FAD299A61452FE73D71F4DC0A7479A3C488B964E17D110211","C:\Users\dikarm\Documents\Server\OCR-FOTO-P3STE\OCR_Foto_Timemark_App\04_photos_edited\Tim_1\BTP BD\SINYAL\J28 BOP\100.jpg"
"SHA256","E7694E2FE874BC6FFBA4C35591F83BDFE51E47B1DC43D2226FDE67B5CC07B4EF","C:\Users\dikarm\Documents\Server\OCR-FOTO-P3STE\OCR_Foto_Timemark_App\04_photos_edited\Tim_1\BTP BD\SINYAL\J28 BOP\50.jpg"
"SHA256","84C79E24D54D6B7C6F149AF5ACFE6EC72E2AF6CBF9599D506DB5C9E34529F5A5","C:\Users\dikarm\Documents\Server\OCR-FOTO-P3STE\OCR_Foto_Timemark_App\04_photos_edited\Tim_1\BTP BD\SINYAL\J28 BOP\meta.json"
"SHA256","5269A9619892DD24F4B4A60911C67C6B81F3A7996EC132F0E8A6245264854E5E","C:\Users\dikarm\Documents\Server\OCR-FOTO-P3STE\OCR_Foto_Timemark_App\04_photos_edited\Tim_1\BTP BD\SINYAL\J48 BOP\0.jpg"
"SHA256","E5ADEBBC66C3E0368F99135237042D7330FB60507551C9BC8B62C57A43DA03D0","C:\Users\dikarm\Documents\Server\OCR-FOTO-P3STE\OCR_Foto_Timemark_App\04_photos_edited\Tim_1\BTP BD\SINYAL\J48 BOP\100.jpg"
"SHA256","72AD1D92892C53B0DBD96DF231818188D5F3D7146C4485F72F004B9C312C458F","C:\Users\dikarm\Documents\Server\OCR-FOTO-P3STE\OCR_Foto_Timemark_App\04_photos_edited\Tim_1\BTP BD\SINYAL\J48 BOP\50.jpg"
"SHA256","F7A226552B0A5319B28BB5F2E95689A472376B7020F9A1A16C244196E484B42C","C:\Users\dikarm\Documents\Server\OCR-FOTO-P3STE\OCR_Foto_Timemark_App\04_photos_edited\Tim_1\BTP BD\SINYAL\J48 BOP\meta.json"
"SHA256","FDF8D98A4763F445BBEF7A315C43FB0B5A7D28E43CE05AC1953CABFCB6DBBAB2","C:\Users\dikarm\Documents\Server\OCR-FOTO-P3STE\OCR_Foto_Timemark_App\04_photos_edited\Tim_1\BTP BD\SINYAL\JL26A BOP\0.jpg"
"SHA256","56CE53284043875913437F167F4CFE776F049AE1D6681002E0C069C6F1B357B2","C:\Users\dikarm\Documents\Server\OCR-FOTO-P3STE\OCR_Foto_Timemark_App\04_photos_edited\Tim_1\BTP BD\SINYAL\JL26A BOP\100.jpg"
"SHA256","EA88693E7373AA99849C1F22ACB240097372F53AA5438B870D5D098ED35FF647","C:\Users\dikarm\Documents\Server\OCR-FOTO-P3STE\OCR_Foto_Timemark_App\04_photos_edited\Tim_1\BTP BD\SINYAL\JL26A BOP\50.jpg"
"SHA256","80F34D92B4E196294882DA7373054076DA0CCFCB923758A50B73DB53526902C8","C:\Users\dikarm\Documents\Server\OCR-FOTO-P3STE\OCR_Foto_Timemark_App\04_photos_edited\Tim_1\BTP BD\SINYAL\JL26A BOP\meta.json"
"SHA256","6E8A7B5235A57FEB34AF38A19917EEDC69DEEF8B9301827A5AF1CF8B8BE55A54","C:\Users\dikarm\Documents\Server\OCR-FOTO-P3STE\OCR_Foto_Timemark_App\04_photos_edited\Tim_1\BTP BD\SINYAL\JL26B BOP\0.jpg"
"SHA256","40B94CC9E7AAE97FB0A39D26DBC5067CBF5972ED2A172069E56D0148E1EFEB80","C:\Users\dikarm\Documents\Server\OCR-FOTO-P3STE\OCR_Foto_Timemark_App\04_photos_edited\Tim_1\BTP BD\SINYAL\JL26B BOP\100.jpg"
"SHA256","3081649B1C902083E9876FBE01C57BAAA4183A4CB8668337AFD8E2664DD2FA90","C:\Users\dikarm\Documents\Server\OCR-FOTO-P3STE\OCR_Foto_Timemark_App\04_photos_edited\Tim_1\BTP BD\SINYAL\JL26B BOP\50.jpg"
"SHA256","E70FA512BFD8780977D19A87D9679562EF1726E6F1EB9E9F88E2F0C9DB2AC171","C:\Users\dikarm\Documents\Server\OCR-FOTO-P3STE\OCR_Foto_Timemark_App\04_photos_edited\Tim_1\BTP BD\SINYAL\JL26B BOP\meta.json"
"SHA256","258FD606FC68BDC3D39A8DB2D1899BB30205C3352457699AC0BAC6297320DA1A","C:\Users\dikarm\Documents\Server\OCR-FOTO-P3STE\OCR_Foto_Timemark_App\04_photos_edited\Tim_1\BTP BD\SINYAL\JL46A BOP\0.jpg"
"SHA256","25775A33B2679096BB3503176DB5F23146E790FCC9F3AFF47C1CC8BDC5997FA6","C:\Users\dikarm\Documents\Server\OCR-FOTO-P3STE\OCR_Foto_Timemark_App\04_photos_edited\Tim_1\BTP BD\SINYAL\JL46A BOP\100.jpg"
"SHA256","8868A2DEC2EFBF6368B811F86A22C5CFCFADCEBE4A9889FB583F8B8FFCF1D3CB","C:\Users\dikarm\Documents\Server\OCR-FOTO-P3STE\OCR_Foto_Timemark_App\04_photos_edited\Tim_1\BTP BD\SINYAL\JL46A BOP\50.jpg"
"SHA256","247FF842F30DD523E3A64992EFC31FD3904F2054B790FD83A7649FAABE9FC44A","C:\Users\dikarm\Documents\Server\OCR-FOTO-P3STE\OCR_Foto_Timemark_App\04_photos_edited\Tim_1\BTP BD\SINYAL\JL46B BOP\0.jpg"
"SHA256","BD0E999EEFE6E4E6D9EE200C5BAAF3026ED52E27105BAA05C2AB135FF505ACE2","C:\Users\dikarm\Documents\Server\OCR-FOTO-P3STE\OCR_Foto_Timemark_App\04_photos_edited\Tim_1\BTP BD\SINYAL\JL46B BOP\100.jpg"
"SHA256","FA1FA6812B0155BC6E55402BE2233FB58C3215C103C374D474E86000B393D9EF","C:\Users\dikarm\Documents\Server\OCR-FOTO-P3STE\OCR_Foto_Timemark_App\04_photos_edited\Tim_1\BTP BD\SINYAL\JL46B BOP\50.jpg"
"SHA256","B396DABDB693766F25714ED282E4A50346E6B2DD18774F8B1788E0806D9D2565","C:\Users\dikarm\Documents\Server\OCR-FOTO-P3STE\OCR_Foto_Timemark_App\04_photos_edited\Tim_1\BTP BD\SINYAL\JL66B BOP\0.jpg"
"SHA256","9EA6DF1BD3184D293599D723F5DC25E60B9DD1633DBDDD6EEDC8212B335E910C","C:\Users\dikarm\Documents\Server\OCR-FOTO-P3STE\OCR_Foto_Timemark_App\04_photos_edited\Tim_1\BTP BD\SINYAL\JL66B BOP\100.jpg"
"SHA256","FA2D95658B563570778EE3F6C27E7BC657C0762A0D6BEECBD30C84A4064C39B8","C:\Users\dikarm\Documents\Server\OCR-FOTO-P3STE\OCR_Foto_Timemark_App\04_photos_edited\Tim_1\BTP BD\SINYAL\JL66B BOP\50.jpg"
"SHA256","DE0E193D271297D9BEEF64416EAFA5499C9D2090F46CCDCED8B8FC01C68467B0","C:\Users\dikarm\Documents\Server\OCR-FOTO-P3STE\OCR_Foto_Timemark_App\04_photos_edited\Tim_1\BTP BD\SINYAL\L28 BOP\0.jpg"
"SHA256","1AE27F0C2B5888E3DEE0122E27468DA5D3FC84497713BF2A92480812DAE89B77","C:\Users\dikarm\Documents\Server\OCR-FOTO-P3STE\OCR_Foto_Timemark_App\04_photos_edited\Tim_1\BTP BD\SINYAL\L28 BOP\100.jpg"
"SHA256","52024D8AFFE4F96F39DC53B531892A3ADBDB4CD220C87CEBB7624133CC787F47","C:\Users\dikarm\Documents\Server\OCR-FOTO-P3STE\OCR_Foto_Timemark_App\04_photos_edited\Tim_1\BTP BD\SINYAL\L28 BOP\50.jpg"
"SHA256","AA5021A50C69A1F147C097D715D8CD34F2CBE83DF4120E68098CF2C1A4FE15FC","C:\Users\dikarm\Documents\Server\OCR-FOTO-P3STE\OCR_Foto_Timemark_App\04_photos_edited\Tim_1\BTP BD\SINYAL\L28 BOP\meta.json"
"SHA256","FCB1E4325A23578C2A9EA369F93FAF83FD1A844BF36D6C3D13985FC5BE793546","C:\Users\dikarm\Documents\Server\OCR-FOTO-P3STE\OCR_Foto_Timemark_App\04_photos_edited\Tim_1\BTP BD\SINYAL\L47A BOP\0.jpg"
"SHA256","EFA9F96A1D1127913974CDCDBB9502D3F02D23060F5B2671180BAD6C395D3C78","C:\Users\dikarm\Documents\Server\OCR-FOTO-P3STE\OCR_Foto_Timemark_App\04_photos_edited\Tim_1\BTP BD\SINYAL\L47A BOP\100.jpg"
"SHA256","FAF19C6DE23D56E4C2B43CC40E25D00E6D775C453081C65B00C8B0FBCCF8F85A","C:\Users\dikarm\Documents\Server\OCR-FOTO-P3STE\OCR_Foto_Timemark_App\04_photos_edited\Tim_1\BTP BD\SINYAL\L47A BOP\50.jpg"
"SHA256","447AECE84152B1483E25965AC4B2200D4EF9B40BA17271254C30996D83D9CCC7","C:\Users\dikarm\Documents\Server\OCR-FOTO-P3STE\OCR_Foto_Timemark_App\04_photos_edited\Tim_1\BTP BD\SINYAL\L47B BOP\0.jpg"
"SHA256","40A9E17C13791C14092B31E94BC91DFB89B2C11304FBBF2CB617ED7876694FA0","C:\Users\dikarm\Documents\Server\OCR-FOTO-P3STE\OCR_Foto_Timemark_App\04_photos_edited\Tim_1\BTP BD\SINYAL\L47B BOP\100.jpg"
"SHA256","08E8CEB9403E2CA00C7A7BC3D0C2CE0E5EF605A9A7602662A35D1D9F83625EA6","C:\Users\dikarm\Documents\Server\OCR-FOTO-P3STE\OCR_Foto_Timemark_App\04_photos_edited\Tim_1\BTP BD\SINYAL\L47B BOP\50.jpg"
"SHA256","8131CB628E4C39D7CC4C8D1768C490C302D748B5C6226AE231738058654BD18C","C:\Users\dikarm\Documents\Server\OCR-FOTO-P3STE\OCR_Foto_Timemark_App\04_photos_edited\Tim_1\BTP BD\SINYAL\L68 BOP\0.jpg"
"SHA256","D3962C3C597A982F683AF5588B2410F72880B87E274794F440E58B7BC79F3255","C:\Users\dikarm\Documents\Server\OCR-FOTO-P3STE\OCR_Foto_Timemark_App\04_photos_edited\Tim_1\BTP BD\SINYAL\L68 BOP\100.jpg"
"SHA256","374BC6A10D6DB44EA7BD8CA86F5EF68865DD943B0EF35EC1AD0E3BB20AEF07A2","C:\Users\dikarm\Documents\Server\OCR-FOTO-P3STE\OCR_Foto_Timemark_App\04_photos_edited\Tim_1\BTP BD\SINYAL\L68 BOP\50.jpg"
"SHA256","0B945A727BFD1105CD434A919CC2466275268B81E4F4D513292924B30565C051","C:\Users\dikarm\Documents\Server\OCR-FOTO-P3STE\OCR_Foto_Timemark_App\04_photos_edited\Tim_1\BTP BD\SINYAL\L68 BOP\meta.json"
"SHA256","F65D363728D9E917198F3A1B0E6DF87ECBF1BC131019EC6611AD6AD1EB729725","C:\Users\dikarm\Documents\Server\OCR-FOTO-P3STE\OCR_Foto_Timemark_App\04_photos_edited\Tim_1\BTP BD\SINYAL\MB101 BTT-MSG\0.jpg"
"SHA256","793170778318C0BDDF0F1740805EA7F25F8E3ADDC5D2AD090D2660C778FFE186","C:\Users\dikarm\Documents\Server\OCR-FOTO-P3STE\OCR_Foto_Timemark_App\04_photos_edited\Tim_1\BTP BD\SINYAL\MB101 BTT-MSG\100.jpg"
"SHA256","28D7F0D2F7BC5AA2DB31A48E37A241C9E1E050DB4D1A3708577F50AA0B0F70E8","C:\Users\dikarm\Documents\Server\OCR-FOTO-P3STE\OCR_Foto_Timemark_App\04_photos_edited\Tim_1\BTP BD\SINYAL\MB101 BTT-MSG\50.jpg"
"SHA256","0A2820626B964C1E0D7A36897E0441F16DD9211C2AB424542C27462ACBFD047A","C:\Users\dikarm\Documents\Server\OCR-FOTO-P3STE\OCR_Foto_Timemark_App\04_photos_edited\Tim_1\BTP BD\SINYAL\MB101 MSG-CCR\0.jpg"
"SHA256","AB8FED9CA8634D41106635C96AD7754A616FA41BF8BD9B00A2409B3882E3A1A4","C:\Users\dikarm\Documents\Server\OCR-FOTO-P3STE\OCR_Foto_Timemark_App\04_photos_edited\Tim_1\BTP BD\SINYAL\MB101 MSG-CCR\100.jpg"
"SHA256","6611E9604DD10AA21B38496F143316807CFFBC904395CF65B69414C96C325405","C:\Users\dikarm\Documents\Server\OCR-FOTO-P3STE\OCR_Foto_Timemark_App\04_photos_edited\Tim_1\BTP BD\SINYAL\MB101 MSG-CCR\50.jpg"
"SHA256","120B318A82CB545FF9D5AB3D8C0062021054FA4F90F2EF4053443DAE1DCC81FC","C:\Users\dikarm\Documents\Server\OCR-FOTO-P3STE\OCR_Foto_Timemark_App\04_photos_edited\Tim_1\BTP BD\SINYAL\MB201 CCR-MSG\0.jpg"
"SHA256","0FCF5133C7A76AC932510DA4EF09CEC2EAB207FF8BA7ACD632E57BC679345E7C","C:\Users\dikarm\Documents\Server\OCR-FOTO-P3STE\OCR_Foto_Timemark_App\04_photos_edited\Tim_1\BTP BD\SINYAL\MB201 CCR-MSG\100.jpg"
"SHA256","ED04EA40B93B4CDD6D5494BA76CFA83AC7AA5364F4C6F7955D67F6C180C32397","C:\Users\dikarm\Documents\Server\OCR-FOTO-P3STE\OCR_Foto_Timemark_App\04_photos_edited\Tim_1\BTP BD\SINYAL\MB201 CCR-MSG\50.jpg"
"SHA256","71265FF5FCEE923AB35E00363A86E4E679F6C58B3159946F092D85617A28663C","C:\Users\dikarm\Documents\Server\OCR-FOTO-P3STE\OCR_Foto_Timemark_App\04_photos_edited\Tim_1\BTP BD\SINYAL\MB201 MSG-BTT\0.jpg"
"SHA256","F7C74ABDCDA692C96119B23B1D86C3FD86D5B8EF47046CE0390BF62C26C6CCAC","C:\Users\dikarm\Documents\Server\OCR-FOTO-P3STE\OCR_Foto_Timemark_App\04_photos_edited\Tim_1\BTP BD\SINYAL\MB201 MSG-BTT\100.jpg"
"SHA256","B6491DF5E76451E347450008D752AE214EA8801C95EA9E14D6BB4D57F22710EB","C:\Users\dikarm\Documents\Server\OCR-FOTO-P3STE\OCR_Foto_Timemark_App\04_photos_edited\Tim_1\BTP BD\SINYAL\MB201 MSG-BTT\50.jpg"
"SHA256","0D6293AB7C1D6DE545CC5A555C7F49B89AB5066E7662D7F8D86DF20AA8638AA8","C:\Users\dikarm\Documents\Server\OCR-FOTO-P3STE\OCR_Foto_Timemark_App\04_photos_edited\Tim_1\BTP BD\SINYAL\MJ10 BOP-BTT\0.jpg"
"SHA256","0E6BAAE0C0733089F663C8E10FF22A69A2BDB1604DF50821DFCD8D7D09C0646E","C:\Users\dikarm\Documents\Server\OCR-FOTO-P3STE\OCR_Foto_Timemark_App\04_photos_edited\Tim_1\BTP BD\SINYAL\MJ10 BOP-BTT\100.jpg"
"SHA256","467797EC4EB01F76B44748C241D9DFF6DCBB9CF75348ADA1795DEF732A0E282E","C:\Users\dikarm\Documents\Server\OCR-FOTO-P3STE\OCR_Foto_Timemark_App\04_photos_edited\Tim_1\BTP BD\SINYAL\MJ10 BOP-BTT\50.jpg"
"SHA256","2B81CFA35CFBFA5F7E63E3B8B44FEB236E7A0CFAA6F5B4EB768ECF23C93C377A","C:\Users\dikarm\Documents\Server\OCR-FOTO-P3STE\OCR_Foto_Timemark_App\04_photos_edited\Tim_1\BTP BD\SINYAL\MJ10 BOP-BTT\meta.json"
"SHA256","9E9756E81614BDE7EB552B11237FCDEAEEB21B71F65086E49CB6C740CD6A7D69","C:\Users\dikarm\Documents\Server\OCR-FOTO-P3STE\OCR_Foto_Timemark_App\04_photos_edited\Tim_1\BTP BD\SINYAL\MJ10 BTT-MSG\0.jpg"
"SHA256","1C3B0DB20BB95C5BBE12E7A4CC61A1D0BD5C7961CC5C240256411CB3E136192B","C:\Users\dikarm\Documents\Server\OCR-FOTO-P3STE\OCR_Foto_Timemark_App\04_photos_edited\Tim_1\BTP BD\SINYAL\MJ10 BTT-MSG\100.jpg"
"SHA256","F380C69EC9777696612E29727D90604FB14005EF189BBA601F0F95823661EC9B","C:\Users\dikarm\Documents\Server\OCR-FOTO-P3STE\OCR_Foto_Timemark_App\04_photos_edited\Tim_1\BTP BD\SINYAL\MJ10 BTT-MSG\50.jpg"
"SHA256","6E11DB8F1DE22421388BE246313E70A9A3D744E6618271F545B217E7AECB65BB","C:\Users\dikarm\Documents\Server\OCR-FOTO-P3STE\OCR_Foto_Timemark_App\04_photos_edited\Tim_1\BTP BD\SINYAL\MJ14 CCR-MSG\0.jpg"
"SHA256","4799C605E430FA8A77300BD4D4A46A37DB25FF816730516DEE1F680969790CBE","C:\Users\dikarm\Documents\Server\OCR-FOTO-P3STE\OCR_Foto_Timemark_App\04_photos_edited\Tim_1\BTP BD\SINYAL\MJ14 CCR-MSG\100.jpg"
"SHA256","F4A3F85DBE58B7D20844394C37B83CDC258BA4355B7779D021AA27A40BA727DD","C:\Users\dikarm\Documents\Server\OCR-FOTO-P3STE\OCR_Foto_Timemark_App\04_photos_edited\Tim_1\BTP BD\SINYAL\MJ14 CCR-MSG\50.jpg"
"SHA256","CF95AD47CB46829A23F78F64ADAC413458205070469D62FE82BA33D6D7832E0B","C:\Users\dikarm\Documents\Server\OCR-FOTO-P3STE\OCR_Foto_Timemark_App\04_photos_edited\Tim_1\BTP BD\SINYAL\MJ14 CCR-MSG\meta.json"
"SHA256","25471EDA8DDDA9D8815A983B51380BC32902226630A8E2E50B1FA242660BD36B","C:\Users\dikarm\Documents\Server\OCR-FOTO-P3STE\OCR_Foto_Timemark_App\04_photos_edited\Tim_1\BTP BD\SINYAL\MJ14 MSG-BTT\0.jpg"
"SHA256","A62742B49D66E5E21DC9053D5F05FCA3545059AF87D2AA357F7FBA68B0741F1F","C:\Users\dikarm\Documents\Server\OCR-FOTO-P3STE\OCR_Foto_Timemark_App\04_photos_edited\Tim_1\BTP BD\SINYAL\MJ14 MSG-BTT\100.jpg"
"SHA256","1EF03E1D4460337FACB13E6B00C8A9EF00B383E934E3B6E940AE66956C3CF4D0","C:\Users\dikarm\Documents\Server\OCR-FOTO-P3STE\OCR_Foto_Timemark_App\04_photos_edited\Tim_1\BTP BD\SINYAL\MJ14 MSG-BTT\50.jpg"
"SHA256","1A1E7EC8F0E56AFB62D4BE506972DED73B8B9F759D578D25432436409F87F899","C:\Users\dikarm\Documents\Server\OCR-FOTO-P3STE\OCR_Foto_Timemark_App\04_photos_edited\Tim_1\BTP BD\SINYAL\MJ20 BOP-BTT\0.jpg"
"SHA256","D889733988B3EC72AF626A455A29A8726D39B6F20A6933D17E39FD349CB2C7BD","C:\Users\dikarm\Documents\Server\OCR-FOTO-P3STE\OCR_Foto_Timemark_App\04_photos_edited\Tim_1\BTP BD\SINYAL\MJ20 BOP-BTT\100.jpg"
"SHA256","B985954BBC01348D5AA8EAEC73778D8EB2E03386360A3EDDBC4CA9FBD7482A68","C:\Users\dikarm\Documents\Server\OCR-FOTO-P3STE\OCR_Foto_Timemark_App\04_photos_edited\Tim_1\BTP BD\SINYAL\MJ20 BOP-BTT\50.jpg"
"SHA256","FAB8B91A3E997DAABDC184D89F8B77646748D7997C1798807AEEA2BC7CFF8042","C:\Users\dikarm\Documents\Server\OCR-FOTO-P3STE\OCR_Foto_Timemark_App\04_photos_edited\Tim_1\BTP BD\SINYAL\MJ20 BTT-MSG\0.jpg"
"SHA256","99344F685E7828359DA0CFA055896B000688279D017D6B24E6668AA443ABF93E","C:\Users\dikarm\Documents\Server\OCR-FOTO-P3STE\OCR_Foto_Timemark_App\04_photos_edited\Tim_1\BTP BD\SINYAL\MJ20 BTT-MSG\100.jpg"
"SHA256","3632DE3BB70819F3ABD88D136B59E3AF161380E897CF6DB1F97AFB4F10AD52CF","C:\Users\dikarm\Documents\Server\OCR-FOTO-P3STE\OCR_Foto_Timemark_App\04_photos_edited\Tim_1\BTP BD\SINYAL\MJ20 BTT-MSG\50.jpg"
"SHA256","A16AD96E4E11ECA931C2138681ECD0B9837AA948642EF29564E3C579C30D73D4","C:\Users\dikarm\Documents\Server\OCR-FOTO-P3STE\OCR_Foto_Timemark_App\04_photos_edited\Tim_1\BTP BD\SINYAL\MJ24 CCR-MSG\0.jpg"
"SHA256","FCD9084A37D33F4E5F323916BA0DB8338363A7A1D1315691401E1FBF5AFDEE61","C:\Users\dikarm\Documents\Server\OCR-FOTO-P3STE\OCR_Foto_Timemark_App\04_photos_edited\Tim_1\BTP BD\SINYAL\MJ24 CCR-MSG\100.jpg"
"SHA256","BF252DCB5306007E2BCA18E28E40287D66C94AB2B0DB7402FE0B52F301A8FD39","C:\Users\dikarm\Documents\Server\OCR-FOTO-P3STE\OCR_Foto_Timemark_App\04_photos_edited\Tim_1\BTP BD\SINYAL\MJ24 CCR-MSG\50.jpg"
"SHA256","B414B55411E57F311591F96A0EFA09A762BD5F72E776CDB0E88754875D0DBE77","C:\Users\dikarm\Documents\Server\OCR-FOTO-P3STE\OCR_Foto_Timemark_App\04_photos_edited\Tim_1\BTP BD\SINYAL\MJ24 MSG-BTT\0.jpg"
"SHA256","15A5E2A33ADA414BBCB7243F3D4F14F9770AFE369DA3E786C2CBF784FB8EF849","C:\Users\dikarm\Documents\Server\OCR-FOTO-P3STE\OCR_Foto_Timemark_App\04_photos_edited\Tim_1\BTP BD\SINYAL\MJ24 MSG-BTT\100.jpg"
"SHA256","9A4ED21B029BC6B4E9BCC5341079076DAEF6FB308FCFFF0AF80382815A1CFD11","C:\Users\dikarm\Documents\Server\OCR-FOTO-P3STE\OCR_Foto_Timemark_App\04_photos_edited\Tim_1\BTP BD\SINYAL\MJ24 MSG-BTT\50.jpg"
"SHA256","4FCB800A5D78902549C95119840108CB83153F94146815ED04F0DC10181377FA","C:\Users\dikarm\Documents\Server\OCR-FOTO-P3STE\OCR_Foto_Timemark_App\04_photos_edited\Tim_1\BTP BD\SINYAL\MJ28 BOP-BTT\0.jpg"
"SHA256","6532C07F7EE6A4074EDAC75F9B180F44A7F6002E05D6FE6D89D2008A2C812B11","C:\Users\dikarm\Documents\Server\OCR-FOTO-P3STE\OCR_Foto_Timemark_App\04_photos_edited\Tim_1\BTP BD\SINYAL\MJ28 BOP-BTT\100.jpg"
"SHA256","46A4D5453733C3972FAEC3A3D0DC71A878BB95BA69DD14E12F6FF1348F98F5E0","C:\Users\dikarm\Documents\Server\OCR-FOTO-P3STE\OCR_Foto_Timemark_App\04_photos_edited\Tim_1\BTP BD\SINYAL\MJ28 BOP-BTT\50.jpg"
"SHA256","29032199F03155E6E7CEF8CB0508ADD277DE8FC94EF77AC7F5C0D78F82BB5D1D","C:\Users\dikarm\Documents\Server\OCR-FOTO-P3STE\OCR_Foto_Timemark_App\04_photos_edited\Tim_1\BTP BD\SINYAL\MJ48 BOP-BTT\0.jpg"
"SHA256","D1BAA18A22506959AA39F446800D28254E8719C01FC20F623323EB0C990EAD0D","C:\Users\dikarm\Documents\Server\OCR-FOTO-P3STE\OCR_Foto_Timemark_App\04_photos_edited\Tim_1\BTP BD\SINYAL\MJ48 BOP-BTT\100.jpg"
"SHA256","915FA18326736EA4D5D40AE0EE3969661C953E87DBA3CF98662798EEB39E73AE","C:\Users\dikarm\Documents\Server\OCR-FOTO-P3STE\OCR_Foto_Timemark_App\04_photos_edited\Tim_1\BTP BD\SINYAL\MJ48 BOP-BTT\50.jpg"
"SHA256","4D24E0F43ECC2FD38A8F6716072D476359FA4CD7C4004162AB0422424D755D78","C:\Users\dikarm\Documents\Server\OCR-FOTO-P3STE\OCR_Foto_Timemark_App\04_photos_edited\Tim_1\BTP BD\SINYAL\UJ12 MSG\0.jpg"
"SHA256","0E3FB4623F8F17DCA135884B55A8EA2578806BEC4E0517CE73DB47F350438FCA","C:\Users\dikarm\Documents\Server\OCR-FOTO-P3STE\OCR_Foto_Timemark_App\04_photos_edited\Tim_1\BTP BD\SINYAL\UJ12 MSG\100.jpg"
"SHA256","C092B0431DCC6E58F4E60BD2AFC88DD12923D5E667D8B2A5844B2D5D0A6A1AC1","C:\Users\dikarm\Documents\Server\OCR-FOTO-P3STE\OCR_Foto_Timemark_App\04_photos_edited\Tim_1\BTP BD\SINYAL\UJ12 MSG\50.jpg"
"SHA256","7E9338CAAE84B74BDF7E00F3E3B80AFDF1050AC63ADFEB48F17F08DEF39A9075","C:\Users\dikarm\Documents\Server\OCR-FOTO-P3STE\OCR_Foto_Timemark_App\04_photos_edited\Tim_1\BTP BD\SINYAL\UJ22B MSG\0.jpg"
"SHA256","95413D4D653CDEE4589A30B0201D6C63F547F7D9EC827F3FBCB8241D7F49FD05","C:\Users\dikarm\Documents\Server\OCR-FOTO-P3STE\OCR_Foto_Timemark_App\04_photos_edited\Tim_1\BTP BD\SINYAL\UJ22B MSG\100.jpg"
"SHA256","0869D35914001D49C6E534745C9CBBD9257230E6BC301A10CEAE7FAD2430E6C2","C:\Users\dikarm\Documents\Server\OCR-FOTO-P3STE\OCR_Foto_Timemark_App\04_photos_edited\Tim_1\BTP BD\SINYAL\UJ22B MSG\50.jpg"
"SHA256","32F620CAFE577C83811A8BD4335BE18E9A8FC5B09544CA25BC7556BE0D0A9D9B","C:\Users\dikarm\Documents\Server\OCR-FOTO-P3STE\OCR_Foto_Timemark_App\04_photos_edited\Tim_1\BTP BD\SINYAL\UJ26B BOP\0.jpg"
"SHA256","CD1A4C8030D9415F72ABDC1B9D70B959EF30B1759DCED32480B2684A5ED133B5","C:\Users\dikarm\Documents\Server\OCR-FOTO-P3STE\OCR_Foto_Timemark_App\04_photos_edited\Tim_1\BTP BD\SINYAL\UJ26B BOP\100.jpg"
"SHA256","88BBCFB286095F9B3D5CFD5095456A17D892BCE675C5FD9BC6CE91328E57FD85","C:\Users\dikarm\Documents\Server\OCR-FOTO-P3STE\OCR_Foto_Timemark_App\04_photos_edited\Tim_1\BTP BD\SINYAL\UJ26B BOP\50.jpg"
"SHA256","1B937B748B9145BDBBDAF544C40D3428E4C557484D6939B9732391DDE96385B9","C:\Users\dikarm\Documents\Server\OCR-FOTO-P3STE\OCR_Foto_Timemark_App\04_photos_edited\Tim_1\BTP BD\SINYAL\UJ26B BOP\meta.json"
"SHA256","53AF82E8C2B99EB8621AE3FE0B6D6EE8CFB655A4750FD16A1814E73C3FFF72F3","C:\Users\dikarm\Documents\Server\OCR-FOTO-P3STE\OCR_Foto_Timemark_App\04_photos_edited\Tim_1\BTP BD\WESEL\W11 MSG_06-08\0.jpg"
"SHA256","006A6BC715C0BA91B9E211851413B455F9A7CE24EF1A33E494C3E9AD19802AD4","C:\Users\dikarm\Documents\Server\OCR-FOTO-P3STE\OCR_Foto_Timemark_App\04_photos_edited\Tim_1\BTP BD\WESEL\W11 MSG_06-08\100.jpg"
"SHA256","B7DAB345DB7759B3BB6FBA14F5D5A76868D73EC451AD583342C21225511F2525","C:\Users\dikarm\Documents\Server\OCR-FOTO-P3STE\OCR_Foto_Timemark_App\04_photos_edited\Tim_1\BTP BD\WESEL\W11 MSG_06-08\50.jpg"
"SHA256","31EEC890FFC06082138BF96D4BC06356B304F559F35F69255A920FA9EE3EF132","C:\Users\dikarm\Documents\Server\OCR-FOTO-P3STE\OCR_Foto_Timemark_App\04_photos_edited\Tim_1\BTP BD\WESEL\W11 MSG_20-08\0.jpg"
"SHA256","B523DEDF61D7DADE31705AC9AC5A83D5408F3ED0C2B93209FAE17FF8BB8367A5","C:\Users\dikarm\Documents\Server\OCR-FOTO-P3STE\OCR_Foto_Timemark_App\04_photos_edited\Tim_1\BTP BD\WESEL\W11 MSG_20-08\100.jpg"
"SHA256","B2063A90F8BDBD89C54100023BE60EE8F964BD60E666A724BDC06969A1FC0871","C:\Users\dikarm\Documents\Server\OCR-FOTO-P3STE\OCR_Foto_Timemark_App\04_photos_edited\Tim_1\BTP BD\WESEL\W11 MSG_20-08\50.jpg"
"SHA256","3846C5FC719A653CA892AC481B675932371A9A6EB50DF82630BD6251568FA92B","C:\Users\dikarm\Documents\Server\OCR-FOTO-P3STE\OCR_Foto_Timemark_App\04_photos_edited\Tim_1\BTP BD\WESEL\W11 MSG_20-08\meta.json"
"SHA256","5EBB8744FE7D1B1000F115F1AF8990BAA7E6EF579C3AEA1736DB9098BC6F1225","C:\Users\dikarm\Documents\Server\OCR-FOTO-P3STE\OCR_Foto_Timemark_App\04_photos_edited\Tim_1\BTP BD\WESEL\W13 MSG_06-08\0.jpg"
"SHA256","60EC1FC38D334111090F4117EE798CAC0D5C2E4EB7FDADC29A046418D1B47AC7","C:\Users\dikarm\Documents\Server\OCR-FOTO-P3STE\OCR_Foto_Timemark_App\04_photos_edited\Tim_1\BTP BD\WESEL\W13 MSG_06-08\100.jpg"
"SHA256","EFE242E4246CF747BD25924B582AA88E9101747552404D898E438E751E14A12B","C:\Users\dikarm\Documents\Server\OCR-FOTO-P3STE\OCR_Foto_Timemark_App\04_photos_edited\Tim_1\BTP BD\WESEL\W13 MSG_06-08\50.jpg"
"SHA256","5B87F591E42A2E484BF92050A1A8B43AA60FABE3DDF91119A552C0F5118906C3","C:\Users\dikarm\Documents\Server\OCR-FOTO-P3STE\OCR_Foto_Timemark_App\04_photos_edited\Tim_1\BTP BD\WESEL\W13 MSG_20-08\0.jpg"
"SHA256","A9A75B9DEEBB4654E47ECE0476745B213F333153445686EE6E07E344811A8887","C:\Users\dikarm\Documents\Server\OCR-FOTO-P3STE\OCR_Foto_Timemark_App\04_photos_edited\Tim_1\BTP BD\WESEL\W13 MSG_20-08\100.jpg"
"SHA256","96BED2947BBE85691347FBBB7D449F049C7A33D4D637AC98C121D5B1D556ED83","C:\Users\dikarm\Documents\Server\OCR-FOTO-P3STE\OCR_Foto_Timemark_App\04_photos_edited\Tim_1\BTP BD\WESEL\W13 MSG_20-08\50.jpg"
"SHA256","719F9291D0F4DD2E3850C7137C36017CE2438DDD9594F39FB233EFB57F116DDC","C:\Users\dikarm\Documents\Server\OCR-FOTO-P3STE\OCR_Foto_Timemark_App\04_photos_edited\Tim_1\BTP BD\WESEL\W21 MSG_06-08\0.jpg"
"SHA256","1B7F5F9323FFD480BA31654766636274655E00DEF9AB769B6994587BA6FA1E4C","C:\Users\dikarm\Documents\Server\OCR-FOTO-P3STE\OCR_Foto_Timemark_App\04_photos_edited\Tim_1\BTP BD\WESEL\W21 MSG_06-08\100.jpg"
"SHA256","B9742D9DE2F42994522E8F090B9F13C1C0D58218532A62C4CEE73F8B334A6549","C:\Users\dikarm\Documents\Server\OCR-FOTO-P3STE\OCR_Foto_Timemark_App\04_photos_edited\Tim_1\BTP BD\WESEL\W21 MSG_06-08\50.jpg"
"SHA256","65FBA71A035A07525C710D4266611DEBAE36A0DA5EFD082EC67FFEBE96A75346","C:\Users\dikarm\Documents\Server\OCR-FOTO-P3STE\OCR_Foto_Timemark_App\04_photos_edited\Tim_1\BTP BD\WESEL\W21 MSG_20-08\0.jpg"
"SHA256","88ED4072152211C2C092639AAF0EAAD8294F5A2A505EC0297B2BF2FEA4BE798C","C:\Users\dikarm\Documents\Server\OCR-FOTO-P3STE\OCR_Foto_Timemark_App\04_photos_edited\Tim_1\BTP BD\WESEL\W21 MSG_20-08\100.jpg"
"SHA256","8ED6E371DB4E15646584489FF211A40512D9ADD4B8F1126ED1F9C897554CA87C","C:\Users\dikarm\Documents\Server\OCR-FOTO-P3STE\OCR_Foto_Timemark_App\04_photos_edited\Tim_1\BTP BD\WESEL\W21 MSG_20-08\50.jpg"
"SHA256","29CE4AB56B1B2B48F6A0F768AC1DE496D2FFA1B456B688B648175324259C72E0","C:\Users\dikarm\Documents\Server\OCR-FOTO-P3STE\OCR_Foto_Timemark_App\04_photos_edited\Tim_1\BTP BD\WESEL\W23 MSG_06-08\0.jpg"
"SHA256","E3F647DE3E2852C7FCC9D60EDE1A53CD0600C59DD8358EB8985181BE0020EECA","C:\Users\dikarm\Documents\Server\OCR-FOTO-P3STE\OCR_Foto_Timemark_App\04_photos_edited\Tim_1\BTP BD\WESEL\W23 MSG_06-08\100.jpg"
"SHA256","5278074BFAAD695E4ACE4A6226084FB057487601BA303D9048E70D586EDB7B6C","C:\Users\dikarm\Documents\Server\OCR-FOTO-P3STE\OCR_Foto_Timemark_App\04_photos_edited\Tim_1\BTP BD\WESEL\W23 MSG_06-08\50.jpg"
"SHA256","9EE1F52F9F0765B7EB5759D0EFDCB860402606E3D008D1877B06C0D83E376FFA","C:\Users\dikarm\Documents\Server\OCR-FOTO-P3STE\OCR_Foto_Timemark_App\04_photos_edited\Tim_1\BTP BD\WESEL\W23 MSG_20-08\0.jpg"
"SHA256","4E736D673C7E860AD389FDA6976C0A05FBE1C565A4AB8737432956B7C1A54EFA","C:\Users\dikarm\Documents\Server\OCR-FOTO-P3STE\OCR_Foto_Timemark_App\04_photos_edited\Tim_1\BTP BD\WESEL\W23 MSG_20-08\100.jpg"
"SHA256","F5A27707461B23F34F7EFC4B2F510A7E4A9536290EBC7AA974C074D2423C2233","C:\Users\dikarm\Documents\Server\OCR-FOTO-P3STE\OCR_Foto_Timemark_App\04_photos_edited\Tim_1\BTP BD\WESEL\W23 MSG_20-08\50.jpg"
"SHA256","50AB5C3263853BC63F3227C2EDB6835E992D6F32822DE2E7F5E0058BD2B2265A","C:\Users\dikarm\Documents\Server\OCR-FOTO-P3STE\OCR_Foto_Timemark_App\04_photos_edited\Tim_1\BTP BD\WESEL\W23 MSG_20-08\meta.json"
"SHA256","240A3C0530E1D48664150D3A3E6CCFB8D15A1B6CC75541620EC5A2B031F9218A","C:\Users\dikarm\Documents\Server\OCR-FOTO-P3STE\OCR_Foto_Timemark_App\04_photos_edited\Tim_1\BTP BD\WESEL\W25 BOP_04-08\0.jpg"
"SHA256","287D045D06826A57EDBCEC25426B4B86347083B94D0B707F86107EE4CDEE8008","C:\Users\dikarm\Documents\Server\OCR-FOTO-P3STE\OCR_Foto_Timemark_App\04_photos_edited\Tim_1\BTP BD\WESEL\W25 BOP_04-08\100.jpg"
"SHA256","EF35A76C4AF6E4CC59A33E5CB7026C2615FDB0CD3AFE9D8958811B2F2B36F2AF","C:\Users\dikarm\Documents\Server\OCR-FOTO-P3STE\OCR_Foto_Timemark_App\04_photos_edited\Tim_1\BTP BD\WESEL\W25 BOP_04-08\50.jpg"
"SHA256","C3B40CA732F4C5A988E2FA93EC78D101414BEFCCAB001615C004B47AFF6D31D3","C:\Users\dikarm\Documents\Server\OCR-FOTO-P3STE\OCR_Foto_Timemark_App\04_photos_edited\Tim_1\BTP BD\WESEL\W25 BOP_04-08\meta.json"
"SHA256","8F2D8FF2FAEAC7260E5264BC9109EA5E0ECB1F3184C1A11058249CBF1D6E83F6","C:\Users\dikarm\Documents\Server\OCR-FOTO-P3STE\OCR_Foto_Timemark_App\04_photos_edited\Tim_1\BTP BD\WESEL\W25 BOP_21-08\0.jpg"
"SHA256","9136CF89D213AFE928746DDD915A45949598BB9EA56D8276984F429EEE521C93","C:\Users\dikarm\Documents\Server\OCR-FOTO-P3STE\OCR_Foto_Timemark_App\04_photos_edited\Tim_1\BTP BD\WESEL\W25 BOP_21-08\100.jpg"
"SHA256","93F0A423BAAC34BF2883ED57B057B1F9A39B151C5D28845DE14D90799561C928","C:\Users\dikarm\Documents\Server\OCR-FOTO-P3STE\OCR_Foto_Timemark_App\04_photos_edited\Tim_1\BTP BD\WESEL\W25 BOP_21-08\50.jpg"
"SHA256","390D8ADDF6C940CF0433E81FB7EDC88699B5AD35552931727DF2E7A34D4599CD","C:\Users\dikarm\Documents\Server\OCR-FOTO-P3STE\OCR_Foto_Timemark_App\04_photos_edited\Tim_1\BTP BD\WESEL\W27A BOP_04-08\0.jpg"
"SHA256","0048E2CEE2F37626889E138F558A74EDB396959A8CBE5E664E7AF6D9CBCEDC7A","C:\Users\dikarm\Documents\Server\OCR-FOTO-P3STE\OCR_Foto_Timemark_App\04_photos_edited\Tim_1\BTP BD\WESEL\W27A BOP_04-08\100.jpg"
"SHA256","DCDF4D1E81C72B815CD7B697F97BB38CBA6FA272918B691AECDF317581F6FFC4","C:\Users\dikarm\Documents\Server\OCR-FOTO-P3STE\OCR_Foto_Timemark_App\04_photos_edited\Tim_1\BTP BD\WESEL\W27A BOP_04-08\50.jpg"
"SHA256","804C9FC5A79148002E3004A3BC04C2DB3218DE6E8F42DB1744F195373A632E19","C:\Users\dikarm\Documents\Server\OCR-FOTO-P3STE\OCR_Foto_Timemark_App\04_photos_edited\Tim_1\BTP BD\WESEL\W27A BOP_04-08\meta.json"
"SHA256","C263C0C6E17C501D8543DC575A05E4DC4A3D1A5159055995030BF5B23BE7FBF8","C:\Users\dikarm\Documents\Server\OCR-FOTO-P3STE\OCR_Foto_Timemark_App\04_photos_edited\Tim_1\BTP BD\WESEL\W27A BOP_21-08\0.jpg"
"SHA256","7CD1A1695A5E4E9C10AA15E5961D332756CE0D1F1FB79775218977259859C398","C:\Users\dikarm\Documents\Server\OCR-FOTO-P3STE\OCR_Foto_Timemark_App\04_photos_edited\Tim_1\BTP BD\WESEL\W27A BOP_21-08\100.jpg"
"SHA256","0900E4F69ACF21E7A17A6BDF64CF44C030F0EBD082314634E37918D6813D5B85","C:\Users\dikarm\Documents\Server\OCR-FOTO-P3STE\OCR_Foto_Timemark_App\04_photos_edited\Tim_1\BTP BD\WESEL\W27A BOP_21-08\50.jpg"
"SHA256","7F32C9CB17FC09000AB0165EF7C871D10018179B5CCC763ACED9D8E50D7AE7FD","C:\Users\dikarm\Documents\Server\OCR-FOTO-P3STE\OCR_Foto_Timemark_App\04_photos_edited\Tim_1\BTP BD\WESEL\W27B BOP_04-08\0.jpg"
"SHA256","63D29675855EB3D41B18A0D6558B55964675165A8C2382D1AF0993D070BF30B2","C:\Users\dikarm\Documents\Server\OCR-FOTO-P3STE\OCR_Foto_Timemark_App\04_photos_edited\Tim_1\BTP BD\WESEL\W27B BOP_04-08\100.jpg"
"SHA256","B02625042DA2A1C400E24DDD2AEFD4680E648A540951BDE95CBF23D1DEE0518F","C:\Users\dikarm\Documents\Server\OCR-FOTO-P3STE\OCR_Foto_Timemark_App\04_photos_edited\Tim_1\BTP BD\WESEL\W27B BOP_04-08\50.jpg"
"SHA256","CAFEDC98B3EF98FB12207FFA0449C35CFDE7C43384865EAAF1A52879A8E9A3AA","C:\Users\dikarm\Documents\Server\OCR-FOTO-P3STE\OCR_Foto_Timemark_App\04_photos_edited\Tim_1\BTP BD\WESEL\W27B BOP_21-08\0.jpg"
"SHA256","0E4E66F611712F6D7A0FDCE0394B1E08E609A95EE425E966EB05A7830C237545","C:\Users\dikarm\Documents\Server\OCR-FOTO-P3STE\OCR_Foto_Timemark_App\04_photos_edited\Tim_1\BTP BD\WESEL\W27B BOP_21-08\100.jpg"
"SHA256","5AC8AFE246148F52DE8A9CEE50EDEB8067428F8DA447A60B5D1D8C24422871C3","C:\Users\dikarm\Documents\Server\OCR-FOTO-P3STE\OCR_Foto_Timemark_App\04_photos_edited\Tim_1\BTP BD\WESEL\W27B BOP_21-08\50.jpg"
"SHA256","E86C038467AF0610162723A0955B2CEF9A05F9F2426AD2D7856C5F437D8A94B9","C:\Users\dikarm\Documents\Server\OCR-FOTO-P3STE\OCR_Foto_Timemark_App\04_photos_edited\Tim_1\BTP BD\WESEL\W47A BOP_04-08\0.jpg"
"SHA256","3BEA32F8E1992D3D64E0C27916C0E893C6CCD17488BB0B91FE4013DE8613D77D","C:\Users\dikarm\Documents\Server\OCR-FOTO-P3STE\OCR_Foto_Timemark_App\04_photos_edited\Tim_1\BTP BD\WESEL\W47A BOP_04-08\100.jpg"
"SHA256","4C5F1011AA4FB39155765F75FFE8925C61B42EA4631E8311AC453CF9719CE2CB","C:\Users\dikarm\Documents\Server\OCR-FOTO-P3STE\OCR_Foto_Timemark_App\04_photos_edited\Tim_1\BTP BD\WESEL\W47A BOP_04-08\50.jpg"
"SHA256","4F0F0F37C22B5A8F6053932C883CD8EEB91AD84215BC33A0D4850DABF281DBCC","C:\Users\dikarm\Documents\Server\OCR-FOTO-P3STE\OCR_Foto_Timemark_App\04_photos_edited\Tim_1\BTP BD\WESEL\W47A BOP_21-08\0.jpg"
"SHA256","AD4F51D30A3D632D6A062BEFEA68838E11C77AEA7D18F30F258A610D3D53A33A","C:\Users\dikarm\Documents\Server\OCR-FOTO-P3STE\OCR_Foto_Timemark_App\04_photos_edited\Tim_1\BTP BD\WESEL\W47A BOP_21-08\100.jpg"
"SHA256","576AD38F7485F79C7E49264975BC98F03D29C70FB9BC698A72DCD0DBDA2D79B5","C:\Users\dikarm\Documents\Server\OCR-FOTO-P3STE\OCR_Foto_Timemark_App\04_photos_edited\Tim_1\BTP BD\WESEL\W47A BOP_21-08\50.jpg"
"SHA256","AEEE787811C964399E48F613E5A27A18CCDB00A2C7C202F5F03DE4BBC27F5ED9","C:\Users\dikarm\Documents\Server\OCR-FOTO-P3STE\OCR_Foto_Timemark_App\04_photos_edited\Tim_1\BTP BD\WESEL\W47A BOP_21-08\meta.json"
"SHA256","9FB50D4AA2EBE13912CB2403055DAD0592D9EC0639FA4779F3A5736BE85D7620","C:\Users\dikarm\Documents\Server\OCR-FOTO-P3STE\OCR_Foto_Timemark_App\04_photos_edited\Tim_1\BTP BD\WESEL\W47C BOP_04-08\0.jpg"
"SHA256","3B9DFD21A00D6E4C8D60BE6ED9176172450BB8548B5330117393A33697C27739","C:\Users\dikarm\Documents\Server\OCR-FOTO-P3STE\OCR_Foto_Timemark_App\04_photos_edited\Tim_1\BTP BD\WESEL\W47C BOP_04-08\100.jpg"
"SHA256","9B54461D60157669DAAF92203ECB8FD889FFDAAB4DBABA750623DEB11AC1937D","C:\Users\dikarm\Documents\Server\OCR-FOTO-P3STE\OCR_Foto_Timemark_App\04_photos_edited\Tim_1\BTP BD\WESEL\W47C BOP_04-08\50.jpg"
"SHA256","C1882D6807D0C51278E1D99C2F634146BE4B46790712EEB5BEC2D6ED3CCA86C3","C:\Users\dikarm\Documents\Server\OCR-FOTO-P3STE\OCR_Foto_Timemark_App\04_photos_edited\Tim_1\BTP BD\WESEL\W47C BOP_04-08\meta.json"
"SHA256","8B9A9D3AAF377B31DFE99B90C4DE4BB5CF8A7DA096F106FA9F79903404091779","C:\Users\dikarm\Documents\Server\OCR-FOTO-P3STE\OCR_Foto_Timemark_App\04_photos_edited\Tim_1\BTP BD\WESEL\W47C BOP_21-08\0.jpg"
"SHA256","BA01728EC1AF389DB2684AB21BF431CD5666FDC0D79959379CAC608CAF6301C8","C:\Users\dikarm\Documents\Server\OCR-FOTO-P3STE\OCR_Foto_Timemark_App\04_photos_edited\Tim_1\BTP BD\WESEL\W47C BOP_21-08\100.jpg"
"SHA256","6A0323B8148EAF8255F502AC81FEF030370D37AAA819745C9D9A6E424F7FF638","C:\Users\dikarm\Documents\Server\OCR-FOTO-P3STE\OCR_Foto_Timemark_App\04_photos_edited\Tim_1\BTP BD\WESEL\W47C BOP_21-08\50.jpg"
"SHA256","1AFB33327272E283A2A794FB0C286EE4F047E422B0DD31AF6618D71CF7C67639","C:\Users\dikarm\Documents\Server\OCR-FOTO-P3STE\OCR_Foto_Timemark_App\04_photos_edited\Tim_1\BTP BD\WESEL\W47C BOP_21-08\meta.json"
"SHA256","E827BF0281B59E458D97F1C7F8F0303E444F3BA5B9C910491F7E0B389E5AF1C7","C:\Users\dikarm\Documents\Server\OCR-FOTO-P3STE\OCR_Foto_Timemark_App\04_photos_edited\Tim_1\BTP BD\WESEL\W47D BOP_04-08\0.jpg"
"SHA256","A3D2D54A3A29D74748A9B14CE6205EB666628EA337BE54B8CCA26E30AC0A3225","C:\Users\dikarm\Documents\Server\OCR-FOTO-P3STE\OCR_Foto_Timemark_App\04_photos_edited\Tim_1\BTP BD\WESEL\W47D BOP_04-08\100.jpg"
"SHA256","7E749579546FF3E2EF372F2DFA6FAC6DA9B5BFEB9BDB449A491D9D4FF5A37FD8","C:\Users\dikarm\Documents\Server\OCR-FOTO-P3STE\OCR_Foto_Timemark_App\04_photos_edited\Tim_1\BTP BD\WESEL\W47D BOP_04-08\50.jpg"
"SHA256","57164E931F3D07935FDD2CD1EE5358A6A29DE1D25866F24721CF3E893A424AA5","C:\Users\dikarm\Documents\Server\OCR-FOTO-P3STE\OCR_Foto_Timemark_App\04_photos_edited\Tim_1\BTP BD\WESEL\W47D BOP_21-08\0.jpg"
"SHA256","2CBF262CD4BE13D3D91AF525823BA3A62D4F75BB01B60DA47987674C125A61B3","C:\Users\dikarm\Documents\Server\OCR-FOTO-P3STE\OCR_Foto_Timemark_App\04_photos_edited\Tim_1\BTP BD\WESEL\W47D BOP_21-08\100.jpg"
"SHA256","A9AFC9D161B1500988FFDFF0B4D2815370BBACAF742B9BD82BA8759CC538B7F7","C:\Users\dikarm\Documents\Server\OCR-FOTO-P3STE\OCR_Foto_Timemark_App\04_photos_edited\Tim_1\BTP BD\WESEL\W47D BOP_21-08\50.jpg"
"SHA256","FBCC36C3C61A792E0215E2D26455EC17BA7A24774D616AFF52E6A160A08CBA46","C:\Users\dikarm\Documents\Server\OCR-FOTO-P3STE\OCR_Foto_Timemark_App\04_photos_edited\Tim_1\BTP BD\WESEL\W67 BOP_04-08\0.jpg"
"SHA256","7A08FA59E740E68E6F78DB6B2DB095BC20745504B97C643C3A9B889DB9C4FD35","C:\Users\dikarm\Documents\Server\OCR-FOTO-P3STE\OCR_Foto_Timemark_App\04_photos_edited\Tim_1\BTP BD\WESEL\W67 BOP_04-08\100.jpg"
"SHA256","BB67404360525D47CB580D2A5D508FE04872951896937DC1B64AB3A89DC8605D","C:\Users\dikarm\Documents\Server\OCR-FOTO-P3STE\OCR_Foto_Timemark_App\04_photos_edited\Tim_1\BTP BD\WESEL\W67 BOP_04-08\50.jpg"
"SHA256","BE0D1DBDBB0B01C24FAECBD0E9773A6FB54B9165141693D49912C0C8B3E18D85","C:\Users\dikarm\Documents\Server\OCR-FOTO-P3STE\OCR_Foto_Timemark_App\04_photos_edited\Tim_1\BTP BD\WESEL\W67 BOP_21-08\0.jpg"
"SHA256","14BA39F3E3238E6770580A3405F544C9AC93FD81F9837BB306F6AEB31F1EB7B8","C:\Users\dikarm\Documents\Server\OCR-FOTO-P3STE\OCR_Foto_Timemark_App\04_photos_edited\Tim_1\BTP BD\WESEL\W67 BOP_21-08\100.jpg"
"SHA256","7BD0C0D84FAE2EBEA9C35446AE70384B4AB9722FA9CB0BEBC5DAC54862469233","C:\Users\dikarm\Documents\Server\OCR-FOTO-P3STE\OCR_Foto_Timemark_App\04_photos_edited\Tim_1\BTP BD\WESEL\W67 BOP_21-08\50.jpg"
"SHA256","117EED821D4182A8375BB8E9332E0BCA66F770CADEB109A7499A53D9CF26984D","C:\Users\dikarm\Documents\Server\OCR-FOTO-P3STE\OCR_Foto_Timemark_App\04_photos_edited\Tim_1\BTP BD\WESEL\W67 BOP_21-08\meta.json"
"SHA256","419C5B7F849E7454CF9EA159BDFE8DF7B29AE32918568C3F93737B3F98FF66E7","C:\Users\dikarm\Documents\Server\OCR-FOTO-P3STE\OCR_Foto_Timemark_App\04_photos_edited\Tim_1\BTP JAK\AXC\ZP 101 BJD-CLT\0.jpg"
"SHA256","3DA800E660B0367A1DA21E8A1BC4DDEE0CCCAA58B3AE9109604D3A456BBBF49A","C:\Users\dikarm\Documents\Server\OCR-FOTO-P3STE\OCR_Foto_Timemark_App\04_photos_edited\Tim_1\BTP JAK\AXC\ZP 101 BJD-CLT\100.jpg"
"SHA256","23E8427BF3A8AF328310D3CC506EF179953A931D8C41D48DEA2DEA96316CB6C6","C:\Users\dikarm\Documents\Server\OCR-FOTO-P3STE\OCR_Foto_Timemark_App\04_photos_edited\Tim_1\BTP JAK\AXC\ZP 101 BJD-CLT\50.jpg"
"SHA256","BF8CA15717BD0FF2EC1637E36C8154058E9774120981D8ADE5C0F028D200BEBF","C:\Users\dikarm\Documents\Server\OCR-FOTO-P3STE\OCR_Foto_Timemark_App\04_photos_edited\Tim_1\BTP JAK\AXC\ZP 101 CLT-BOO\0.jpg"
"SHA256","51B111EF89CD94FBA76316C724E479534E4309EC11F06A9B4773F0587DB02300","C:\Users\dikarm\Documents\Server\OCR-FOTO-P3STE\OCR_Foto_Timemark_App\04_photos_edited\Tim_1\BTP JAK\AXC\ZP 101 CLT-BOO\100.jpg"
"SHA256","F98BED203270E917C2E4F43E6032ED2C919FDE44A8149CF19FC720B8601F65B8","C:\Users\dikarm\Documents\Server\OCR-FOTO-P3STE\OCR_Foto_Timemark_App\04_photos_edited\Tim_1\BTP JAK\AXC\ZP 101 CLT-BOO\50.jpg"
"SHA256","01A64AB2D8E24B932BB227E73DD56E315EF8B4A3515FECCF5E7F6E3817229520","C:\Users\dikarm\Documents\Server\OCR-FOTO-P3STE\OCR_Foto_Timemark_App\04_photos_edited\Tim_1\BTP JAK\AXC\ZP 102 BJD-CLT\0.jpg"
"SHA256","E6323B0AC9C1AB91A6725BB5C781F4EB54CE6A04443622F18B1FBCADB772F443","C:\Users\dikarm\Documents\Server\OCR-FOTO-P3STE\OCR_Foto_Timemark_App\04_photos_edited\Tim_1\BTP JAK\AXC\ZP 102 BJD-CLT\100.jpg"
"SHA256","981D20DDFFCFEB8D848EE4EACFBE53405E9EFDA333D56C8E494A4FEA2313D53A","C:\Users\dikarm\Documents\Server\OCR-FOTO-P3STE\OCR_Foto_Timemark_App\04_photos_edited\Tim_1\BTP JAK\AXC\ZP 102 BJD-CLT\50.jpg"
"SHA256","EEF28FB076C2483F689D5F04B709F5385AEE5895A38A6463834536631AE5D206","C:\Users\dikarm\Documents\Server\OCR-FOTO-P3STE\OCR_Foto_Timemark_App\04_photos_edited\Tim_1\BTP JAK\AXC\ZP 102 CLT-BOO\0.jpg"
"SHA256","B251101E4B353B13A6C46C06C830322930F95BE5374F070FA13F1BDB917448C3","C:\Users\dikarm\Documents\Server\OCR-FOTO-P3STE\OCR_Foto_Timemark_App\04_photos_edited\Tim_1\BTP JAK\AXC\ZP 102 CLT-BOO\100.jpg"
"SHA256","7359EBC0E195C2C7E8555FA148A687E6B2BA3E5CF16D3E5B54A247605AAF1432","C:\Users\dikarm\Documents\Server\OCR-FOTO-P3STE\OCR_Foto_Timemark_App\04_photos_edited\Tim_1\BTP JAK\AXC\ZP 102 CLT-BOO\50.jpg"
"SHA256","AB60F1296CCAF7CCC926E2B71D6BDEE0A4C7C15C964655A2BACA359A21BD7674","C:\Users\dikarm\Documents\Server\OCR-FOTO-P3STE\OCR_Foto_Timemark_App\04_photos_edited\Tim_1\BTP JAK\AXC\ZP 102 CLT-BOO\meta.json"
"SHA256","742399AA7B9F92B1AED003C7C44322871BA9674FA080D5CADC6D3CF3EC37BC60","C:\Users\dikarm\Documents\Server\OCR-FOTO-P3STE\OCR_Foto_Timemark_App\04_photos_edited\Tim_1\BTP JAK\AXC\ZP 103 CLT-BOO\0.jpg"
"SHA256","EC9EF50592119AAB06B8A867FDFB485F3A898F08494B9F77AA850AC2AEE9FCAA","C:\Users\dikarm\Documents\Server\OCR-FOTO-P3STE\OCR_Foto_Timemark_App\04_photos_edited\Tim_1\BTP JAK\AXC\ZP 103 CLT-BOO\100.jpg"
"SHA256","F228971F66167DEC6FE47F9685960C1F77114A6C395EEBD8B79789B225DC431F","C:\Users\dikarm\Documents\Server\OCR-FOTO-P3STE\OCR_Foto_Timemark_App\04_photos_edited\Tim_1\BTP JAK\AXC\ZP 103 CLT-BOO\50.jpg"
"SHA256","0BDCA9C1EE0F5E52B76DE491DB7EF17C702E34B9BE41F92C7B24C2599D62B4CC","C:\Users\dikarm\Documents\Server\OCR-FOTO-P3STE\OCR_Foto_Timemark_App\04_photos_edited\Tim_1\BTP JAK\AXC\ZP 104 CLT-BOO\0.jpg"
"SHA256","94A1F12A84E9A265D306B997DCFA9C8181ED383ED07A1732B6C0AD7E201E7B30","C:\Users\dikarm\Documents\Server\OCR-FOTO-P3STE\OCR_Foto_Timemark_App\04_photos_edited\Tim_1\BTP JAK\AXC\ZP 104 CLT-BOO\100.jpg"
"SHA256","5E57ECA58335CDB4A16B5C6C31E579E4C19FABB344700F795501012CA2151632","C:\Users\dikarm\Documents\Server\OCR-FOTO-P3STE\OCR_Foto_Timemark_App\04_photos_edited\Tim_1\BTP JAK\AXC\ZP 104 CLT-BOO\50.jpg"
"SHA256","EF3A75607E7177D2F2BF64201106C7E4161A6986C47984BC42C04F7C532BADEB","C:\Users\dikarm\Documents\Server\OCR-FOTO-P3STE\OCR_Foto_Timemark_App\04_photos_edited\Tim_1\BTP JAK\AXC\ZP 105 CLT-BOO\0.jpg"
"SHA256","AC1FE4BC3CD4F67C4404016AAF453BBB1F108BE5C1CC9F0623CC8C6179188AF4","C:\Users\dikarm\Documents\Server\OCR-FOTO-P3STE\OCR_Foto_Timemark_App\04_photos_edited\Tim_1\BTP JAK\AXC\ZP 105 CLT-BOO\100.jpg"
"SHA256","24F259B8F551F3E545D293405F073D190B2A347A98703EE9905F9FC24ACB75E5","C:\Users\dikarm\Documents\Server\OCR-FOTO-P3STE\OCR_Foto_Timemark_App\04_photos_edited\Tim_1\BTP JAK\AXC\ZP 105 CLT-BOO\50.jpg"
"SHA256","F675809EC9BFECA1D2B7EF96FC9135B2D60FA14DA6F37CE4E1302B49766A6A38","C:\Users\dikarm\Documents\Server\OCR-FOTO-P3STE\OCR_Foto_Timemark_App\04_photos_edited\Tim_1\BTP JAK\AXC\ZP 106 CLT-BOO\0.jpg"
"SHA256","DD62F554C89B6B9974B3135B0D0BABD2BF4A3233A04C3F0A993A1FB6B982D30A","C:\Users\dikarm\Documents\Server\OCR-FOTO-P3STE\OCR_Foto_Timemark_App\04_photos_edited\Tim_1\BTP JAK\AXC\ZP 106 CLT-BOO\100.jpg"
"SHA256","CAE4E274FE3508FAB9149E654306A042A926B03822DBC4A89B3835B473C3B000","C:\Users\dikarm\Documents\Server\OCR-FOTO-P3STE\OCR_Foto_Timemark_App\04_photos_edited\Tim_1\BTP JAK\AXC\ZP 106 CLT-BOO\50.jpg"
"SHA256","20A84510D9EB400B269B403626BBE0A96920B3412E7A6C50F0F7CC9A0F974E2E","C:\Users\dikarm\Documents\Server\OCR-FOTO-P3STE\OCR_Foto_Timemark_App\04_photos_edited\Tim_1\BTP JAK\AXC\ZP 107 CLT-BOO\0.jpg"
"SHA256","49B94269438C042136AEB0C0D19F331834ADFC3234A4323E155AEB8FA4A5E3A1","C:\Users\dikarm\Documents\Server\OCR-FOTO-P3STE\OCR_Foto_Timemark_App\04_photos_edited\Tim_1\BTP JAK\AXC\ZP 107 CLT-BOO\100.jpg"
"SHA256","06E7FB6149D7FE404C557D02B8E76A0A2F61EAC541584E67A7BE684120271812","C:\Users\dikarm\Documents\Server\OCR-FOTO-P3STE\OCR_Foto_Timemark_App\04_photos_edited\Tim_1\BTP JAK\AXC\ZP 107 CLT-BOO\50.jpg"
"SHA256","212D4F65106A683D44F213CB1904DBCFED91D0C4E244A19FFF44F5B2657AA003","C:\Users\dikarm\Documents\Server\OCR-FOTO-P3STE\OCR_Foto_Timemark_App\04_photos_edited\Tim_1\BTP JAK\AXC\ZP 108 CLT-BOO\0.jpg"
"SHA256","3F47A9D9141394FF54E6435DAD04AD8F168F7E0DA25DA2FEDD206EDB93373143","C:\Users\dikarm\Documents\Server\OCR-FOTO-P3STE\OCR_Foto_Timemark_App\04_photos_edited\Tim_1\BTP JAK\AXC\ZP 108 CLT-BOO\100.jpg"
"SHA256","E99D40E89444D63EB43F81A8CCB283E56497C7BC89C76E46CCAF6604E2CCA20D","C:\Users\dikarm\Documents\Server\OCR-FOTO-P3STE\OCR_Foto_Timemark_App\04_photos_edited\Tim_1\BTP JAK\AXC\ZP 108 CLT-BOO\50.jpg"
"SHA256","47BA148D2D1F6B09F122D9DDE0E4F1D6C688336AC706F2D7E349E04C57F6BC38","C:\Users\dikarm\Documents\Server\OCR-FOTO-P3STE\OCR_Foto_Timemark_App\04_photos_edited\Tim_1\BTP JAK\AXC\ZP 109 CLT-BOO\0.jpg"
"SHA256","3A76BDFE10EA81315AB5E2CB050FABB08ABA012CAC8838D55F5154B99B7CF45A","C:\Users\dikarm\Documents\Server\OCR-FOTO-P3STE\OCR_Foto_Timemark_App\04_photos_edited\Tim_1\BTP JAK\AXC\ZP 109 CLT-BOO\100.jpg"
"SHA256","20FEE27975EEEF135504A4C956654364BB9C5033EBEA218791A7705E781AFED3","C:\Users\dikarm\Documents\Server\OCR-FOTO-P3STE\OCR_Foto_Timemark_App\04_photos_edited\Tim_1\BTP JAK\AXC\ZP 109 CLT-BOO\50.jpg"
"SHA256","157D51579C67073A0D51FE27217D53F4C733E83A4FDCD2C07567169100888A35","C:\Users\dikarm\Documents\Server\OCR-FOTO-P3STE\OCR_Foto_Timemark_App\04_photos_edited\Tim_1\BTP JAK\AXC\ZP 10A BOO\0.jpg"
"SHA256","0AD52EC935F5468BB9B338162B660CC781654B2728EB21313B8203D9DDF1B816","C:\Users\dikarm\Documents\Server\OCR-FOTO-P3STE\OCR_Foto_Timemark_App\04_photos_edited\Tim_1\BTP JAK\AXC\ZP 10A BOO\100.jpg"
"SHA256","1CE96E7434E8D18B7D247F4B8B183EDB37ACB920A0133BD83A5EB9E26E46E997","C:\Users\dikarm\Documents\Server\OCR-FOTO-P3STE\OCR_Foto_Timemark_App\04_photos_edited\Tim_1\BTP JAK\AXC\ZP 10A BOO\50.jpg"
"SHA256","625FC52632982721CAD631782486892E317FCBB036D4A4F5EE3243EC5CFD77CF","C:\Users\dikarm\Documents\Server\OCR-FOTO-P3STE\OCR_Foto_Timemark_App\04_photos_edited\Tim_1\BTP JAK\AXC\ZP 10A CLT\0.jpg"
"SHA256","1A83242FD87FFBE74996FDA87C3D0CBA2FD7EFC41A5537EDCA0BE87356AABBB5","C:\Users\dikarm\Documents\Server\OCR-FOTO-P3STE\OCR_Foto_Timemark_App\04_photos_edited\Tim_1\BTP JAK\AXC\ZP 10A CLT\100.jpg"
"SHA256","505BC2F49E7B90CBC071979143CEC93EC23B04529606A065F396DD80BD7A0BB7","C:\Users\dikarm\Documents\Server\OCR-FOTO-P3STE\OCR_Foto_Timemark_App\04_photos_edited\Tim_1\BTP JAK\AXC\ZP 10A CLT\50.jpg"
"SHA256","E70AA75E920F2D85DDFF7D4476589F317B74402AE5166F4565A43A2131B50888","C:\Users\dikarm\Documents\Server\OCR-FOTO-P3STE\OCR_Foto_Timemark_App\04_photos_edited\Tim_1\BTP JAK\AXC\ZP 10B BOO\0.jpg"
"SHA256","365CE1400F750F9637D613A9470E1337E96D6A58064391BF71686FA9276CC912","C:\Users\dikarm\Documents\Server\OCR-FOTO-P3STE\OCR_Foto_Timemark_App\04_photos_edited\Tim_1\BTP JAK\AXC\ZP 10B BOO\100.jpg"
"SHA256","C89E5B9176F0EAF504C1A1EFA401A04482FD7A1EA07D9EF3E45FF8C363ABCFE7","C:\Users\dikarm\Documents\Server\OCR-FOTO-P3STE\OCR_Foto_Timemark_App\04_photos_edited\Tim_1\BTP JAK\AXC\ZP 10B BOO\50.jpg"
"SHA256","DD5C56C4A682439F36095F232510F48DA0E83D53B3DBD9DF6672E5CCF911B930","C:\Users\dikarm\Documents\Server\OCR-FOTO-P3STE\OCR_Foto_Timemark_App\04_photos_edited\Tim_1\BTP JAK\AXC\ZP 10B BOO\meta.json"
"SHA256","6EB64E593652DBAC1D4FC4C964CBF21549825A5C062E340DBEA2CED2E700052F","C:\Users\dikarm\Documents\Server\OCR-FOTO-P3STE\OCR_Foto_Timemark_App\04_photos_edited\Tim_1\BTP JAK\AXC\ZP 10B CLT\0.jpg"
"SHA256","18EEB17D31AF4BF73DFD4C41C6E8C9562CDC0F1E3D91EE00C51A0FDF6AB94122","C:\Users\dikarm\Documents\Server\OCR-FOTO-P3STE\OCR_Foto_Timemark_App\04_photos_edited\Tim_1\BTP JAK\AXC\ZP 10B CLT\100.jpg"
"SHA256","2591573720103C5E9713FE2A88B66A1D1405F3B48205A332D6ADC7456EFDDB99","C:\Users\dikarm\Documents\Server\OCR-FOTO-P3STE\OCR_Foto_Timemark_App\04_photos_edited\Tim_1\BTP JAK\AXC\ZP 10B CLT\50.jpg"
"SHA256","CE5B25A67C2CC923E419887AD1E23A9733D9551BA9F00C2A78A1B95D8A3372AF","C:\Users\dikarm\Documents\Server\OCR-FOTO-P3STE\OCR_Foto_Timemark_App\04_photos_edited\Tim_1\BTP JAK\AXC\ZP 11 CLT\0.jpg"
"SHA256","9D3145EB688349BC8FA37F5ED6E6D9184303DFD72912E5CA1008E915F8F82D7B","C:\Users\dikarm\Documents\Server\OCR-FOTO-P3STE\OCR_Foto_Timemark_App\04_photos_edited\Tim_1\BTP JAK\AXC\ZP 11 CLT\100.jpg"
"SHA256","896BA4320A78F16F359A4918A62D6B1EF6094561C8BF98A97BA608835EA2878A","C:\Users\dikarm\Documents\Server\OCR-FOTO-P3STE\OCR_Foto_Timemark_App\04_photos_edited\Tim_1\BTP JAK\AXC\ZP 11 CLT\50.jpg"
"SHA256","217AEB9920DC29F77E71C4871976F9D4716CB6E72C170129A8046A8328FC8C0B","C:\Users\dikarm\Documents\Server\OCR-FOTO-P3STE\OCR_Foto_Timemark_App\04_photos_edited\Tim_1\BTP JAK\AXC\ZP 110 CLT-BOO\0.jpg"
"SHA256","4DD24A52A6A9F9B3C5255DE8755BCB531B9CAFAD28CF444EAD3C79FA3018F9EA","C:\Users\dikarm\Documents\Server\OCR-FOTO-P3STE\OCR_Foto_Timemark_App\04_photos_edited\Tim_1\BTP JAK\AXC\ZP 110 CLT-BOO\100.jpg"
"SHA256","2A9E4696852D78900F99608BB22E2FD92B161AC3A47E49AF009D7F9F8C025F07","C:\Users\dikarm\Documents\Server\OCR-FOTO-P3STE\OCR_Foto_Timemark_App\04_photos_edited\Tim_1\BTP JAK\AXC\ZP 110 CLT-BOO\50.jpg"
"SHA256","E0D7427CAB940BF8C9C8E655787B2CED677B79143737BB39AD2C7D2FAC29FE1D","C:\Users\dikarm\Documents\Server\OCR-FOTO-P3STE\OCR_Foto_Timemark_App\04_photos_edited\Tim_1\BTP JAK\AXC\ZP 111 CLT-BOO\0.jpg"
"SHA256","2D1F8C7AE45FAC944F35C1A1D2E8668E4F892FD6BA8CD2ED939356078CE8C763","C:\Users\dikarm\Documents\Server\OCR-FOTO-P3STE\OCR_Foto_Timemark_App\04_photos_edited\Tim_1\BTP JAK\AXC\ZP 111 CLT-BOO\100.jpg"
"SHA256","9D00C2C883C2C2B99B8E2740DF475C70A2947D31A87EC216F76CF38EDD103EFE","C:\Users\dikarm\Documents\Server\OCR-FOTO-P3STE\OCR_Foto_Timemark_App\04_photos_edited\Tim_1\BTP JAK\AXC\ZP 111 CLT-BOO\50.jpg"
"SHA256","B8CB36E22E1C17D8E59B3804194FC87148EA4BC76A484309022D4CC96EBD361E","C:\Users\dikarm\Documents\Server\OCR-FOTO-P3STE\OCR_Foto_Timemark_App\04_photos_edited\Tim_1\BTP JAK\AXC\ZP 112 CLT-BOO\0.jpg"
"SHA256","01DDBD2CFCD6D2C34D8FB5B30554EEEDCFEBBDF86D0E451438A501F242892B3D","C:\Users\dikarm\Documents\Server\OCR-FOTO-P3STE\OCR_Foto_Timemark_App\04_photos_edited\Tim_1\BTP JAK\AXC\ZP 112 CLT-BOO\100.jpg"
"SHA256","7DDAD00F66BE82D5B590D67FCAB5796D73FD0DEE1D08782CBE54F137A2624527","C:\Users\dikarm\Documents\Server\OCR-FOTO-P3STE\OCR_Foto_Timemark_App\04_photos_edited\Tim_1\BTP JAK\AXC\ZP 112 CLT-BOO\50.jpg"
"SHA256","3CF57969939150322054562FFAC68D96DAC8A0FFAE809A2F915DD1E1D32E7665","C:\Users\dikarm\Documents\Server\OCR-FOTO-P3STE\OCR_Foto_Timemark_App\04_photos_edited\Tim_1\BTP JAK\AXC\ZP 12A BOO\0.jpg"
"SHA256","9FE97EE7DE5D0774A74048DE7CC804C27A08195AC3F79296ADF37CCADCAC9D60","C:\Users\dikarm\Documents\Server\OCR-FOTO-P3STE\OCR_Foto_Timemark_App\04_photos_edited\Tim_1\BTP JAK\AXC\ZP 12A BOO\100.jpg"
"SHA256","CF3EE55765274825FF3FAA7C5AE6B4440EF1C0F6C733C5FADBC600E163D1F09D","C:\Users\dikarm\Documents\Server\OCR-FOTO-P3STE\OCR_Foto_Timemark_App\04_photos_edited\Tim_1\BTP JAK\AXC\ZP 12A BOO\50.jpg"
"SHA256","771826492E010FB5701BFCB746B28087DA65623C22A03CC047F1C5608826DFE8","C:\Users\dikarm\Documents\Server\OCR-FOTO-P3STE\OCR_Foto_Timemark_App\04_photos_edited\Tim_1\BTP JAK\AXC\ZP 12A CLT\0.jpg"
"SHA256","359251A76FF9348303DAA9007ECA42AE54CEC18EFF6954A32A4750C119360C45","C:\Users\dikarm\Documents\Server\OCR-FOTO-P3STE\OCR_Foto_Timemark_App\04_photos_edited\Tim_1\BTP JAK\AXC\ZP 12A CLT\100.jpg"
"SHA256","36FD30F52C8A0603647B01A96170B40D5C76755E5FD39F41699EF220AE27A77E","C:\Users\dikarm\Documents\Server\OCR-FOTO-P3STE\OCR_Foto_Timemark_App\04_photos_edited\Tim_1\BTP JAK\AXC\ZP 12A CLT\50.jpg"
"SHA256","2CD50B8F793EEEA42FE3B06AAE20C39AD16E42CA459E67F477171123BD675CC0","C:\Users\dikarm\Documents\Server\OCR-FOTO-P3STE\OCR_Foto_Timemark_App\04_photos_edited\Tim_1\BTP JAK\AXC\ZP 12B BOO\0.jpg"
"SHA256","BBD24C864F058988E17C7272BDA41811F4DA339BADBA678FFE7032B2F7C5C2B7","C:\Users\dikarm\Documents\Server\OCR-FOTO-P3STE\OCR_Foto_Timemark_App\04_photos_edited\Tim_1\BTP JAK\AXC\ZP 12B BOO\100.jpg"
"SHA256","6121A06923145FEF117FBC7191A6D0C8EBB8730A8F45763110132D853DE35635","C:\Users\dikarm\Documents\Server\OCR-FOTO-P3STE\OCR_Foto_Timemark_App\04_photos_edited\Tim_1\BTP JAK\AXC\ZP 12B BOO\50.jpg"
"SHA256","73868DD4C5FEE632AF0A07B404728A055092CBA6C02F0F7193E1F19CF26E4559","C:\Users\dikarm\Documents\Server\OCR-FOTO-P3STE\OCR_Foto_Timemark_App\04_photos_edited\Tim_1\BTP JAK\AXC\ZP 12B CLT\0.jpg"
"SHA256","C5FF53B8A584286BFB14B9CDDEBEF9CA1B6347FACA37DA96503ACF9D324C98F8","C:\Users\dikarm\Documents\Server\OCR-FOTO-P3STE\OCR_Foto_Timemark_App\04_photos_edited\Tim_1\BTP JAK\AXC\ZP 12B CLT\100.jpg"
"SHA256","136C35C996572133A1A58745324A718E43F7956B18C88E4D76AE8AB89760B999","C:\Users\dikarm\Documents\Server\OCR-FOTO-P3STE\OCR_Foto_Timemark_App\04_photos_edited\Tim_1\BTP JAK\AXC\ZP 12B CLT\50.jpg"
"SHA256","03CA77091846AFB1197E16507F02F14B6F778F638CF5C7873A47CF15EB818149","C:\Users\dikarm\Documents\Server\OCR-FOTO-P3STE\OCR_Foto_Timemark_App\04_photos_edited\Tim_1\BTP JAK\AXC\ZP 13 BOO\0.jpg"
"SHA256","D85E3B46BD17F1C0B38BF703B9F24FBCFEB4DDB1CF757FC6D5C447DA54B1A2A9","C:\Users\dikarm\Documents\Server\OCR-FOTO-P3STE\OCR_Foto_Timemark_App\04_photos_edited\Tim_1\BTP JAK\AXC\ZP 13 BOO\100.jpg"
"SHA256","6CCF3B586A82656D5EEBF0EEF780AAD176945034131C16784688327F0CF121DC","C:\Users\dikarm\Documents\Server\OCR-FOTO-P3STE\OCR_Foto_Timemark_App\04_photos_edited\Tim_1\BTP JAK\AXC\ZP 13 BOO\50.jpg"
"SHA256","F41372BCEA8226BF8EF46F09A2CE542A72F669BF2C08DF29DA0A0DF9A3B7DF70","C:\Users\dikarm\Documents\Server\OCR-FOTO-P3STE\OCR_Foto_Timemark_App\04_photos_edited\Tim_1\BTP JAK\AXC\ZP 13 CLT\0.jpg"
"SHA256","FE8C9A64FB16C53EC941CC994F493454DF14419720F45386EB71AABBD2D90FBA","C:\Users\dikarm\Documents\Server\OCR-FOTO-P3STE\OCR_Foto_Timemark_App\04_photos_edited\Tim_1\BTP JAK\AXC\ZP 13 CLT\100.jpg"
"SHA256","AFDF980ADC8031D7484C31582F4766360F0A1CC0A11EF23501547EA6AB060F06","C:\Users\dikarm\Documents\Server\OCR-FOTO-P3STE\OCR_Foto_Timemark_App\04_photos_edited\Tim_1\BTP JAK\AXC\ZP 13 CLT\50.jpg"
"SHA256","458955C3F3A6B17321CF848687628EDAECAF2D58AD9CDE69B4DBC6C7C7156EC4","C:\Users\dikarm\Documents\Server\OCR-FOTO-P3STE\OCR_Foto_Timemark_App\04_photos_edited\Tim_1\BTP JAK\AXC\ZP 14A CLT\0.jpg"
"SHA256","A51E8063348C38DDC4A2EB52A9DE4AE4F344F3019B538436BC106F37DA3352BE","C:\Users\dikarm\Documents\Server\OCR-FOTO-P3STE\OCR_Foto_Timemark_App\04_photos_edited\Tim_1\BTP JAK\AXC\ZP 14A CLT\100.jpg"
"SHA256","39DF2040995092745F50546734AE17B66F80153CC2D8D185D60D3DB28ACA14D0","C:\Users\dikarm\Documents\Server\OCR-FOTO-P3STE\OCR_Foto_Timemark_App\04_photos_edited\Tim_1\BTP JAK\AXC\ZP 14A CLT\50.jpg"
"SHA256","7A91F1F475673C7DE4F3CB97CA558391A1DD24531A085BB3873EF1713A4B1CD0","C:\Users\dikarm\Documents\Server\OCR-FOTO-P3STE\OCR_Foto_Timemark_App\04_photos_edited\Tim_1\BTP JAK\AXC\ZP 14B CLT\0.jpg"
"SHA256","79D74047A5D2DE7F63FF9CAC2F62E3856B38D9A62A2C9AB3E00D74D06314A21F","C:\Users\dikarm\Documents\Server\OCR-FOTO-P3STE\OCR_Foto_Timemark_App\04_photos_edited\Tim_1\BTP JAK\AXC\ZP 14B CLT\100.jpg"
"SHA256","64F449B350A8F2E55DC48F73C73322C1171F7C242500D3D5BBAED8E2A33B1D09","C:\Users\dikarm\Documents\Server\OCR-FOTO-P3STE\OCR_Foto_Timemark_App\04_photos_edited\Tim_1\BTP JAK\AXC\ZP 14B CLT\50.jpg"
"SHA256","E0F16B2536225966FE1836B9E731B340BAB9F6A7F37DEBD907F55892A5B6A0EB","C:\Users\dikarm\Documents\Server\OCR-FOTO-P3STE\OCR_Foto_Timemark_App\04_photos_edited\Tim_1\BTP JAK\AXC\ZP 201 BOO-CLT\0.jpg"
"SHA256","A466E2E7411ED34AA4DA9FFEBDA60D26D6C612DAD49556EC8ACCC881B9FDA345","C:\Users\dikarm\Documents\Server\OCR-FOTO-P3STE\OCR_Foto_Timemark_App\04_photos_edited\Tim_1\BTP JAK\AXC\ZP 201 BOO-CLT\100.jpg"
"SHA256","508A3F3CAB00E46B0775639864E14EE8B055A7794C3C05E6C31F3D88486ADE55","C:\Users\dikarm\Documents\Server\OCR-FOTO-P3STE\OCR_Foto_Timemark_App\04_photos_edited\Tim_1\BTP JAK\AXC\ZP 201 BOO-CLT\50.jpg"
"SHA256","D68BFC5E638BF389046D053D13153BB0257F0D636B6BA09835CB10E2D9E48A7E","C:\Users\dikarm\Documents\Server\OCR-FOTO-P3STE\OCR_Foto_Timemark_App\04_photos_edited\Tim_1\BTP JAK\AXC\ZP 202 BOO-CLT\0.jpg"
"SHA256","E752E3AAF72EB1E2A6D54249548C565C67CB311DD40A5E75F6D49DDBA9A2B161","C:\Users\dikarm\Documents\Server\OCR-FOTO-P3STE\OCR_Foto_Timemark_App\04_photos_edited\Tim_1\BTP JAK\AXC\ZP 202 BOO-CLT\100.jpg"
"SHA256","DF91FD72387BF7052D6C835E1B2A3E18A9C8D6925BF849B58C5B664FF4B5E30B","C:\Users\dikarm\Documents\Server\OCR-FOTO-P3STE\OCR_Foto_Timemark_App\04_photos_edited\Tim_1\BTP JAK\AXC\ZP 202 BOO-CLT\50.jpg"
"SHA256","7A23980F67426E57B7CBC70007B00C91AE25825368DD8B7E6F9228EB00A5B28C","C:\Users\dikarm\Documents\Server\OCR-FOTO-P3STE\OCR_Foto_Timemark_App\04_photos_edited\Tim_1\BTP JAK\AXC\ZP 203 BOO-CLT\0.jpg"
"SHA256","6C68A09755A44A21A96D28AC2A8E701B18F1098D2FAD72E5793F996A45B152B8","C:\Users\dikarm\Documents\Server\OCR-FOTO-P3STE\OCR_Foto_Timemark_App\04_photos_edited\Tim_1\BTP JAK\AXC\ZP 203 BOO-CLT\100.jpg"
"SHA256","2DD5A01051D2CA1BAE422607AA84CEFBE35C3C2FBD0F59C7749D6D128753933B","C:\Users\dikarm\Documents\Server\OCR-FOTO-P3STE\OCR_Foto_Timemark_App\04_photos_edited\Tim_1\BTP JAK\AXC\ZP 203 BOO-CLT\50.jpg"
"SHA256","D90C985AB02C587F9A8A750FBA465B138CE443FBCE9CDAF8A9C070967CD74E5A","C:\Users\dikarm\Documents\Server\OCR-FOTO-P3STE\OCR_Foto_Timemark_App\04_photos_edited\Tim_1\BTP JAK\AXC\ZP 204 BOO-CLT\0.jpg"
"SHA256","FA28A9529F1DC169A7E8F66680B70C851EDC2B95A2D5ADB6836F0DB23757ECA9","C:\Users\dikarm\Documents\Server\OCR-FOTO-P3STE\OCR_Foto_Timemark_App\04_photos_edited\Tim_1\BTP JAK\AXC\ZP 204 BOO-CLT\100.jpg"
"SHA256","979CB02A64FBA5219F7E119952679BE450F98732431697F3F50D2174FCD2131A","C:\Users\dikarm\Documents\Server\OCR-FOTO-P3STE\OCR_Foto_Timemark_App\04_photos_edited\Tim_1\BTP JAK\AXC\ZP 204 BOO-CLT\50.jpg"
"SHA256","A30821EC52E04E3EA28C800A427F8AE2DF0D6459B7F2BE5553B9EBE437027855","C:\Users\dikarm\Documents\Server\OCR-FOTO-P3STE\OCR_Foto_Timemark_App\04_photos_edited\Tim_1\BTP JAK\AXC\ZP 205 BOO-CLT\0.jpg"
"SHA256","512A7E007F2E04B732C15C9E172279C950A5C132AE984A439B3675CEDAB82F93","C:\Users\dikarm\Documents\Server\OCR-FOTO-P3STE\OCR_Foto_Timemark_App\04_photos_edited\Tim_1\BTP JAK\AXC\ZP 205 BOO-CLT\100.jpg"
"SHA256","F90BD4A1AB6FEE8B47B3D84C51ACF4E1D3F54C28E868E3899E6A8D4FF49D25B3","C:\Users\dikarm\Documents\Server\OCR-FOTO-P3STE\OCR_Foto_Timemark_App\04_photos_edited\Tim_1\BTP JAK\AXC\ZP 205 BOO-CLT\50.jpg"
"SHA256","DA15F7E8CC7A0CF7D2ECC695996C99B760D28DEA41740460FB5D9A7C9B51D490","C:\Users\dikarm\Documents\Server\OCR-FOTO-P3STE\OCR_Foto_Timemark_App\04_photos_edited\Tim_1\BTP JAK\AXC\ZP 205 CLT-BJD\0.jpg"
"SHA256","0507117838B72C0DDB7B1F69E6525FBA4548B10C3DACF6F2B3B4525A3FC561A9","C:\Users\dikarm\Documents\Server\OCR-FOTO-P3STE\OCR_Foto_Timemark_App\04_photos_edited\Tim_1\BTP JAK\AXC\ZP 205 CLT-BJD\100.jpg"
"SHA256","AA6EB126FF915F061156A4C689D549421FCD7C233590796799F65756E0F1081B","C:\Users\dikarm\Documents\Server\OCR-FOTO-P3STE\OCR_Foto_Timemark_App\04_photos_edited\Tim_1\BTP JAK\AXC\ZP 205 CLT-BJD\50.jpg"
"SHA256","A2DFE35899882387F0E4FDCA0AC335DB6D2F9094D2E79249E547F066C3ECABA2","C:\Users\dikarm\Documents\Server\OCR-FOTO-P3STE\OCR_Foto_Timemark_App\04_photos_edited\Tim_1\BTP JAK\AXC\ZP 206 BOO-CLT\0.jpg"
"SHA256","16AF67749ABDD85171A30B067AAE3D76E7C7CEFBCFF583B31760C07B3667CDFC","C:\Users\dikarm\Documents\Server\OCR-FOTO-P3STE\OCR_Foto_Timemark_App\04_photos_edited\Tim_1\BTP JAK\AXC\ZP 206 BOO-CLT\100.jpg"
"SHA256","D6082F422BC3FB3D43E5252EF5F6FBA2453CC16572ED69B0BF6B6C982AB7D2FC","C:\Users\dikarm\Documents\Server\OCR-FOTO-P3STE\OCR_Foto_Timemark_App\04_photos_edited\Tim_1\BTP JAK\AXC\ZP 206 BOO-CLT\50.jpg"
"SHA256","3326124DE6D57AEE61A4C0E03FE247B4A5500252B5EA8369BFCBE883981878A2","C:\Users\dikarm\Documents\Server\OCR-FOTO-P3STE\OCR_Foto_Timemark_App\04_photos_edited\Tim_1\BTP JAK\AXC\ZP 206 CLT-BJD\0.jpg"
"SHA256","20D8C3866948B38EB4C2374CA6BDB32472CCD3D1AC02D74388BD3B8C636B8D7D","C:\Users\dikarm\Documents\Server\OCR-FOTO-P3STE\OCR_Foto_Timemark_App\04_photos_edited\Tim_1\BTP JAK\AXC\ZP 206 CLT-BJD\100.jpg"
"SHA256","575805F11A66E67126A464F6E723FCF7A6D9AF016AF52D8AABBFD92E014A0E09","C:\Users\dikarm\Documents\Server\OCR-FOTO-P3STE\OCR_Foto_Timemark_App\04_photos_edited\Tim_1\BTP JAK\AXC\ZP 206 CLT-BJD\50.jpg"
"SHA256","A38D00B08294493816369581D7E89ACE713A19FA72D315C0FC442643C5090FFA","C:\Users\dikarm\Documents\Server\OCR-FOTO-P3STE\OCR_Foto_Timemark_App\04_photos_edited\Tim_1\BTP JAK\AXC\ZP 207 BOO-CLT\0.jpg"
"SHA256","2D74E14A61035FDEC2D6EA43575066330E36D48015C4FC9B22335445A9B1E95F","C:\Users\dikarm\Documents\Server\OCR-FOTO-P3STE\OCR_Foto_Timemark_App\04_photos_edited\Tim_1\BTP JAK\AXC\ZP 207 BOO-CLT\100.jpg"
"SHA256","A6DB106FAAE993C5506BFA4B666D83F627B0F886BB085F23AC02FDCF19B1F78F","C:\Users\dikarm\Documents\Server\OCR-FOTO-P3STE\OCR_Foto_Timemark_App\04_photos_edited\Tim_1\BTP JAK\AXC\ZP 207 BOO-CLT\50.jpg"
"SHA256","C541AA73FEFE09E7228874095AA1B497A71D9CC867F2B7A8FE9F1C79AC1202F6","C:\Users\dikarm\Documents\Server\OCR-FOTO-P3STE\OCR_Foto_Timemark_App\04_photos_edited\Tim_1\BTP JAK\AXC\ZP 207 CLT-BJD\0.jpg"
"SHA256","9F770B7F68B0458C157EAC067105BAC4A4E3C154C91ECBD39F93CF5FBA19B10F","C:\Users\dikarm\Documents\Server\OCR-FOTO-P3STE\OCR_Foto_Timemark_App\04_photos_edited\Tim_1\BTP JAK\AXC\ZP 207 CLT-BJD\100.jpg"
"SHA256","603B740A74A3B858B439CA8CC5ECCAFABFEBA4B4C4649B3E929CCBFC23B15C9F","C:\Users\dikarm\Documents\Server\OCR-FOTO-P3STE\OCR_Foto_Timemark_App\04_photos_edited\Tim_1\BTP JAK\AXC\ZP 207 CLT-BJD\50.jpg"
"SHA256","C908864C1D3A2D204FCAFCE70EF2355DF748966E98946E24E1379580A42A61C0","C:\Users\dikarm\Documents\Server\OCR-FOTO-P3STE\OCR_Foto_Timemark_App\04_photos_edited\Tim_1\BTP JAK\AXC\ZP 208 BOO-CLT\0.jpg"
"SHA256","D21520A3361B45DD19571756C2A47C755A3DE72EFDCCF4625939BD6FEC8B0619","C:\Users\dikarm\Documents\Server\OCR-FOTO-P3STE\OCR_Foto_Timemark_App\04_photos_edited\Tim_1\BTP JAK\AXC\ZP 208 BOO-CLT\100.jpg"
"SHA256","142D4DC43359EC2D190D86EC2F3BBF3ACB4A348E2216F5744FF971B26EF815D3","C:\Users\dikarm\Documents\Server\OCR-FOTO-P3STE\OCR_Foto_Timemark_App\04_photos_edited\Tim_1\BTP JAK\AXC\ZP 208 BOO-CLT\50.jpg"
"SHA256","838F5CE92AC22A03D616235AC248B9B6069481FF9E6A7B18E2DFB2944B13F8FF","C:\Users\dikarm\Documents\Server\OCR-FOTO-P3STE\OCR_Foto_Timemark_App\04_photos_edited\Tim_1\BTP JAK\AXC\ZP 209 BOO-CLT\0.jpg"
"SHA256","C68967132CDDB9756D6B6147FEC94CA515AABB9B29D18152D05EFC2995AF6FBA","C:\Users\dikarm\Documents\Server\OCR-FOTO-P3STE\OCR_Foto_Timemark_App\04_photos_edited\Tim_1\BTP JAK\AXC\ZP 209 BOO-CLT\100.jpg"
"SHA256","1470679DE650E086FC79CB49F801C61B1D5374507BA6A8A07A58A5FA9E374D85","C:\Users\dikarm\Documents\Server\OCR-FOTO-P3STE\OCR_Foto_Timemark_App\04_photos_edited\Tim_1\BTP JAK\AXC\ZP 209 BOO-CLT\50.jpg"
"SHA256","7E2EB7B5452DDFE814B9C4431EE7B3E031C3725299B993F10072EE21CA11826D","C:\Users\dikarm\Documents\Server\OCR-FOTO-P3STE\OCR_Foto_Timemark_App\04_photos_edited\Tim_1\BTP JAK\AXC\ZP 20A BOO\0.jpg"
"SHA256","676EAA79DD1B48ABF5B27D1FB3691E799762C42E5AEF7104FF6D02C361CF9ED5","C:\Users\dikarm\Documents\Server\OCR-FOTO-P3STE\OCR_Foto_Timemark_App\04_photos_edited\Tim_1\BTP JAK\AXC\ZP 20A BOO\100.jpg"
"SHA256","BB1E0C2946C10C86DAAA40BD4E55AAEA42CD05A5E35AB57A7A3ADFD8B13FA6F8","C:\Users\dikarm\Documents\Server\OCR-FOTO-P3STE\OCR_Foto_Timemark_App\04_photos_edited\Tim_1\BTP JAK\AXC\ZP 20A BOO\50.jpg"
"SHA256","31FCE4FD39EE25F69B187B3F70625FE0DC39CF2CB65EC351AFE478AF155EF682","C:\Users\dikarm\Documents\Server\OCR-FOTO-P3STE\OCR_Foto_Timemark_App\04_photos_edited\Tim_1\BTP JAK\AXC\ZP 20A CLT\0.jpg"
"SHA256","614095A5C6B5343907954236636147B8582134F6C907CF09E8F0BF9CD79599B0","C:\Users\dikarm\Documents\Server\OCR-FOTO-P3STE\OCR_Foto_Timemark_App\04_photos_edited\Tim_1\BTP JAK\AXC\ZP 20A CLT\100.jpg"
"SHA256","9852FF80D51467D3C0DC764CEEB6923A011E8A07E273086719755EFF1B6DCD1F","C:\Users\dikarm\Documents\Server\OCR-FOTO-P3STE\OCR_Foto_Timemark_App\04_photos_edited\Tim_1\BTP JAK\AXC\ZP 20A CLT\50.jpg"
"SHA256","FC59487695EE9C7A8FF6527AF1CE03EC82A58B3003E3B26245BF0B6260A20271","C:\Users\dikarm\Documents\Server\OCR-FOTO-P3STE\OCR_Foto_Timemark_App\04_photos_edited\Tim_1\BTP JAK\AXC\ZP 20B BOO\0.jpg"
"SHA256","A80DF803A130E803636E443CD433D5DBEBBAAC3393FAC1F00484842BB734B358","C:\Users\dikarm\Documents\Server\OCR-FOTO-P3STE\OCR_Foto_Timemark_App\04_photos_edited\Tim_1\BTP JAK\AXC\ZP 20B BOO\100.jpg"
"SHA256","26B4D8F8DF49BC66E2D04957F38DC23A41E8B81D5B526AD1AD83F2B0B16E2249","C:\Users\dikarm\Documents\Server\OCR-FOTO-P3STE\OCR_Foto_Timemark_App\04_photos_edited\Tim_1\BTP JAK\AXC\ZP 20B BOO\50.jpg"
"SHA256","AC2B335B421F608BA5CE6652485EB69B7BCB78DF0702F20FB642032BA777B1D4","C:\Users\dikarm\Documents\Server\OCR-FOTO-P3STE\OCR_Foto_Timemark_App\04_photos_edited\Tim_1\BTP JAK\AXC\ZP 20B CLT\0.jpg"
"SHA256","F4B42D05A233E9B05F801482514E4C434628833EFE805AB23CA759F5EC92C8CE","C:\Users\dikarm\Documents\Server\OCR-FOTO-P3STE\OCR_Foto_Timemark_App\04_photos_edited\Tim_1\BTP JAK\AXC\ZP 20B CLT\100.jpg"
"SHA256","DF101414D501599B4779C784A45DECFA247EF6B915AFD27024963C849338FA2E","C:\Users\dikarm\Documents\Server\OCR-FOTO-P3STE\OCR_Foto_Timemark_App\04_photos_edited\Tim_1\BTP JAK\AXC\ZP 20B CLT\50.jpg"
"SHA256","D1942CA5C65664EB9085DA58C8935813F7D0959703EB5CAE5D07C773DADA0AC9","C:\Users\dikarm\Documents\Server\OCR-FOTO-P3STE\OCR_Foto_Timemark_App\04_photos_edited\Tim_1\BTP JAK\AXC\ZP 20C BOO\0.jpg"
"SHA256","8B870286FCDB2C5A2D5B5AE3EBF8C2A3E74962AE64DD06898282F9D9893E1793","C:\Users\dikarm\Documents\Server\OCR-FOTO-P3STE\OCR_Foto_Timemark_App\04_photos_edited\Tim_1\BTP JAK\AXC\ZP 20C BOO\100.jpg"
"SHA256","D1F30FF1FA48EC89A5CAC3CDC85A058554193EE0B261850D4DCCB240856C3D42","C:\Users\dikarm\Documents\Server\OCR-FOTO-P3STE\OCR_Foto_Timemark_App\04_photos_edited\Tim_1\BTP JAK\AXC\ZP 20C BOO\50.jpg"
"SHA256","B55E9374CF9697DE85223FBF4ADEE93AE002A97A5E313FD85C37A28C18817BF6","C:\Users\dikarm\Documents\Server\OCR-FOTO-P3STE\OCR_Foto_Timemark_App\04_photos_edited\Tim_1\BTP JAK\AXC\ZP 210 BOO-CLT\0.jpg"
"SHA256","7F9A2106CA04794495ADD913DA2DEBF75A72A9DCDD53D10AF2D19D158AB37F92","C:\Users\dikarm\Documents\Server\OCR-FOTO-P3STE\OCR_Foto_Timemark_App\04_photos_edited\Tim_1\BTP JAK\AXC\ZP 210 BOO-CLT\100.jpg"
"SHA256","7E58342C9C3D0728ADC9D94F5719DF4541EDB3C3F50CE1D27ED7C0A44B232527","C:\Users\dikarm\Documents\Server\OCR-FOTO-P3STE\OCR_Foto_Timemark_App\04_photos_edited\Tim_1\BTP JAK\AXC\ZP 210 BOO-CLT\50.jpg"
"SHA256","63DF0BEF63A47988AC6866099424799B8292F15A0EA9F93B3E8012A881182CF6","C:\Users\dikarm\Documents\Server\OCR-FOTO-P3STE\OCR_Foto_Timemark_App\04_photos_edited\Tim_1\BTP JAK\AXC\ZP 211 BOO-CLT\0.jpg"
"SHA256","F1E517DF81D160DBBB25A6831CF54BF842399DB8D3FAB28BA79BDECA2B62855F","C:\Users\dikarm\Documents\Server\OCR-FOTO-P3STE\OCR_Foto_Timemark_App\04_photos_edited\Tim_1\BTP JAK\AXC\ZP 211 BOO-CLT\100.jpg"
"SHA256","11D97938595A2A85998E8768F393F8036E31CC74B445B8CF8729E1E6E406B90B","C:\Users\dikarm\Documents\Server\OCR-FOTO-P3STE\OCR_Foto_Timemark_App\04_photos_edited\Tim_1\BTP JAK\AXC\ZP 211 BOO-CLT\50.jpg"
"SHA256","E39F1739BAAFE98D57C8EF1701789CABD9D7BE8D83A41147E38E0FDCE87101A8","C:\Users\dikarm\Documents\Server\OCR-FOTO-P3STE\OCR_Foto_Timemark_App\04_photos_edited\Tim_1\BTP JAK\AXC\ZP 212 BOO-CLT\0.jpg"
"SHA256","C996CF958F1567B1F2C8F81D7E6A29C20A350FF66BE503C67659BC74D524E571","C:\Users\dikarm\Documents\Server\OCR-FOTO-P3STE\OCR_Foto_Timemark_App\04_photos_edited\Tim_1\BTP JAK\AXC\ZP 212 BOO-CLT\100.jpg"
"SHA256","A1019C5991695273901F307394C9DF29F2AD02BB89A9D022BC1560F71DC21BF8","C:\Users\dikarm\Documents\Server\OCR-FOTO-P3STE\OCR_Foto_Timemark_App\04_photos_edited\Tim_1\BTP JAK\AXC\ZP 212 BOO-CLT\50.jpg"
"SHA256","FAE0C7011510BDC990FB6B86CDB905416F3D3106FDBC478ACC83C10685D9133A","C:\Users\dikarm\Documents\Server\OCR-FOTO-P3STE\OCR_Foto_Timemark_App\04_photos_edited\Tim_1\BTP JAK\AXC\ZP 213 BOO-CLT\0.jpg"
"SHA256","41AF8DE318C31CFF118407BC0C4E639AE927F4F0B2E117BA88900F26570CCC61","C:\Users\dikarm\Documents\Server\OCR-FOTO-P3STE\OCR_Foto_Timemark_App\04_photos_edited\Tim_1\BTP JAK\AXC\ZP 213 BOO-CLT\100.jpg"
"SHA256","D3D1C62B4C2048AD84D5FB3AFAF58E2342F815C26BBF4ED13C594929787B6F39","C:\Users\dikarm\Documents\Server\OCR-FOTO-P3STE\OCR_Foto_Timemark_App\04_photos_edited\Tim_1\BTP JAK\AXC\ZP 213 BOO-CLT\50.jpg"
"SHA256","59F7E20576059181E96D0E8DF3F9D1520DAD75817C55F4A08E0D6299D5F46134","C:\Users\dikarm\Documents\Server\OCR-FOTO-P3STE\OCR_Foto_Timemark_App\04_photos_edited\Tim_1\BTP JAK\AXC\ZP 21A BOO\0.jpg"
"SHA256","38114BB97CD339491E73F23F2C6B79FECA145F2B07DE109A15DCC938D0933ED2","C:\Users\dikarm\Documents\Server\OCR-FOTO-P3STE\OCR_Foto_Timemark_App\04_photos_edited\Tim_1\BTP JAK\AXC\ZP 21A BOO\100.jpg"
"SHA256","A5BC7175E120BEBF2D13C3DEDB283A05BD850BC18C7EDD0A70A8752C2DAC4C55","C:\Users\dikarm\Documents\Server\OCR-FOTO-P3STE\OCR_Foto_Timemark_App\04_photos_edited\Tim_1\BTP JAK\AXC\ZP 21A BOO\50.jpg"
"SHA256","50BB30E36D4C9CDB78C5251B864233D7369A82A9091FEA819BBF9113E10211CC","C:\Users\dikarm\Documents\Server\OCR-FOTO-P3STE\OCR_Foto_Timemark_App\04_photos_edited\Tim_1\BTP JAK\AXC\ZP 21A BOO\meta.json"
"SHA256","2A55CB5A8F97CF8844614DDECB8637AAFC03647EAD51BAC7376E9D6A6987DED0","C:\Users\dikarm\Documents\Server\OCR-FOTO-P3STE\OCR_Foto_Timemark_App\04_photos_edited\Tim_1\BTP JAK\AXC\ZP 21B BOO\0.jpg"
"SHA256","C41509FB89022059D125B4B88347191744C2FD6C279130DA2EC409C83A7C8EF9","C:\Users\dikarm\Documents\Server\OCR-FOTO-P3STE\OCR_Foto_Timemark_App\04_photos_edited\Tim_1\BTP JAK\AXC\ZP 21B BOO\100.jpg"
"SHA256","1ED84138A25FD77E8A89E104081E62E0DEFCB821C7F453AA4797065ED7FA4A75","C:\Users\dikarm\Documents\Server\OCR-FOTO-P3STE\OCR_Foto_Timemark_App\04_photos_edited\Tim_1\BTP JAK\AXC\ZP 21B BOO\50.jpg"
"SHA256","ACE53CADB715779BE359BCA0D670304494FF73ECAA23BCE7D87B9E86832B88DC","C:\Users\dikarm\Documents\Server\OCR-FOTO-P3STE\OCR_Foto_Timemark_App\04_photos_edited\Tim_1\BTP JAK\AXC\ZP 21C BOO\0.jpg"
"SHA256","06F2822848A9CD122648D9774A78879C3EC70CEB050D12BCED4D151F743698BC","C:\Users\dikarm\Documents\Server\OCR-FOTO-P3STE\OCR_Foto_Timemark_App\04_photos_edited\Tim_1\BTP JAK\AXC\ZP 21C BOO\100.jpg"
"SHA256","D0BA13765CC44DC692C15686C4A6DFC516308418CC0560C8A88F4C65134EB133","C:\Users\dikarm\Documents\Server\OCR-FOTO-P3STE\OCR_Foto_Timemark_App\04_photos_edited\Tim_1\BTP JAK\AXC\ZP 21C BOO\50.jpg"
"SHA256","82D87730D6012DF8ABDE4A0D3C52F751403F147D4E83544F32F6DB1B33423FB2","C:\Users\dikarm\Documents\Server\OCR-FOTO-P3STE\OCR_Foto_Timemark_App\04_photos_edited\Tim_1\BTP JAK\AXC\ZP 22A BOO\0.jpg"
"SHA256","FCEA15A216635CCA130A680873AF399283F29321D44A7BBF9C6CFCA4BB2CBB7C","C:\Users\dikarm\Documents\Server\OCR-FOTO-P3STE\OCR_Foto_Timemark_App\04_photos_edited\Tim_1\BTP JAK\AXC\ZP 22A BOO\100.jpg"
"SHA256","DE8D2E5481D834CF9F4A97EDAC7035B73236A15CC48B3303526500883D56F9DF","C:\Users\dikarm\Documents\Server\OCR-FOTO-P3STE\OCR_Foto_Timemark_App\04_photos_edited\Tim_1\BTP JAK\AXC\ZP 22A BOO\50.jpg"
"SHA256","1E3E28045454C6042C1AD46D3C4F374A2FCA5FDD3A066F1BDDE3F2375710F049","C:\Users\dikarm\Documents\Server\OCR-FOTO-P3STE\OCR_Foto_Timemark_App\04_photos_edited\Tim_1\BTP JAK\AXC\ZP 22A CLT\0.jpg"
"SHA256","A451B054D45DBC2E1540EE59D8B209CFF219B0677F51E4FAF00651457A4EB3FB","C:\Users\dikarm\Documents\Server\OCR-FOTO-P3STE\OCR_Foto_Timemark_App\04_photos_edited\Tim_1\BTP JAK\AXC\ZP 22A CLT\100.jpg"
"SHA256","0F1335AC8CE0B0162AE8D6B7B37ADCE1BCAF2C5BA81B6649D223CC20110D08E4","C:\Users\dikarm\Documents\Server\OCR-FOTO-P3STE\OCR_Foto_Timemark_App\04_photos_edited\Tim_1\BTP JAK\AXC\ZP 22A CLT\50.jpg"
"SHA256","56938EC688CABBE459BA7143ACF6591C759303819C72BE537E557830E21AA6B6","C:\Users\dikarm\Documents\Server\OCR-FOTO-P3STE\OCR_Foto_Timemark_App\04_photos_edited\Tim_1\BTP JAK\AXC\ZP 22B BOO\0.jpg"
"SHA256","18C23A53B9A4FCB3E953F4103C6DEE14DB3C2312C789CD5E27F1A878E130E8D5","C:\Users\dikarm\Documents\Server\OCR-FOTO-P3STE\OCR_Foto_Timemark_App\04_photos_edited\Tim_1\BTP JAK\AXC\ZP 22B BOO\100.jpg"
"SHA256","97CD119772681D9C85D37B240EFA223682D1F048249C516CB879895B9740ACE2","C:\Users\dikarm\Documents\Server\OCR-FOTO-P3STE\OCR_Foto_Timemark_App\04_photos_edited\Tim_1\BTP JAK\AXC\ZP 22B BOO\50.jpg"
"SHA256","9BB36A65BDD683AE31D2AFEC5EDC81D667A5184F2227DB96E6A9E79D4E20DB3C","C:\Users\dikarm\Documents\Server\OCR-FOTO-P3STE\OCR_Foto_Timemark_App\04_photos_edited\Tim_1\BTP JAK\AXC\ZP 22B CLT\0.jpg"
"SHA256","8C7DDAFB204961FFEA51818DCF83C2C08DA5500C7CBC1D0E3D72D4434DAC3704","C:\Users\dikarm\Documents\Server\OCR-FOTO-P3STE\OCR_Foto_Timemark_App\04_photos_edited\Tim_1\BTP JAK\AXC\ZP 22B CLT\100.jpg"
"SHA256","DF4CFE8A405AD84E6595B75ED583A71833CE56FF85C1BC6E647403C58AEAB56B","C:\Users\dikarm\Documents\Server\OCR-FOTO-P3STE\OCR_Foto_Timemark_App\04_photos_edited\Tim_1\BTP JAK\AXC\ZP 22B CLT\50.jpg"
"SHA256","269F417024A8E79BAAD7AC9A0DD0B42E17EC63FC5DE9E95B46AF4F06BE34365F","C:\Users\dikarm\Documents\Server\OCR-FOTO-P3STE\OCR_Foto_Timemark_App\04_photos_edited\Tim_1\BTP JAK\AXC\ZP 23A BOO\0.jpg"
"SHA256","FDC39384A3C08676338C25019D2D875C00D2FC068DA1F729BD1F323DBD0CAE7F","C:\Users\dikarm\Documents\Server\OCR-FOTO-P3STE\OCR_Foto_Timemark_App\04_photos_edited\Tim_1\BTP JAK\AXC\ZP 23A BOO\100.jpg"
"SHA256","4C49CB2F001EA3F7F8199EAB4C737A5C7C70C29765F0D06ECBADECF51C8B5031","C:\Users\dikarm\Documents\Server\OCR-FOTO-P3STE\OCR_Foto_Timemark_App\04_photos_edited\Tim_1\BTP JAK\AXC\ZP 23A BOO\50.jpg"
"SHA256","9190BCB858A461302D9B66F3ABBD3A1855260019E50D5F34E12120757254D6BC","C:\Users\dikarm\Documents\Server\OCR-FOTO-P3STE\OCR_Foto_Timemark_App\04_photos_edited\Tim_1\BTP JAK\AXC\ZP 23B BOO\0.jpg"
"SHA256","3FA0E9DD8CCEFC180AF7E4C70660CF54E3E7CDF66997741A4B15744D98C2C393","C:\Users\dikarm\Documents\Server\OCR-FOTO-P3STE\OCR_Foto_Timemark_App\04_photos_edited\Tim_1\BTP JAK\AXC\ZP 23B BOO\100.jpg"
"SHA256","A97C533F5B9D1F4D98A19C504B806958B97440185CC640590B9B9BFF5D5489A7","C:\Users\dikarm\Documents\Server\OCR-FOTO-P3STE\OCR_Foto_Timemark_App\04_photos_edited\Tim_1\BTP JAK\AXC\ZP 23B BOO\50.jpg"
"SHA256","54A69B316523B982ECB0C6F74749D59EECBFA6662A741B273BD08371C16FE4C1","C:\Users\dikarm\Documents\Server\OCR-FOTO-P3STE\OCR_Foto_Timemark_App\04_photos_edited\Tim_1\BTP JAK\AXC\ZP 24A BOO\0.jpg"
"SHA256","AE5EF7F0A6513A8B2463540A030B44888A6102A7B81CB5CBE0A94CABE10B6E00","C:\Users\dikarm\Documents\Server\OCR-FOTO-P3STE\OCR_Foto_Timemark_App\04_photos_edited\Tim_1\BTP JAK\AXC\ZP 24A BOO\100.jpg"
"SHA256","20DFFB7EEF7BDF31025C6CADD45D2A4CE16FE111B121958CFF77BCE64E035190","C:\Users\dikarm\Documents\Server\OCR-FOTO-P3STE\OCR_Foto_Timemark_App\04_photos_edited\Tim_1\BTP JAK\AXC\ZP 24A BOO\50.jpg"
"SHA256","0A681CC1A1B11E7E0C3E3AC6C2FFFFBB920A078847DAE0224B32CD2305C03BE9","C:\Users\dikarm\Documents\Server\OCR-FOTO-P3STE\OCR_Foto_Timemark_App\04_photos_edited\Tim_1\BTP JAK\AXC\ZP 24A CLT\0.jpg"
"SHA256","8BB0F65070EAD72996EB131BE04611A199C6DEA134E81E260656878372BFED7A","C:\Users\dikarm\Documents\Server\OCR-FOTO-P3STE\OCR_Foto_Timemark_App\04_photos_edited\Tim_1\BTP JAK\AXC\ZP 24A CLT\100.jpg"
"SHA256","D9CDD051399A1C683EC9700F690276814ACE50C200590C4A9CB22EDE745B2E4E","C:\Users\dikarm\Documents\Server\OCR-FOTO-P3STE\OCR_Foto_Timemark_App\04_photos_edited\Tim_1\BTP JAK\AXC\ZP 24A CLT\50.jpg"
"SHA256","43E42E8BD2448E40C66D333FC26324605EA423847BF8C41C39B5B159AB3A31F8","C:\Users\dikarm\Documents\Server\OCR-FOTO-P3STE\OCR_Foto_Timemark_App\04_photos_edited\Tim_1\BTP JAK\AXC\ZP 24B BOO\0.jpg"
"SHA256","D38441D02D76AE2BFB500C9F13DF924D676F3A8C1B11E69B218630E71900BFB4","C:\Users\dikarm\Documents\Server\OCR-FOTO-P3STE\OCR_Foto_Timemark_App\04_photos_edited\Tim_1\BTP JAK\AXC\ZP 24B BOO\100.jpg"
"SHA256","849ECC135153024517FFFC723A89160922E93709333BE728F38F6601E9762B61","C:\Users\dikarm\Documents\Server\OCR-FOTO-P3STE\OCR_Foto_Timemark_App\04_photos_edited\Tim_1\BTP JAK\AXC\ZP 24B BOO\50.jpg"
"SHA256","08C305AFD3C80C789F28F33792FE6A91E79B66726B25F589C1D519D1FD725828","C:\Users\dikarm\Documents\Server\OCR-FOTO-P3STE\OCR_Foto_Timemark_App\04_photos_edited\Tim_1\BTP JAK\AXC\ZP 24B CLT\0.jpg"
"SHA256","62B673E984FEB4437CCC50C7D153BF89A5976A6338761F65E515B65BFA4FFBE4","C:\Users\dikarm\Documents\Server\OCR-FOTO-P3STE\OCR_Foto_Timemark_App\04_photos_edited\Tim_1\BTP JAK\AXC\ZP 24B CLT\100.jpg"
"SHA256","08BD5FB8D7184E53185D0B567129A9F24E9664FC97FE5D695E274F3A719A05E5","C:\Users\dikarm\Documents\Server\OCR-FOTO-P3STE\OCR_Foto_Timemark_App\04_photos_edited\Tim_1\BTP JAK\AXC\ZP 24B CLT\50.jpg"
"SHA256","9772A613F67B483A85961BBB9775EF0E51EEF513350E85C39DE76F3BD7CC83C3","C:\Users\dikarm\Documents\Server\OCR-FOTO-P3STE\OCR_Foto_Timemark_App\04_photos_edited\Tim_1\BTP JAK\AXC\ZP 31A BOO\0.jpg"
"SHA256","B1B857492855E6E1394330E4FE3315FF7776C5054CA3DC0AC49B0A85B34DD3AF","C:\Users\dikarm\Documents\Server\OCR-FOTO-P3STE\OCR_Foto_Timemark_App\04_photos_edited\Tim_1\BTP JAK\AXC\ZP 31A BOO\100.jpg"
"SHA256","9CA42759573041EC6156924114227CCA3F5B769E720C685619779E02F0869EC2","C:\Users\dikarm\Documents\Server\OCR-FOTO-P3STE\OCR_Foto_Timemark_App\04_photos_edited\Tim_1\BTP JAK\AXC\ZP 31A BOO\50.jpg"
"SHA256","8CA4CCFBC672C6E9999102D7FD7E0B8A5A167693B101814DBE2EB2355C1FFF93","C:\Users\dikarm\Documents\Server\OCR-FOTO-P3STE\OCR_Foto_Timemark_App\04_photos_edited\Tim_1\BTP JAK\AXC\ZP 31A BOO\meta.json"
"SHA256","C0F63C0112CECA32BD264E9078B7955040E3E08C5012925FE7EAFAC43AC7BBC4","C:\Users\dikarm\Documents\Server\OCR-FOTO-P3STE\OCR_Foto_Timemark_App\04_photos_edited\Tim_1\BTP JAK\AXC\ZP 31B BOO\0.jpg"
"SHA256","F1376405652D3713F49822D27339ED457E72FA7B7191418B7525E529361ECE67","C:\Users\dikarm\Documents\Server\OCR-FOTO-P3STE\OCR_Foto_Timemark_App\04_photos_edited\Tim_1\BTP JAK\AXC\ZP 31B BOO\100.jpg"
"SHA256","678C2DA855190DBD162FE4C6B1B4A0103EEAC7E31BD7B00201FCA127591ECC2D","C:\Users\dikarm\Documents\Server\OCR-FOTO-P3STE\OCR_Foto_Timemark_App\04_photos_edited\Tim_1\BTP JAK\AXC\ZP 31B BOO\50.jpg"
"SHA256","DA63DF283267B5F61DCC6E0AC786B2655E06E70922581F61FF7796A1D29B4013","C:\Users\dikarm\Documents\Server\OCR-FOTO-P3STE\OCR_Foto_Timemark_App\04_photos_edited\Tim_1\BTP JAK\AXC\ZP 31B BOO\meta.json"
"SHA256","C12A46D7A7E3871B0B7D125956594E5AC42B7B704E6F15D5A0E07C1875A406AD","C:\Users\dikarm\Documents\Server\OCR-FOTO-P3STE\OCR_Foto_Timemark_App\04_photos_edited\Tim_1\BTP JAK\AXC\ZP 31C BOO\0.jpg"
"SHA256","ADF365530EEF804E3CD07B6EB7E06BC75D3CCCC33AA4D4D5DAAE687BB0853627","C:\Users\dikarm\Documents\Server\OCR-FOTO-P3STE\OCR_Foto_Timemark_App\04_photos_edited\Tim_1\BTP JAK\AXC\ZP 31C BOO\100.jpg"
"SHA256","6D5BF9B8737A58C4DA06169B11033FAF949984D33F2D9B495F8330A413EEBA70","C:\Users\dikarm\Documents\Server\OCR-FOTO-P3STE\OCR_Foto_Timemark_App\04_photos_edited\Tim_1\BTP JAK\AXC\ZP 31C BOO\50.jpg"
"SHA256","1C7FA9AD2279ABC0701B07EBCEEC2E1613F6F37396456B28E10AC94747C7618E","C:\Users\dikarm\Documents\Server\OCR-FOTO-P3STE\OCR_Foto_Timemark_App\04_photos_edited\Tim_1\BTP JAK\AXC\ZP 31D BOO\0.jpg"
"SHA256","338B8491D6D158A7BA0972A6F7223756C0907730F41FB79CE5D67B0456DDEF8F","C:\Users\dikarm\Documents\Server\OCR-FOTO-P3STE\OCR_Foto_Timemark_App\04_photos_edited\Tim_1\BTP JAK\AXC\ZP 31D BOO\100.jpg"
"SHA256","B85B8DFF834B7D30A840B65D58E56B59874752305403C50A8F983921B2F7A521","C:\Users\dikarm\Documents\Server\OCR-FOTO-P3STE\OCR_Foto_Timemark_App\04_photos_edited\Tim_1\BTP JAK\AXC\ZP 31D BOO\50.jpg"
"SHA256","89068206C92A7AFE1B5A7D4C978462B1CFACFF7CE26E1C056CEC8D7431A47F4A","C:\Users\dikarm\Documents\Server\OCR-FOTO-P3STE\OCR_Foto_Timemark_App\04_photos_edited\Tim_1\BTP JAK\AXC\ZP 31E BOO\0.jpg"
"SHA256","06C89255FC93D7193E83B88B64F93E6E7A3F9E762E584D18249933A79AC52568","C:\Users\dikarm\Documents\Server\OCR-FOTO-P3STE\OCR_Foto_Timemark_App\04_photos_edited\Tim_1\BTP JAK\AXC\ZP 31E BOO\100.jpg"
"SHA256","D64FDBDC20F2CCEACF0B3013E2AA2F8F38915404DCCE5C70FE60B4CAA091D130","C:\Users\dikarm\Documents\Server\OCR-FOTO-P3STE\OCR_Foto_Timemark_App\04_photos_edited\Tim_1\BTP JAK\AXC\ZP 31E BOO\50.jpg"
"SHA256","6E0F69F345DF493A05421818667E9E2C6CE42B54C857EC898D8C32D7AD643FBC","C:\Users\dikarm\Documents\Server\OCR-FOTO-P3STE\OCR_Foto_Timemark_App\04_photos_edited\Tim_1\BTP JAK\AXC\ZP 32A BOO\0.jpg"
"SHA256","3DE2029EAF47A1D50A9C4D2214EA07EE5CE268580177E6B002A3BA59A178DDAF","C:\Users\dikarm\Documents\Server\OCR-FOTO-P3STE\OCR_Foto_Timemark_App\04_photos_edited\Tim_1\BTP JAK\AXC\ZP 32A BOO\100.jpg"
"SHA256","763AA4BA47B86D61CC19D47F4C4C30CF35ED9DDCD0686412D869A17B74A73D60","C:\Users\dikarm\Documents\Server\OCR-FOTO-P3STE\OCR_Foto_Timemark_App\04_photos_edited\Tim_1\BTP JAK\AXC\ZP 32A BOO\50.jpg"
"SHA256","CC121065D8E4C3EA03EFEB7321436FD0F90E4FB3004897762ED64E848FAD7C96","C:\Users\dikarm\Documents\Server\OCR-FOTO-P3STE\OCR_Foto_Timemark_App\04_photos_edited\Tim_1\BTP JAK\AXC\ZP 32A BOO\meta.json"
"SHA256","373527918DCE3402E40FF7F5AD9033E0D853F698C7CE3B10DB008D59F91CF69C","C:\Users\dikarm\Documents\Server\OCR-FOTO-P3STE\OCR_Foto_Timemark_App\04_photos_edited\Tim_1\BTP JAK\AXC\ZP 32B BOO\0.jpg"
"SHA256","66D97D047FFAB3059F6C6B2FC55A578550608176536E095205E2AA79EC63E97F","C:\Users\dikarm\Documents\Server\OCR-FOTO-P3STE\OCR_Foto_Timemark_App\04_photos_edited\Tim_1\BTP JAK\AXC\ZP 32B BOO\100.jpg"
"SHA256","05F2DD2B404E866BF483DC2F4227C5EA71F073A9F828BD768491F58F57C6DB6B","C:\Users\dikarm\Documents\Server\OCR-FOTO-P3STE\OCR_Foto_Timemark_App\04_photos_edited\Tim_1\BTP JAK\AXC\ZP 32B BOO\50.jpg"
"SHA256","B19FB5D8C9D5D7C0B65329F13BB6F83DBE1629E15D1710847F1F04750E6A0030","C:\Users\dikarm\Documents\Server\OCR-FOTO-P3STE\OCR_Foto_Timemark_App\04_photos_edited\Tim_1\BTP JAK\AXC\ZP 41 BOO\0.jpg"
"SHA256","CDD0FF51EB77AB9D43AC7DD2361F0E1A2D84F1539E590B9D383CB6D551E24887","C:\Users\dikarm\Documents\Server\OCR-FOTO-P3STE\OCR_Foto_Timemark_App\04_photos_edited\Tim_1\BTP JAK\AXC\ZP 41 BOO\100.jpg"
"SHA256","2C9B79169DDBFD5F9BBFE739F0FD832455C0ECF5550D793BF9A3143A2CD6D1C6","C:\Users\dikarm\Documents\Server\OCR-FOTO-P3STE\OCR_Foto_Timemark_App\04_photos_edited\Tim_1\BTP JAK\AXC\ZP 41 BOO\50.jpg"
"SHA256","B5E59F9634E4DD6432F842175156B7354B1C24ACC645A8CE5BAE968B0C1AEB82","C:\Users\dikarm\Documents\Server\OCR-FOTO-P3STE\OCR_Foto_Timemark_App\04_photos_edited\Tim_1\BTP JAK\AXC\ZP 42A BOO\0.jpg"
"SHA256","DD13584C5FF3C41A9457DA7BF9D82A6E26C3841D4E3A962781DEA3C314DE3D16","C:\Users\dikarm\Documents\Server\OCR-FOTO-P3STE\OCR_Foto_Timemark_App\04_photos_edited\Tim_1\BTP JAK\AXC\ZP 42A BOO\100.jpg"
"SHA256","28D836A17C17BD0DF99D2A232051038C04B68DC8FF803474B7513D3BDDB7B4CF","C:\Users\dikarm\Documents\Server\OCR-FOTO-P3STE\OCR_Foto_Timemark_App\04_photos_edited\Tim_1\BTP JAK\AXC\ZP 42A BOO\50.jpg"
"SHA256","7A501F6F43DF09D0F422BC9C0E500750A1D5072425D27385526E11696B7C577D","C:\Users\dikarm\Documents\Server\OCR-FOTO-P3STE\OCR_Foto_Timemark_App\04_photos_edited\Tim_1\BTP JAK\AXC\ZP 42B BOO\0.jpg"
"SHA256","21F47CB7D427E73AAA83BB7242F8F342FB933EA1FD9B2E5504AD612C6E64036A","C:\Users\dikarm\Documents\Server\OCR-FOTO-P3STE\OCR_Foto_Timemark_App\04_photos_edited\Tim_1\BTP JAK\AXC\ZP 42B BOO\100.jpg"
"SHA256","F5875F65B16164D781EA17482F93B8D99A43911C933C82CBD05205CECE37D944","C:\Users\dikarm\Documents\Server\OCR-FOTO-P3STE\OCR_Foto_Timemark_App\04_photos_edited\Tim_1\BTP JAK\AXC\ZP 42B BOO\50.jpg"
"SHA256","4D97EC13521DA2DC289AA30E76264BDFEAEEE8AD3641712BC66EDACD993EC97C","C:\Users\dikarm\Documents\Server\OCR-FOTO-P3STE\OCR_Foto_Timemark_App\04_photos_edited\Tim_1\BTP JAK\AXC\ZP 42C BOO\0.jpg"
"SHA256","B85F2F808C81BAD62ABBE9F9F784660C6F05412889E32CE9B1D1238D89061657","C:\Users\dikarm\Documents\Server\OCR-FOTO-P3STE\OCR_Foto_Timemark_App\04_photos_edited\Tim_1\BTP JAK\AXC\ZP 42C BOO\100.jpg"
"SHA256","F91E48FB64A2D316E4759C122C0D3F220F8DFE626CAA21DA1B89BF1D813AD134","C:\Users\dikarm\Documents\Server\OCR-FOTO-P3STE\OCR_Foto_Timemark_App\04_photos_edited\Tim_1\BTP JAK\AXC\ZP 42C BOO\50.jpg"
"SHA256","1E7C77233EFEF61123F586628A29EE54D49FDE3B90F4809F87CB2A9124579E24","C:\Users\dikarm\Documents\Server\OCR-FOTO-P3STE\OCR_Foto_Timemark_App\04_photos_edited\Tim_1\BTP JAK\AXC\ZP 52 BOO\0.jpg"
"SHA256","4B66AB1B7BABE5B1827846D104DF7D442E3EBE70861CBD2115C59F8E8D37E633","C:\Users\dikarm\Documents\Server\OCR-FOTO-P3STE\OCR_Foto_Timemark_App\04_photos_edited\Tim_1\BTP JAK\AXC\ZP 52 BOO\100.jpg"
"SHA256","7D7052C4BC6E7996B0A58E3CD5ED0D28533D2F3053A38C1A678FE38D0CA80621","C:\Users\dikarm\Documents\Server\OCR-FOTO-P3STE\OCR_Foto_Timemark_App\04_photos_edited\Tim_1\BTP JAK\AXC\ZP 52 BOO\50.jpg"
"SHA256","8630E7A59BE1155D6614E9961DF286E03BE76CFE00364A8AE575A03EBE226994","C:\Users\dikarm\Documents\Server\OCR-FOTO-P3STE\OCR_Foto_Timemark_App\04_photos_edited\Tim_1\BTP JAK\AXC\ZP 60 BOO\0.jpg"
"SHA256","842461E44373B31462C8EB36A79452848EBBD08F2EABEAED6BCE41223F89B8F1","C:\Users\dikarm\Documents\Server\OCR-FOTO-P3STE\OCR_Foto_Timemark_App\04_photos_edited\Tim_1\BTP JAK\AXC\ZP 60 BOO\100.jpg"
"SHA256","27A9C15ECA47B4C0D4FEBB848D95A139EF0381E9B88E573561436EDD44F6C361","C:\Users\dikarm\Documents\Server\OCR-FOTO-P3STE\OCR_Foto_Timemark_App\04_photos_edited\Tim_1\BTP JAK\AXC\ZP 60 BOO\50.jpg"
"SHA256","A02FE7A3E7EC6538A7C1925CF9AF70E0F27EF6F729CABFEEE66A244EA8B575A4","C:\Users\dikarm\Documents\Server\OCR-FOTO-P3STE\OCR_Foto_Timemark_App\04_photos_edited\Tim_1\BTP JAK\AXC\ZP 61 BOO\0.jpg"
"SHA256","A1CD3D92A7D64F6137F2EA4E346CC19D0649322563C98A09508FF5541674EC65","C:\Users\dikarm\Documents\Server\OCR-FOTO-P3STE\OCR_Foto_Timemark_App\04_photos_edited\Tim_1\BTP JAK\AXC\ZP 61 BOO\100.jpg"
"SHA256","67FBB096D660613E3FDCB21D57764F770ABCF88D397794CAB890E11A997CEC7E","C:\Users\dikarm\Documents\Server\OCR-FOTO-P3STE\OCR_Foto_Timemark_App\04_photos_edited\Tim_1\BTP JAK\AXC\ZP 61 BOO\50.jpg"
"SHA256","73A57657E32FD6E493187FB0C5685E0FA883F8F09CBDB3F7BB259CF6447467C3","C:\Users\dikarm\Documents\Server\OCR-FOTO-P3STE\OCR_Foto_Timemark_App\04_photos_edited\Tim_1\BTP JAK\AXC\ZP 62A BOO\0.jpg"
"SHA256","65B6F8D8AAE1326F9A187BE6992E02C2388F64E6550F19962F053E208B78EF11","C:\Users\dikarm\Documents\Server\OCR-FOTO-P3STE\OCR_Foto_Timemark_App\04_photos_edited\Tim_1\BTP JAK\AXC\ZP 62A BOO\100.jpg"
"SHA256","8A86F653CDA09E50C0F818353A4AEE3536B8F46D14E5FCE6A07A511B2648ACBB","C:\Users\dikarm\Documents\Server\OCR-FOTO-P3STE\OCR_Foto_Timemark_App\04_photos_edited\Tim_1\BTP JAK\AXC\ZP 62A BOO\50.jpg"
"SHA256","A0B8BF2D74600D71357F0E5B5949E10EDBD6ADB70940A96BEB0F57B63A6E14D8","C:\Users\dikarm\Documents\Server\OCR-FOTO-P3STE\OCR_Foto_Timemark_App\04_photos_edited\Tim_1\BTP JAK\AXC\ZP 62B BOO\0.jpg"
"SHA256","C69F96FA64A242597E33490B4A34353580EED0EC199A7BB10344623D6ED452C6","C:\Users\dikarm\Documents\Server\OCR-FOTO-P3STE\OCR_Foto_Timemark_App\04_photos_edited\Tim_1\BTP JAK\AXC\ZP 62B BOO\100.jpg"
"SHA256","3099D6FFC13AAC16966B376BA0C1780685DEC72272D4579F3CF053C1564C6E65","C:\Users\dikarm\Documents\Server\OCR-FOTO-P3STE\OCR_Foto_Timemark_App\04_photos_edited\Tim_1\BTP JAK\AXC\ZP 62B BOO\50.jpg"
"SHA256","C3ECFED2351400C7AC745E2A6CCE27D18A6A90D76E80B2FED72210B6B5209994","C:\Users\dikarm\Documents\Server\OCR-FOTO-P3STE\OCR_Foto_Timemark_App\04_photos_edited\Tim_1\BTP JAK\AXC\ZP 72 BOO\0.jpg"
"SHA256","39E7DA58F5E14AB92EC30511FD50B46968D2015C430BE5F78462EF50694B9868","C:\Users\dikarm\Documents\Server\OCR-FOTO-P3STE\OCR_Foto_Timemark_App\04_photos_edited\Tim_1\BTP JAK\AXC\ZP 72 BOO\100.jpg"
"SHA256","167CED9F47D60D3A83C32B277F9C19C3EE348A29FDCA8B5D446790F8CF2AD684","C:\Users\dikarm\Documents\Server\OCR-FOTO-P3STE\OCR_Foto_Timemark_App\04_photos_edited\Tim_1\BTP JAK\AXC\ZP 72 BOO\50.jpg"
"SHA256","34EAA16BD4C329B3E4A3FF210FD2AA70BE8132F046AE590D2D003E6C555D5721","C:\Users\dikarm\Documents\Server\OCR-FOTO-P3STE\OCR_Foto_Timemark_App\04_photos_edited\Tim_1\BTP JAK\AXC\ZP 92 BOO\0.jpg"
"SHA256","90613D461F4E7A3C9F5A8C588AB6C80429976613B5C9DA4B7D7F997A92CC370A","C:\Users\dikarm\Documents\Server\OCR-FOTO-P3STE\OCR_Foto_Timemark_App\04_photos_edited\Tim_1\BTP JAK\AXC\ZP 92 BOO\100.jpg"
"SHA256","5F5B01803CE18F3C924AE6C1CE8E26F7E584F1AAE98E11F1502FC7E479FEF166","C:\Users\dikarm\Documents\Server\OCR-FOTO-P3STE\OCR_Foto_Timemark_App\04_photos_edited\Tim_1\BTP JAK\AXC\ZP 92 BOO\50.jpg"
"SHA256","7589BE1C6E844D858635A2F26E9EACC416EBF448ABE8CC1E2686C8D0E7F752DF","C:\Users\dikarm\Documents\Server\OCR-FOTO-P3STE\OCR_Foto_Timemark_App\04_photos_edited\Tim_1\BTP JAK\CATUDAYA\BOO\0.jpg"
"SHA256","4AEB29CEE328CCC6632B69D12DC06D6D7854529BB3CD14602AD15F1EABC88231","C:\Users\dikarm\Documents\Server\OCR-FOTO-P3STE\OCR_Foto_Timemark_App\04_photos_edited\Tim_1\BTP JAK\CATUDAYA\BOO\100.jpg"
"SHA256","BBACCE6857D9AC898EB4DF6949F3715DD7C49EA3194380BC8DE54F27D906FF31","C:\Users\dikarm\Documents\Server\OCR-FOTO-P3STE\OCR_Foto_Timemark_App\04_photos_edited\Tim_1\BTP JAK\CATUDAYA\BOO\50.jpg"
"SHA256","458DF2F03CE041BC2169B6EF3833E8CEB2CB7BBA0D676D35ABC8F7C67B8D29A8","C:\Users\dikarm\Documents\Server\OCR-FOTO-P3STE\OCR_Foto_Timemark_App\04_photos_edited\Tim_1\BTP JAK\CATUDAYA\CLT\0.jpg"
"SHA256","78D05F7DB15F129F1213E5EB0D7E43139F0C4304061B0A3FC1F9E4654AB8D190","C:\Users\dikarm\Documents\Server\OCR-FOTO-P3STE\OCR_Foto_Timemark_App\04_photos_edited\Tim_1\BTP JAK\CATUDAYA\CLT\100.jpg"
"SHA256","E6136CCA8DC7A0AB1385FB397A0A7DB73EAC600E4F60FF47D373FE065D85276A","C:\Users\dikarm\Documents\Server\OCR-FOTO-P3STE\OCR_Foto_Timemark_App\04_photos_edited\Tim_1\BTP JAK\CATUDAYA\CLT\50.jpg"
"SHA256","17981D9838AA056E9E4F23AA87B82BB310ACC13E7A38F649705FA977C3D144C6","C:\Users\dikarm\Documents\Server\OCR-FOTO-P3STE\OCR_Foto_Timemark_App\04_photos_edited\Tim_1\BTP JAK\CATUDAYA\CLT\meta.json"
"SHA256","EC8CEA5918C739FE1E6E58C98B0FAE8063D3573D982359F4219CB2D72EC8D720","C:\Users\dikarm\Documents\Server\OCR-FOTO-P3STE\OCR_Foto_Timemark_App\04_photos_edited\Tim_1\BTP JAK\CATUDAYA\RADIO_BOO\0.jpg"
"SHA256","DE9C60DC0029BF54255E6F75E62054D5CEFF1AB7F83F1142555011B4149B199F","C:\Users\dikarm\Documents\Server\OCR-FOTO-P3STE\OCR_Foto_Timemark_App\04_photos_edited\Tim_1\BTP JAK\CATUDAYA\RADIO_BOO\100.jpg"
"SHA256","0723594B38C248D2BEA2ADF9558DAF7CCAB8C119DE1448590160F1DB7CDF742E","C:\Users\dikarm\Documents\Server\OCR-FOTO-P3STE\OCR_Foto_Timemark_App\04_photos_edited\Tim_1\BTP JAK\CATUDAYA\RADIO_BOO\50.jpg"
"SHA256","CD564A0999831E99B14305F3617757477A3C5A4C85A062F62CA3ACF872FA3F49","C:\Users\dikarm\Documents\Server\OCR-FOTO-P3STE\OCR_Foto_Timemark_App\04_photos_edited\Tim_1\BTP JAK\CTS\BOO\0.jpg"
"SHA256","7E253D26327AB05CAA6DE47EEC18EC4C39BF74C148380BBA7ED9DB1F875B9181","C:\Users\dikarm\Documents\Server\OCR-FOTO-P3STE\OCR_Foto_Timemark_App\04_photos_edited\Tim_1\BTP JAK\CTS\BOO\100.jpg"
"SHA256","8FB995B8833E6C14AFB60E2B527D56A6C388BB8D28A89FFCB6C4D24E13895242","C:\Users\dikarm\Documents\Server\OCR-FOTO-P3STE\OCR_Foto_Timemark_App\04_photos_edited\Tim_1\BTP JAK\CTS\BOO\50.jpg"
"SHA256","82AB0F2AF6CC55FA5FD8D3D2FB3F7F55AD8D48A37ED408A8E3B36AA634832CC8","C:\Users\dikarm\Documents\Server\OCR-FOTO-P3STE\OCR_Foto_Timemark_App\04_photos_edited\Tim_1\BTP JAK\CTS\CLT\0.jpg"
"SHA256","A15CE2F5EEA1C45A7A77A61704E116494B2EB7F1D6C8BD1C7F7879E3A6CD2E14","C:\Users\dikarm\Documents\Server\OCR-FOTO-P3STE\OCR_Foto_Timemark_App\04_photos_edited\Tim_1\BTP JAK\CTS\CLT\100.jpg"
"SHA256","B02EA8134AC90F2224FC5AC8FACD3C54F689CA52B10D93E1C5A2E952F7209795","C:\Users\dikarm\Documents\Server\OCR-FOTO-P3STE\OCR_Foto_Timemark_App\04_photos_edited\Tim_1\BTP JAK\CTS\CLT\50.jpg"
"SHA256","257237D91B154EF595131B92B4CEC9BE12BE56809035BC6BF63E8B180381B692","C:\Users\dikarm\Documents\Server\OCR-FOTO-P3STE\OCR_Foto_Timemark_App\04_photos_edited\Tim_1\BTP JAK\JPL\JPL 2 BOO\0.jpg"
"SHA256","491AD52594CD8C2B311E4E4C31F5AF866A7550E92C4E4247FDA35AA68BA1B73C","C:\Users\dikarm\Documents\Server\OCR-FOTO-P3STE\OCR_Foto_Timemark_App\04_photos_edited\Tim_1\BTP JAK\JPL\JPL 2 BOO\100.jpg"
"SHA256","6BC732B22E657AA62A772FB09EF827542375230F95282CA65C73C7EC35ACB4BA","C:\Users\dikarm\Documents\Server\OCR-FOTO-P3STE\OCR_Foto_Timemark_App\04_photos_edited\Tim_1\BTP JAK\JPL\JPL 2 BOO\50.jpg"
"SHA256","B59C980D30B143E0FCFE84AEF950D73822CC6E2EDF444A28167C27D0BFA6343E","C:\Users\dikarm\Documents\Server\OCR-FOTO-P3STE\OCR_Foto_Timemark_App\04_photos_edited\Tim_1\BTP JAK\JPL\JPL 2 BOO\meta.json"
"SHA256","43A58FE70C91541170DCF204BBB6228CC1EC05D3513C68633E5D0CA0475B0013","C:\Users\dikarm\Documents\Server\OCR-FOTO-P3STE\OCR_Foto_Timemark_App\04_photos_edited\Tim_1\BTP JAK\JPL\JPL 26N CLT\0.jpg"
"SHA256","FC26D048480E88804A7F6F4D9C0E05C1A4F8D9620E0A16498100A7E6E87FB6A1","C:\Users\dikarm\Documents\Server\OCR-FOTO-P3STE\OCR_Foto_Timemark_App\04_photos_edited\Tim_1\BTP JAK\JPL\JPL 26N CLT\100.jpg"
"SHA256","9DA0336B8B741FE574FC358882C2F2CA6C254AB9A71998D4CCC89777AEED73A1","C:\Users\dikarm\Documents\Server\OCR-FOTO-P3STE\OCR_Foto_Timemark_App\04_photos_edited\Tim_1\BTP JAK\JPL\JPL 26N CLT\50.jpg"
"SHA256","7A32796A51099337F508889EAD3412D84569F891704EC977ED1017C6859F34F7","C:\Users\dikarm\Documents\Server\OCR-FOTO-P3STE\OCR_Foto_Timemark_App\04_photos_edited\Tim_1\BTP JAK\JPL\JPL 27 BOO-CLT\0.jpg"
"SHA256","A19ABAB6B7DBA529F96D96A5706E27B9696EF5845303A5FF2F299E17F1535F80","C:\Users\dikarm\Documents\Server\OCR-FOTO-P3STE\OCR_Foto_Timemark_App\04_photos_edited\Tim_1\BTP JAK\JPL\JPL 27 BOO-CLT\100.jpg"
"SHA256","ED8BD1C33612273D3A31E11EE22274BF0042B15F179FC2B839C9D1038FF16038","C:\Users\dikarm\Documents\Server\OCR-FOTO-P3STE\OCR_Foto_Timemark_App\04_photos_edited\Tim_1\BTP JAK\JPL\JPL 27 BOO-CLT\50.jpg"
"SHA256","A842A659AD44E301A703B29F79DFAC6E85581D64820B16D74063F92FC7878597","C:\Users\dikarm\Documents\Server\OCR-FOTO-P3STE\OCR_Foto_Timemark_App\04_photos_edited\Tim_1\BTP JAK\JPL\JPL 28 BOO-CLT\0.jpg"
"SHA256","24B19B581BC5A5AC476784CB20263B74A61ACCE55984B3190755D0889D5D77A2","C:\Users\dikarm\Documents\Server\OCR-FOTO-P3STE\OCR_Foto_Timemark_App\04_photos_edited\Tim_1\BTP JAK\JPL\JPL 28 BOO-CLT\100.jpg"
"SHA256","599B87B4F00E1CB426D8625C1FA922318F9B169807E4B8AF7D37984A5D92B780","C:\Users\dikarm\Documents\Server\OCR-FOTO-P3STE\OCR_Foto_Timemark_App\04_photos_edited\Tim_1\BTP JAK\JPL\JPL 28 BOO-CLT\50.jpg"
"SHA256","CE0BB05E0976C407EF485E337F00EDAC2D592EA78C9443CFE19F0666BA33D06F","C:\Users\dikarm\Documents\Server\OCR-FOTO-P3STE\OCR_Foto_Timemark_App\04_photos_edited\Tim_1\BTP JAK\PDSE\BOO\0.jpg"
"SHA256","3D484D4FF7B31B0A2922B8D278B8DFBDB0160DEF05536E540D155F5EE3BD3968","C:\Users\dikarm\Documents\Server\OCR-FOTO-P3STE\OCR_Foto_Timemark_App\04_photos_edited\Tim_1\BTP JAK\PDSE\BOO\100.jpg"
"SHA256","9426A007C5A4EF8F811B6C53EC36F1619510410842712E72C6CAC2CBBBA746CE","C:\Users\dikarm\Documents\Server\OCR-FOTO-P3STE\OCR_Foto_Timemark_App\04_photos_edited\Tim_1\BTP JAK\PDSE\BOO\50.jpg"
"SHA256","47BE394AF419BD728B46FEB1E45EC8DA09B3DDB8D8D4DAAE6CA41CCCDD93D221","C:\Users\dikarm\Documents\Server\OCR-FOTO-P3STE\OCR_Foto_Timemark_App\04_photos_edited\Tim_1\BTP JAK\PDSE\CLT\0.jpg"
"SHA256","63D71BA3F956ED3EC4F67B7A21A6CAE6B674AAED9B78B6AA6ED9386CF8B505B0","C:\Users\dikarm\Documents\Server\OCR-FOTO-P3STE\OCR_Foto_Timemark_App\04_photos_edited\Tim_1\BTP JAK\PDSE\CLT\100.jpg"
"SHA256","BFAF0B23837CFDE4CFA574B1171D27F2A1311A4E0B9403002C07D76CCE7E78A6","C:\Users\dikarm\Documents\Server\OCR-FOTO-P3STE\OCR_Foto_Timemark_App\04_photos_edited\Tim_1\BTP JAK\PDSE\CLT\50.jpg"
"SHA256","C892003AD1D1A39E56D1C14FA3719624BFE95FD64733BBEFB8CDC4A26AFF9C7A","C:\Users\dikarm\Documents\Server\OCR-FOTO-P3STE\OCR_Foto_Timemark_App\04_photos_edited\Tim_1\BTP JAK\PTDS\BOO\0.jpg"
"SHA256","EE576B96728332B4D62088D5AA20DF448AB161816746E90B676A834EE0CD3B1D","C:\Users\dikarm\Documents\Server\OCR-FOTO-P3STE\OCR_Foto_Timemark_App\04_photos_edited\Tim_1\BTP JAK\PTDS\BOO\100.jpg"
"SHA256","86405B2D257684F4B7E972CEDBFDC0FAFEE450713DC369532690ABFC5943B201","C:\Users\dikarm\Documents\Server\OCR-FOTO-P3STE\OCR_Foto_Timemark_App\04_photos_edited\Tim_1\BTP JAK\PTDS\BOO\50.jpg"
"SHA256","84F838075C16E4F94D05AC2D85C0D12C869301A000A1E95B9B6AECC1915468F0","C:\Users\dikarm\Documents\Server\OCR-FOTO-P3STE\OCR_Foto_Timemark_App\04_photos_edited\Tim_1\BTP JAK\PTDS\CLT\0.jpg"
"SHA256","B96C383938D88F201346CF84D6E24F8BF8A35239BEFFD28F8F906B98067EAD85","C:\Users\dikarm\Documents\Server\OCR-FOTO-P3STE\OCR_Foto_Timemark_App\04_photos_edited\Tim_1\BTP JAK\PTDS\CLT\100.jpg"
"SHA256","12DB11249AB575570B96E9077314227E2BBC7DE53DE3E78A3E57E52DF3687C10","C:\Users\dikarm\Documents\Server\OCR-FOTO-P3STE\OCR_Foto_Timemark_App\04_photos_edited\Tim_1\BTP JAK\PTDS\CLT\50.jpg"
"SHA256","B43B3B7211B9B5AF0963F97CA2C840A6A0A5461CA437B630B6838BF5E5B36DF5","C:\Users\dikarm\Documents\Server\OCR-FOTO-P3STE\OCR_Foto_Timemark_App\04_photos_edited\Tim_1\BTP JAK\PTLS\BOO\0.jpg"
"SHA256","EF98AF1AB469CADFD83752F5613CF1F2E1E70A4C523E4FC7E72DE362A1EFABAF","C:\Users\dikarm\Documents\Server\OCR-FOTO-P3STE\OCR_Foto_Timemark_App\04_photos_edited\Tim_1\BTP JAK\PTLS\BOO\100.jpg"
"SHA256","A05522CA0DBCB9447C90BA8A181E151A1C7545CF8F54D529FCA5A1ADEFE5F694","C:\Users\dikarm\Documents\Server\OCR-FOTO-P3STE\OCR_Foto_Timemark_App\04_photos_edited\Tim_1\BTP JAK\PTLS\BOO\50.jpg"
"SHA256","88196A37D9036F6EF856A3864C89AC0DCB889999C3ADF4A1C932720208691484","C:\Users\dikarm\Documents\Server\OCR-FOTO-P3STE\OCR_Foto_Timemark_App\04_photos_edited\Tim_1\BTP JAK\PTLS\RADIO_BOO\0.jpg"
"SHA256","5BCF9946A21DD139EB862A4A58BF8E03C322E6EAE23573C5F93BEBD26D46BBE8","C:\Users\dikarm\Documents\Server\OCR-FOTO-P3STE\OCR_Foto_Timemark_App\04_photos_edited\Tim_1\BTP JAK\PTLS\RADIO_BOO\100.jpg"
"SHA256","6837F0BEF777DE6BA5F3D5767DA27B7FC983EC07283F7473B232AE8A87023061","C:\Users\dikarm\Documents\Server\OCR-FOTO-P3STE\OCR_Foto_Timemark_App\04_photos_edited\Tim_1\BTP JAK\PTLS\RADIO_BOO\50.jpg"
"SHA256","893BB37AA17C455857C5E511332B53461B77BBA9E21B008D5F4622F9DDDE09CC","C:\Users\dikarm\Documents\Server\OCR-FOTO-P3STE\OCR_Foto_Timemark_App\04_photos_edited\Tim_1\BTP JAK\PTPP\JPL 01 BOO\0.jpg"
"SHA256","F1D3D2A8FDBC4A29CC7D1227AA03EF321F17784D98784D786A0766E5AF48F61D","C:\Users\dikarm\Documents\Server\OCR-FOTO-P3STE\OCR_Foto_Timemark_App\04_photos_edited\Tim_1\BTP JAK\PTPP\JPL 01 BOO\100.jpg"
"SHA256","18240D010522FD07EDB2E24AFCB18C0F2DAA1BACD56C1C1D963D0ED71854D3E1","C:\Users\dikarm\Documents\Server\OCR-FOTO-P3STE\OCR_Foto_Timemark_App\04_photos_edited\Tim_1\BTP JAK\PTPP\JPL 01 BOO\50.jpg"
"SHA256","2FC8D5FBC1DB863A042409DADE41B8689C189121815A97C7C918451EEA3D536D","C:\Users\dikarm\Documents\Server\OCR-FOTO-P3STE\OCR_Foto_Timemark_App\04_photos_edited\Tim_1\BTP JAK\PTPP\JPL 02 BOO\0.jpg"
"SHA256","11FE069C71D4A9ED4C3F1EB5F8E961B2C6CA1F94FEF7026DDC15A598FD9EBFBB","C:\Users\dikarm\Documents\Server\OCR-FOTO-P3STE\OCR_Foto_Timemark_App\04_photos_edited\Tim_1\BTP JAK\PTPP\JPL 02 BOO\100.jpg"
"SHA256","BA770BD61B9D5C6CF525A07F327D8ED40DA233FD87677C379C95762E20C77384","C:\Users\dikarm\Documents\Server\OCR-FOTO-P3STE\OCR_Foto_Timemark_App\04_photos_edited\Tim_1\BTP JAK\PTPP\JPL 02 BOO\50.jpg"
"SHA256","360FB1CA27FD28A69A3DF7F93857386320E5D3263CC81E9F76619C225656D935","C:\Users\dikarm\Documents\Server\OCR-FOTO-P3STE\OCR_Foto_Timemark_App\04_photos_edited\Tim_1\BTP JAK\PTPP\JPL 26N BJD-CLT\0.jpg"
"SHA256","F813D57DB8012DAF7127D645835DE8FED26C557EAFDABFA09ABF9FD0EAF46E59","C:\Users\dikarm\Documents\Server\OCR-FOTO-P3STE\OCR_Foto_Timemark_App\04_photos_edited\Tim_1\BTP JAK\PTPP\JPL 26N BJD-CLT\100.jpg"
"SHA256","F183B4FBEF40587D946086761271E43A7FB377A76FD3DB795AEBB1A4C22C6BC6","C:\Users\dikarm\Documents\Server\OCR-FOTO-P3STE\OCR_Foto_Timemark_App\04_photos_edited\Tim_1\BTP JAK\PTPP\JPL 26N BJD-CLT\50.jpg"
"SHA256","93A8283E947C15573DC1C9694F21C933B817F1C65476BA129A1349EE23354B4E","C:\Users\dikarm\Documents\Server\OCR-FOTO-P3STE\OCR_Foto_Timemark_App\04_photos_edited\Tim_1\BTP JAK\PTPP\JPL 27 BOO-CLT\0.jpg"
"SHA256","59678F4372DFF9D6523E024D366B111C0802D82D8AEFC21DF2DEC607BC308852","C:\Users\dikarm\Documents\Server\OCR-FOTO-P3STE\OCR_Foto_Timemark_App\04_photos_edited\Tim_1\BTP JAK\PTPP\JPL 27 BOO-CLT\100.jpg"
"SHA256","C7C9B7BD135FB6133391C9E40D83216DF67407665FB0B5E97CC6E544CF97DAA6","C:\Users\dikarm\Documents\Server\OCR-FOTO-P3STE\OCR_Foto_Timemark_App\04_photos_edited\Tim_1\BTP JAK\PTPP\JPL 27 BOO-CLT\50.jpg"
"SHA256","E05D70EF32B03AE034885B32C71F97FED229309275EFA1D39713F4629F227FFB","C:\Users\dikarm\Documents\Server\OCR-FOTO-P3STE\OCR_Foto_Timemark_App\04_photos_edited\Tim_1\BTP JAK\PTPP\JPL 27 BOO-CLT\meta.json"
"SHA256","4C26F472612E726526919D7030EBFC66622050612A57027205FB12F2EB6938F4","C:\Users\dikarm\Documents\Server\OCR-FOTO-P3STE\OCR_Foto_Timemark_App\04_photos_edited\Tim_1\BTP JAK\PTPP\JPL 28 BOO-CLT\0.jpg"
"SHA256","92086891E8F3DAF84E8054D3325FC05FF3CE8FA55DC357777D73A193DE678DAC","C:\Users\dikarm\Documents\Server\OCR-FOTO-P3STE\OCR_Foto_Timemark_App\04_photos_edited\Tim_1\BTP JAK\PTPP\JPL 28 BOO-CLT\100.jpg"
"SHA256","BD9C33A7BDA302270AE57AE8E0FEFF9800DD9A9009890E21B5149BAA3F9C87F6","C:\Users\dikarm\Documents\Server\OCR-FOTO-P3STE\OCR_Foto_Timemark_App\04_photos_edited\Tim_1\BTP JAK\PTPP\JPL 28 BOO-CLT\50.jpg"
"SHA256","967C5F9B02D08DB3690FD1904577CF6FB397709B1DB4EACCBC4D30D88742747E","C:\Users\dikarm\Documents\Server\OCR-FOTO-P3STE\OCR_Foto_Timemark_App\04_photos_edited\Tim_1\BTP JAK\SERAT OPTIK\ER SINYAL BOO\0.jpg"
"SHA256","B07243E979104CF0AB352F82822B7BA7D1911129C6E262C6C5A80F327D17E591","C:\Users\dikarm\Documents\Server\OCR-FOTO-P3STE\OCR_Foto_Timemark_App\04_photos_edited\Tim_1\BTP JAK\SERAT OPTIK\ER SINYAL BOO\100.jpg"
"SHA256","31B858110DECDB4B5A0F2DBEF44ADA26F525E1BD1F1BD8F7C07A9FDD40C35AF8","C:\Users\dikarm\Documents\Server\OCR-FOTO-P3STE\OCR_Foto_Timemark_App\04_photos_edited\Tim_1\BTP JAK\SERAT OPTIK\ER SINYAL BOO\50.jpg"
"SHA256","91DD4B99025E879A29DB73F5A0D92F45BCEAE6DACDD26CF3C0025D3EE4B875C2","C:\Users\dikarm\Documents\Server\OCR-FOTO-P3STE\OCR_Foto_Timemark_App\04_photos_edited\Tim_1\BTP JAK\SERAT OPTIK\ER SINYAL CLT\0.jpg"
"SHA256","67213A1D05849362FE2E7468DF8E2577CC3CACCD5C97318231192E301861A1B5","C:\Users\dikarm\Documents\Server\OCR-FOTO-P3STE\OCR_Foto_Timemark_App\04_photos_edited\Tim_1\BTP JAK\SERAT OPTIK\ER SINYAL CLT\100.jpg"
"SHA256","9735D7598FBB5BED6F41F8A8BCCA1D85CBBCB1AC50760D4DEC3F293F6ED20ED8","C:\Users\dikarm\Documents\Server\OCR-FOTO-P3STE\OCR_Foto_Timemark_App\04_photos_edited\Tim_1\BTP JAK\SERAT OPTIK\ER SINYAL CLT\50.jpg"
"SHA256","63D73B783EF67B079F646D0B77B60E6500A4BC171A7A8EC48B6520429C618850","C:\Users\dikarm\Documents\Server\OCR-FOTO-P3STE\OCR_Foto_Timemark_App\04_photos_edited\Tim_1\BTP JAK\SERAT OPTIK\ER SINYAL CLT\meta.json"
"SHA256","893BB37AA17C455857C5E511332B53461B77BBA9E21B008D5F4622F9DDDE09CC","C:\Users\dikarm\Documents\Server\OCR-FOTO-P3STE\OCR_Foto_Timemark_App\04_photos_edited\Tim_1\BTP JAK\SERAT OPTIK\JPL 01 BOO\0.jpg"
"SHA256","A6FBC3031B61806A0341E8F0917D61B7A8BE5216A573B80C158CBD3963F477C0","C:\Users\dikarm\Documents\Server\OCR-FOTO-P3STE\OCR_Foto_Timemark_App\04_photos_edited\Tim_1\BTP JAK\SERAT OPTIK\JPL 01 BOO\100.jpg"
"SHA256","192433324A04FB0B34B915B681C9A89D5B7EEB6EB5D54B0E8255CE500B280E76","C:\Users\dikarm\Documents\Server\OCR-FOTO-P3STE\OCR_Foto_Timemark_App\04_photos_edited\Tim_1\BTP JAK\SERAT OPTIK\JPL 01 BOO\50.jpg"
"SHA256","6BE8BC9D207B95FD877F179EBC820996F7EAB81E322A9A9EA54AD5B3C7AFEA35","C:\Users\dikarm\Documents\Server\OCR-FOTO-P3STE\OCR_Foto_Timemark_App\04_photos_edited\Tim_1\BTP JAK\SERAT OPTIK\JPL 02 BOO\0.jpg"
"SHA256","2FE9F366C7410A42BF1D5DF0CC8B2E3DD3A522A8FF22F0CC5BE5E447D6D83A31","C:\Users\dikarm\Documents\Server\OCR-FOTO-P3STE\OCR_Foto_Timemark_App\04_photos_edited\Tim_1\BTP JAK\SERAT OPTIK\JPL 02 BOO\100.jpg"
"SHA256","080FA23E6AC84FDE05658F5E224A7625CEB336E97CD1EE36E13DC59EECFFCBC8","C:\Users\dikarm\Documents\Server\OCR-FOTO-P3STE\OCR_Foto_Timemark_App\04_photos_edited\Tim_1\BTP JAK\SERAT OPTIK\JPL 02 BOO\50.jpg"
"SHA256","0503AEC2E5FC19CBBF0D641AE880039F27DBFD8DB0AEC2544AA1D95ACA3BBEBF","C:\Users\dikarm\Documents\Server\OCR-FOTO-P3STE\OCR_Foto_Timemark_App\04_photos_edited\Tim_1\BTP JAK\SERAT OPTIK\JPL 04 BOO-BOP\0.jpg"
"SHA256","E97BF2215BC96CE46F978451CF92D73CA77362930670265972627F73DEBC516D","C:\Users\dikarm\Documents\Server\OCR-FOTO-P3STE\OCR_Foto_Timemark_App\04_photos_edited\Tim_1\BTP JAK\SERAT OPTIK\JPL 04 BOO-BOP\100.jpg"
"SHA256","906A50C09CC13E2F341A145DD739D2D8D44D4DBF8E3EF27C565CB88DB8209661","C:\Users\dikarm\Documents\Server\OCR-FOTO-P3STE\OCR_Foto_Timemark_App\04_photos_edited\Tim_1\BTP JAK\SERAT OPTIK\JPL 04 BOO-BOP\50.jpg"
"SHA256","7C485C0A0E52F366D662D0242D183AB997C8A78D64E282E383E9AE5254932D16","C:\Users\dikarm\Documents\Server\OCR-FOTO-P3STE\OCR_Foto_Timemark_App\04_photos_edited\Tim_1\BTP JAK\SERAT OPTIK\JPL 07 BOO-BOP\0.jpg"
"SHA256","09FD952546A4D56066ACC768CCE4154A519BD23F6880F75B5A6847881CC88787","C:\Users\dikarm\Documents\Server\OCR-FOTO-P3STE\OCR_Foto_Timemark_App\04_photos_edited\Tim_1\BTP JAK\SERAT OPTIK\JPL 07 BOO-BOP\100.jpg"
"SHA256","49DBF5B7A5F73F7E729308E32949B850FB3829F642D69780CA7308894A667599","C:\Users\dikarm\Documents\Server\OCR-FOTO-P3STE\OCR_Foto_Timemark_App\04_photos_edited\Tim_1\BTP JAK\SERAT OPTIK\JPL 07 BOO-BOP\50.jpg"
"SHA256","CB2967D397B65FA227E1D243710C5EC2C6B9CEF346A6D6B7E878879781B8DEE2","C:\Users\dikarm\Documents\Server\OCR-FOTO-P3STE\OCR_Foto_Timemark_App\04_photos_edited\Tim_1\BTP JAK\SERAT OPTIK\JPL 26N CLT-BJD\0.jpg"
"SHA256","E2D183F0B85C807885346145D0A53E0D1B3B8CD42695EC7B54C9D79DF917D52A","C:\Users\dikarm\Documents\Server\OCR-FOTO-P3STE\OCR_Foto_Timemark_App\04_photos_edited\Tim_1\BTP JAK\SERAT OPTIK\JPL 26N CLT-BJD\100.jpg"
"SHA256","018B68FCBA721CA75C1F7BD273BB7F1FB4ABBADE63B955C9394B6692860E88B0","C:\Users\dikarm\Documents\Server\OCR-FOTO-P3STE\OCR_Foto_Timemark_App\04_photos_edited\Tim_1\BTP JAK\SERAT OPTIK\JPL 26N CLT-BJD\50.jpg"
"SHA256","822BAA51E3436FEF85D40E22B791478DC70D6F4916D66D15422F74C9DECA5E39","C:\Users\dikarm\Documents\Server\OCR-FOTO-P3STE\OCR_Foto_Timemark_App\04_photos_edited\Tim_1\BTP JAK\SERAT OPTIK\JPL 27 BOO-CLT\0.jpg"
"SHA256","3416D4BD6244BD9D206889A8D2E2D967C161A3FBAFE6D6A819A83929DF75C34F","C:\Users\dikarm\Documents\Server\OCR-FOTO-P3STE\OCR_Foto_Timemark_App\04_photos_edited\Tim_1\BTP JAK\SERAT OPTIK\JPL 27 BOO-CLT\100.jpg"
"SHA256","7719FC779FA2273D0716E94D1401D202E7CA923C6F9945E637ABE63DF14E9724","C:\Users\dikarm\Documents\Server\OCR-FOTO-P3STE\OCR_Foto_Timemark_App\04_photos_edited\Tim_1\BTP JAK\SERAT OPTIK\JPL 27 BOO-CLT\50.jpg"
"SHA256","137ABEFB2E5350F9497418DEA8B23700D8B798F9C7AEE409615AD237BB9193B5","C:\Users\dikarm\Documents\Server\OCR-FOTO-P3STE\OCR_Foto_Timemark_App\04_photos_edited\Tim_1\BTP JAK\SERAT OPTIK\JPL 27 BOO-CLT\meta.json"
"SHA256","4D07D06A45CF7300F8CB12C1777AAAB11E2F45B87A267BFDB97A98CF0AFCF1CB","C:\Users\dikarm\Documents\Server\OCR-FOTO-P3STE\OCR_Foto_Timemark_App\04_photos_edited\Tim_1\BTP JAK\SERAT OPTIK\JPL 28 BOO-CLT\0.jpg"
"SHA256","2379E7111D7A1D16EB26367600D36550EA312BE0695F6EA56D2B2C64E3A08B3B","C:\Users\dikarm\Documents\Server\OCR-FOTO-P3STE\OCR_Foto_Timemark_App\04_photos_edited\Tim_1\BTP JAK\SERAT OPTIK\JPL 28 BOO-CLT\100.jpg"
"SHA256","101DFD5BF6FB365ADE0B1F52BB575DE37FDC33CD4B9B2466F8F2FAA71AA25A22","C:\Users\dikarm\Documents\Server\OCR-FOTO-P3STE\OCR_Foto_Timemark_App\04_photos_edited\Tim_1\BTP JAK\SERAT OPTIK\JPL 28 BOO-CLT\50.jpg"
"SHA256","7C485C0A0E52F366D662D0242D183AB997C8A78D64E282E383E9AE5254932D16","C:\Users\dikarm\Documents\Server\OCR-FOTO-P3STE\OCR_Foto_Timemark_App\04_photos_edited\Tim_1\BTP JAK\SERAT OPTIK\JPL BNR BOO-BOP\0.jpg"
"SHA256","09FD952546A4D56066ACC768CCE4154A519BD23F6880F75B5A6847881CC88787","C:\Users\dikarm\Documents\Server\OCR-FOTO-P3STE\OCR_Foto_Timemark_App\04_photos_edited\Tim_1\BTP JAK\SERAT OPTIK\JPL BNR BOO-BOP\100.jpg"
"SHA256","49DBF5B7A5F73F7E729308E32949B850FB3829F642D69780CA7308894A667599","C:\Users\dikarm\Documents\Server\OCR-FOTO-P3STE\OCR_Foto_Timemark_App\04_photos_edited\Tim_1\BTP JAK\SERAT OPTIK\JPL BNR BOO-BOP\50.jpg"
"SHA256","4D13C7517486F308640C16EA95CD61558973EEB00F3CC7C118792B8A62FB9AE3","C:\Users\dikarm\Documents\Server\OCR-FOTO-P3STE\OCR_Foto_Timemark_App\04_photos_edited\Tim_1\BTP JAK\SERAT OPTIK\PERAWATAN SERAT OPTIK OTB ER BJD-CLT 17-02-2026\0.jpg"
"SHA256","6970E81793EF67ACDB35DFD7D3C9A2C38492C31CA40B8EA537DEA41A4C9D1A78","C:\Users\dikarm\Documents\Server\OCR-FOTO-P3STE\OCR_Foto_Timemark_App\04_photos_edited\Tim_1\BTP JAK\SERAT OPTIK\PERAWATAN SERAT OPTIK OTB ER BJD-CLT 17-02-2026\100.jpg"
"SHA256","ECA54E9F733A714AD84645300F7DD17EDF09FA094B7D7469A7F73A9D6EDD9255","C:\Users\dikarm\Documents\Server\OCR-FOTO-P3STE\OCR_Foto_Timemark_App\04_photos_edited\Tim_1\BTP JAK\SERAT OPTIK\PERAWATAN SERAT OPTIK OTB ER BJD-CLT 17-02-2026\50.jpg"
"SHA256","88196A37D9036F6EF856A3864C89AC0DCB889999C3ADF4A1C932720208691484","C:\Users\dikarm\Documents\Server\OCR-FOTO-P3STE\OCR_Foto_Timemark_App\04_photos_edited\Tim_1\BTP JAK\SERAT OPTIK\RUANG RADIO BOO\0.jpg"
"SHA256","5BFEC1C0CBCBFFC1513540C5A09AA93A6564D5919EFE2267EAAE2E2EF6A54194","C:\Users\dikarm\Documents\Server\OCR-FOTO-P3STE\OCR_Foto_Timemark_App\04_photos_edited\Tim_1\BTP JAK\SERAT OPTIK\RUANG RADIO BOO\100.jpg"
"SHA256","218DD1283D7AEC59862CBDAFA226A42EB89948E5B575B608456ACA85EB792EED","C:\Users\dikarm\Documents\Server\OCR-FOTO-P3STE\OCR_Foto_Timemark_App\04_photos_edited\Tim_1\BTP JAK\SERAT OPTIK\RUANG RADIO BOO\50.jpg"
"SHA256","57E5E350F9BC5F6299510EDF2740F1868C498DD23F6B443CF2D35CB4E46FDB5F","C:\Users\dikarm\Documents\Server\OCR-FOTO-P3STE\OCR_Foto_Timemark_App\04_photos_edited\Tim_1\BTP JAK\SINYAL\B101 BJD-CLT\0.jpg"
"SHA256","57A7048D25D730848B80101D3A7BCE0FF8A7B8690898DBEB5E0CD567B31E989E","C:\Users\dikarm\Documents\Server\OCR-FOTO-P3STE\OCR_Foto_Timemark_App\04_photos_edited\Tim_1\BTP JAK\SINYAL\B101 BJD-CLT\100.jpg"
"SHA256","4871FA981309E505860A116E98FA1B1131B87B23BFFCD9451DDB0C08D8912DDD","C:\Users\dikarm\Documents\Server\OCR-FOTO-P3STE\OCR_Foto_Timemark_App\04_photos_edited\Tim_1\BTP JAK\SINYAL\B101 BJD-CLT\50.jpg"
"SHA256","7E44EAD0D6CCDDBEF7E67E40209D3382B15055AE86BBE4BF5AA5E4B4AE2627AE","C:\Users\dikarm\Documents\Server\OCR-FOTO-P3STE\OCR_Foto_Timemark_App\04_photos_edited\Tim_1\BTP JAK\SINYAL\B101 BJD-CLT\meta.json"
"SHA256","639A8C0DB2733CB838E835C8257D4464BA3B7EF4F005E25BD93FF15A8F4A8618","C:\Users\dikarm\Documents\Server\OCR-FOTO-P3STE\OCR_Foto_Timemark_App\04_photos_edited\Tim_1\BTP JAK\SINYAL\B101 CLT-BOO\0.jpg"
"SHA256","EF0B178715C34338E6A17D7AB520718259853F4C969C41F2307307C4C703D411","C:\Users\dikarm\Documents\Server\OCR-FOTO-P3STE\OCR_Foto_Timemark_App\04_photos_edited\Tim_1\BTP JAK\SINYAL\B101 CLT-BOO\100.jpg"
"SHA256","5A5AF390ECBE8511C420137F0D8DA10A4176DC1398FD61CA542993E5388009CE","C:\Users\dikarm\Documents\Server\OCR-FOTO-P3STE\OCR_Foto_Timemark_App\04_photos_edited\Tim_1\BTP JAK\SINYAL\B101 CLT-BOO\50.jpg"
"SHA256","06486C0E4207FB9A064A8410B79DFEBAB0D7AB30A38EE1B5520765FBE3346FB2","C:\Users\dikarm\Documents\Server\OCR-FOTO-P3STE\OCR_Foto_Timemark_App\04_photos_edited\Tim_1\BTP JAK\SINYAL\B102 BJD-CLT\0.jpg"
"SHA256","E4541105125EE404FC43771EE04673643EDA4A0C9BF9B391AB1DE8B307B0122D","C:\Users\dikarm\Documents\Server\OCR-FOTO-P3STE\OCR_Foto_Timemark_App\04_photos_edited\Tim_1\BTP JAK\SINYAL\B102 BJD-CLT\100.jpg"
"SHA256","BC2CE2D955DF983731D4227FB397972A767B3288133DB3F5B73153614A71DF60","C:\Users\dikarm\Documents\Server\OCR-FOTO-P3STE\OCR_Foto_Timemark_App\04_photos_edited\Tim_1\BTP JAK\SINYAL\B102 BJD-CLT\50.jpg"
"SHA256","6134E87C73A48ECD2879A0C093C007155E7777FAC2618C1CE1D5E0AF38778DDF","C:\Users\dikarm\Documents\Server\OCR-FOTO-P3STE\OCR_Foto_Timemark_App\04_photos_edited\Tim_1\BTP JAK\SINYAL\B102 BJD-CLT\meta.json"
"SHA256","50390AFABB7079CA824AC810E2007EA9FDB5BC8FBB1F45648F2F61E1CCC21868","C:\Users\dikarm\Documents\Server\OCR-FOTO-P3STE\OCR_Foto_Timemark_App\04_photos_edited\Tim_1\BTP JAK\SINYAL\B102 CLT-BOO\0.jpg"
"SHA256","3EEF1F4114406C6ABEABC215AB519EA19DD61FCE0D618E4127B2E4AECB1E4026","C:\Users\dikarm\Documents\Server\OCR-FOTO-P3STE\OCR_Foto_Timemark_App\04_photos_edited\Tim_1\BTP JAK\SINYAL\B102 CLT-BOO\100.jpg"
"SHA256","C78978C025BD1D5D06D7C25DD07667F0954DC104A6D9DE2C6D79161A0EEF835D","C:\Users\dikarm\Documents\Server\OCR-FOTO-P3STE\OCR_Foto_Timemark_App\04_photos_edited\Tim_1\BTP JAK\SINYAL\B102 CLT-BOO\50.jpg"
"SHA256","E862DBF9D45D140699999A87C0A92EF3DD9792EAB038A0FA1A73FB65AB76B038","C:\Users\dikarm\Documents\Server\OCR-FOTO-P3STE\OCR_Foto_Timemark_App\04_photos_edited\Tim_1\BTP JAK\SINYAL\B103 CLT-BOO\0.jpg"
"SHA256","5EB3EDD6D6357C53F0E26D292336C2D6B37FCBCA8D91E65865873F88F83A9C02","C:\Users\dikarm\Documents\Server\OCR-FOTO-P3STE\OCR_Foto_Timemark_App\04_photos_edited\Tim_1\BTP JAK\SINYAL\B103 CLT-BOO\100.jpg"
"SHA256","5CF4059FFE3C3D860FD3B250DF9FD7085AE1DD21A484C439236AE976E5C274C1","C:\Users\dikarm\Documents\Server\OCR-FOTO-P3STE\OCR_Foto_Timemark_App\04_photos_edited\Tim_1\BTP JAK\SINYAL\B103 CLT-BOO\50.jpg"
"SHA256","2C218B84DBCEF9CF9B85817CE1A448490D016A280C0B839D1A8F5C1C2BEDF9F5","C:\Users\dikarm\Documents\Server\OCR-FOTO-P3STE\OCR_Foto_Timemark_App\04_photos_edited\Tim_1\BTP JAK\SINYAL\B104 CLT-BOO\0.jpg"
"SHA256","64E1D52D85176B313F6DFC5EC7B016FF643DAE39A5CA8EBC215BE56A97CC94BB","C:\Users\dikarm\Documents\Server\OCR-FOTO-P3STE\OCR_Foto_Timemark_App\04_photos_edited\Tim_1\BTP JAK\SINYAL\B104 CLT-BOO\100.jpg"
"SHA256","A1FB604E8B26C1C87A8ECD1B75655FCE42F04592640AA416C098E174F2B05FD3","C:\Users\dikarm\Documents\Server\OCR-FOTO-P3STE\OCR_Foto_Timemark_App\04_photos_edited\Tim_1\BTP JAK\SINYAL\B104 CLT-BOO\50.jpg"
"SHA256","16BB90CD711ADAAAD22BA4FFC2ACCD6AE8B3463B2CD8D7ADC25E507A9699F234","C:\Users\dikarm\Documents\Server\OCR-FOTO-P3STE\OCR_Foto_Timemark_App\04_photos_edited\Tim_1\BTP JAK\SINYAL\B105 CLT-BOO\0.jpg"
"SHA256","444E7B8B45AB7BE4BFB28406C2608FBCB9E2F4DFD2F96DD54DDD3943A69E7225","C:\Users\dikarm\Documents\Server\OCR-FOTO-P3STE\OCR_Foto_Timemark_App\04_photos_edited\Tim_1\BTP JAK\SINYAL\B105 CLT-BOO\100.jpg"
"SHA256","B23DDBBEDF9FD4FBBDEFD0961DB52BD396151CADAEDE27BCE40CE6B61B15674A","C:\Users\dikarm\Documents\Server\OCR-FOTO-P3STE\OCR_Foto_Timemark_App\04_photos_edited\Tim_1\BTP JAK\SINYAL\B105 CLT-BOO\50.jpg"
"SHA256","82BD40982A5485D188B5B20E0A57797B3333D59CDAFF44376D7A11882DC608B0","C:\Users\dikarm\Documents\Server\OCR-FOTO-P3STE\OCR_Foto_Timemark_App\04_photos_edited\Tim_1\BTP JAK\SINYAL\B106 CLT-BOO\0.jpg"
"SHA256","F222A3C8A02FA85AE6A477476593299BB4A678FCD38B23AE4954D96EDD4509E1","C:\Users\dikarm\Documents\Server\OCR-FOTO-P3STE\OCR_Foto_Timemark_App\04_photos_edited\Tim_1\BTP JAK\SINYAL\B106 CLT-BOO\100.jpg"
"SHA256","19E7CB2A0759C5462DAD2C013AD8C25D40557D8C8055DB14FD7346AA92B66C67","C:\Users\dikarm\Documents\Server\OCR-FOTO-P3STE\OCR_Foto_Timemark_App\04_photos_edited\Tim_1\BTP JAK\SINYAL\B106 CLT-BOO\50.jpg"
"SHA256","B0A62F9F816960D2BB54ED3D85A6F9ABFBE090C3C81497F4D0A3AB93095EAF59","C:\Users\dikarm\Documents\Server\OCR-FOTO-P3STE\OCR_Foto_Timemark_App\04_photos_edited\Tim_1\BTP JAK\SINYAL\B106 CLT-BOO\meta.json"
"SHA256","83F884A74D307EE42977539177C742E85DF031B2D71B4AFEB95E0FB38135B651","C:\Users\dikarm\Documents\Server\OCR-FOTO-P3STE\OCR_Foto_Timemark_App\04_photos_edited\Tim_1\BTP JAK\SINYAL\B107 CLT-BOO\0.jpg"
"SHA256","A053E1EC9E74893431D2BD9BC593A9670359F3CC9415DA84D7EB5FAF741BF262","C:\Users\dikarm\Documents\Server\OCR-FOTO-P3STE\OCR_Foto_Timemark_App\04_photos_edited\Tim_1\BTP JAK\SINYAL\B107 CLT-BOO\100.jpg"
"SHA256","4A8040CDCB3F0BFFA46D0642A05F78267C26978A726E5609FFE8751D8E1941CE","C:\Users\dikarm\Documents\Server\OCR-FOTO-P3STE\OCR_Foto_Timemark_App\04_photos_edited\Tim_1\BTP JAK\SINYAL\B107 CLT-BOO\50.jpg"
"SHA256","64778BBDE31710D0B2516EF348D72FC99FCC87B1EA28F7599F9662953553B830","C:\Users\dikarm\Documents\Server\OCR-FOTO-P3STE\OCR_Foto_Timemark_App\04_photos_edited\Tim_1\BTP JAK\SINYAL\B108 CLT-BOO\0.jpg"
"SHA256","969523B888E86CFF083878DF46A008D6448B304EA8239229A7E06EC6383DCEB4","C:\Users\dikarm\Documents\Server\OCR-FOTO-P3STE\OCR_Foto_Timemark_App\04_photos_edited\Tim_1\BTP JAK\SINYAL\B108 CLT-BOO\100.jpg"
"SHA256","03B7CE54E8452880736BBA8708D2204D1024B4D220C4277E4D240BC07001AD74","C:\Users\dikarm\Documents\Server\OCR-FOTO-P3STE\OCR_Foto_Timemark_App\04_photos_edited\Tim_1\BTP JAK\SINYAL\B108 CLT-BOO\50.jpg"
"SHA256","79DF7335FC3350966DE8E4936C3C054CCDE95F63F7229E0B683AE94B900CD750","C:\Users\dikarm\Documents\Server\OCR-FOTO-P3STE\OCR_Foto_Timemark_App\04_photos_edited\Tim_1\BTP JAK\SINYAL\B109 CLT-BOO\0.jpg"
"SHA256","633AF47BA06AC299B72C030FC4A3246B1E983104D1134A06AA299B039EC2AF05","C:\Users\dikarm\Documents\Server\OCR-FOTO-P3STE\OCR_Foto_Timemark_App\04_photos_edited\Tim_1\BTP JAK\SINYAL\B109 CLT-BOO\100.jpg"
"SHA256","0A865C71DEFC108837F05A9AFFF3FDF33F1474A3995D078FB57B5F73C026CFE4","C:\Users\dikarm\Documents\Server\OCR-FOTO-P3STE\OCR_Foto_Timemark_App\04_photos_edited\Tim_1\BTP JAK\SINYAL\B109 CLT-BOO\50.jpg"
"SHA256","7F73AA8D9CB14B4A003C019B511ADA709C1B31BD8224A11A0A2D9E6D44E614F5","C:\Users\dikarm\Documents\Server\OCR-FOTO-P3STE\OCR_Foto_Timemark_App\04_photos_edited\Tim_1\BTP JAK\SINYAL\B110 CLT-BOO\0.jpg"
"SHA256","899EFF199CA78F892427786326B83CC003083CAE9C1E7EEA0C7070ED630F525F","C:\Users\dikarm\Documents\Server\OCR-FOTO-P3STE\OCR_Foto_Timemark_App\04_photos_edited\Tim_1\BTP JAK\SINYAL\B110 CLT-BOO\100.jpg"
"SHA256","3E636627210EC228B2EC07AEDECEBAC177028FB96DFB314B48D39446531CD920","C:\Users\dikarm\Documents\Server\OCR-FOTO-P3STE\OCR_Foto_Timemark_App\04_photos_edited\Tim_1\BTP JAK\SINYAL\B110 CLT-BOO\50.jpg"
"SHA256","CA724C458233DAED14D36DA0148F2F643739CAFF21ABC3AD4D87D662EB9A6CB4","C:\Users\dikarm\Documents\Server\OCR-FOTO-P3STE\OCR_Foto_Timemark_App\04_photos_edited\Tim_1\BTP JAK\SINYAL\B111 CLT-BOO\0.jpg"
"SHA256","BE6CFBC1155698583BF0F852BFAE0F7BFA49A110CA778161FB8B8DEA264CC0EE","C:\Users\dikarm\Documents\Server\OCR-FOTO-P3STE\OCR_Foto_Timemark_App\04_photos_edited\Tim_1\BTP JAK\SINYAL\B111 CLT-BOO\100.jpg"
"SHA256","1315A7C2932DD820CF49F02CB6CA3FBD83C6FE5A1A2A6710CD67EDDFD13A4E37","C:\Users\dikarm\Documents\Server\OCR-FOTO-P3STE\OCR_Foto_Timemark_App\04_photos_edited\Tim_1\BTP JAK\SINYAL\B111 CLT-BOO\50.jpg"
"SHA256","76413E24A4999AEB34B3F24DD8C0EFD04F54F583F18731B7A9461D0A0F267650","C:\Users\dikarm\Documents\Server\OCR-FOTO-P3STE\OCR_Foto_Timemark_App\04_photos_edited\Tim_1\BTP JAK\SINYAL\B112 CLT-BOO\0.jpg"
"SHA256","DF0BE21B51A258232FDED753A5BA7BCEC9EE33EC9EE549DDB98E3684691BC411","C:\Users\dikarm\Documents\Server\OCR-FOTO-P3STE\OCR_Foto_Timemark_App\04_photos_edited\Tim_1\BTP JAK\SINYAL\B112 CLT-BOO\100.jpg"
"SHA256","BD937407EF42EF4DA3A503EAE9FED60C96C83B0A1EE7D1115BC326D3F25C0CD2","C:\Users\dikarm\Documents\Server\OCR-FOTO-P3STE\OCR_Foto_Timemark_App\04_photos_edited\Tim_1\BTP JAK\SINYAL\B112 CLT-BOO\50.jpg"
"SHA256","26D5C908FB7FD03B73AAE13015BA28323335B426D631DC3E5F2A0C006BD1CD01","C:\Users\dikarm\Documents\Server\OCR-FOTO-P3STE\OCR_Foto_Timemark_App\04_photos_edited\Tim_1\BTP JAK\SINYAL\B201 BOO-CLT\0.jpg"
"SHA256","C1EEEE2586D872C250BCF4DFFB0F8FB0455CB5D4C39DB0F2182DD4554502BB1F","C:\Users\dikarm\Documents\Server\OCR-FOTO-P3STE\OCR_Foto_Timemark_App\04_photos_edited\Tim_1\BTP JAK\SINYAL\B201 BOO-CLT\100.jpg"
"SHA256","4932DEA93D10A02BD49F68F220BF38F67766C6AE374263358312AAC0463B55EA","C:\Users\dikarm\Documents\Server\OCR-FOTO-P3STE\OCR_Foto_Timemark_App\04_photos_edited\Tim_1\BTP JAK\SINYAL\B201 BOO-CLT\50.jpg"
"SHA256","ABF459A4F7DA509A592DCCA01B75C69611974EF2FB06353F8685C7BDDE9C1117","C:\Users\dikarm\Documents\Server\OCR-FOTO-P3STE\OCR_Foto_Timemark_App\04_photos_edited\Tim_1\BTP JAK\SINYAL\B202 BOO-CLT\0.jpg"
"SHA256","DAB5B9E8EA9064F0CF7DB389125588F3D64720C67C6B422D6C46458C586E20B2","C:\Users\dikarm\Documents\Server\OCR-FOTO-P3STE\OCR_Foto_Timemark_App\04_photos_edited\Tim_1\BTP JAK\SINYAL\B202 BOO-CLT\100.jpg"
"SHA256","CFB99D4A0E1D866ECB6ECD5E18A33713741A87B0013FE100FB1E7264DF8583C8","C:\Users\dikarm\Documents\Server\OCR-FOTO-P3STE\OCR_Foto_Timemark_App\04_photos_edited\Tim_1\BTP JAK\SINYAL\B202 BOO-CLT\50.jpg"
"SHA256","D9538AD77F08442539BAC51A9CD06418EFF04D304986C4E704CD2C13F6A41F7C","C:\Users\dikarm\Documents\Server\OCR-FOTO-P3STE\OCR_Foto_Timemark_App\04_photos_edited\Tim_1\BTP JAK\SINYAL\B203 BOO-CLT\0.jpg"
"SHA256","6748AC67C5C81862C2FB61C714254386B83C250A1B962349DBCD4C02A862548C","C:\Users\dikarm\Documents\Server\OCR-FOTO-P3STE\OCR_Foto_Timemark_App\04_photos_edited\Tim_1\BTP JAK\SINYAL\B203 BOO-CLT\100.jpg"
"SHA256","EC52B29A79016810CD84AE1352E4743EDAE1389223540989B8F72CA375A919E0","C:\Users\dikarm\Documents\Server\OCR-FOTO-P3STE\OCR_Foto_Timemark_App\04_photos_edited\Tim_1\BTP JAK\SINYAL\B203 BOO-CLT\50.jpg"
"SHA256","6231CE174B2FDAEC450E0226B4A94974BCD721C3173792D566B7C6B0A2C1C0E4","C:\Users\dikarm\Documents\Server\OCR-FOTO-P3STE\OCR_Foto_Timemark_App\04_photos_edited\Tim_1\BTP JAK\SINYAL\B203 BOO-CLT\meta.json"
"SHA256","FD76CD917DBCAA286CBA21BCADD3722BE2D7D9FFB9EDC3EB31938D2FCA4BFAC3","C:\Users\dikarm\Documents\Server\OCR-FOTO-P3STE\OCR_Foto_Timemark_App\04_photos_edited\Tim_1\BTP JAK\SINYAL\B204 BOO-CLT\0.jpg"
"SHA256","97BA09139514C353561F1E50E18921534EFD2016A7B95CCE768B855DFF4FA7D0","C:\Users\dikarm\Documents\Server\OCR-FOTO-P3STE\OCR_Foto_Timemark_App\04_photos_edited\Tim_1\BTP JAK\SINYAL\B204 BOO-CLT\100.jpg"
"SHA256","85CD73327BC28FE690F964E16399C1CE869D599C145A8F854F80598458543AF0","C:\Users\dikarm\Documents\Server\OCR-FOTO-P3STE\OCR_Foto_Timemark_App\04_photos_edited\Tim_1\BTP JAK\SINYAL\B204 BOO-CLT\50.jpg"
"SHA256","AD8C8629E78C72FAB906C3E27C25A2B19868B9151DA67C535F0FD73468732A19","C:\Users\dikarm\Documents\Server\OCR-FOTO-P3STE\OCR_Foto_Timemark_App\04_photos_edited\Tim_1\BTP JAK\SINYAL\B205 BOO-CLT\0.jpg"
"SHA256","435DAECA039F6ADEAEF4E9F1556FD7859929EAF171C34596922CE43BEC79F9F7","C:\Users\dikarm\Documents\Server\OCR-FOTO-P3STE\OCR_Foto_Timemark_App\04_photos_edited\Tim_1\BTP JAK\SINYAL\B205 BOO-CLT\100.jpg"
"SHA256","018C90E586D4E1C025CE8A620936D84C6587A75ECACC458A23452F077A3150E4","C:\Users\dikarm\Documents\Server\OCR-FOTO-P3STE\OCR_Foto_Timemark_App\04_photos_edited\Tim_1\BTP JAK\SINYAL\B205 BOO-CLT\50.jpg"
"SHA256","B66D9CB3C325AD29B2D7EC28DA03AB5DB8E8DFFBD0276AF5F538E627EC59895B","C:\Users\dikarm\Documents\Server\OCR-FOTO-P3STE\OCR_Foto_Timemark_App\04_photos_edited\Tim_1\BTP JAK\SINYAL\B205 CLT-BJD\0.jpg"
"SHA256","5FB5C3C4342A9F3D4A8F1ABA072956B3B080F1BAC4B60EA03657A6C343BFF678","C:\Users\dikarm\Documents\Server\OCR-FOTO-P3STE\OCR_Foto_Timemark_App\04_photos_edited\Tim_1\BTP JAK\SINYAL\B205 CLT-BJD\100.jpg"
"SHA256","C3690EBBA1B3AB48A44AE53175D3F21933AF6892A04DF4AA5292A96A3FF7CD13","C:\Users\dikarm\Documents\Server\OCR-FOTO-P3STE\OCR_Foto_Timemark_App\04_photos_edited\Tim_1\BTP JAK\SINYAL\B205 CLT-BJD\50.jpg"
"SHA256","9E5322576F470C42F94DED092756DC3A707A45E5D331FC41F957B7B81A3FF68F","C:\Users\dikarm\Documents\Server\OCR-FOTO-P3STE\OCR_Foto_Timemark_App\04_photos_edited\Tim_1\BTP JAK\SINYAL\B206 BOO-CLT\0.jpg"
"SHA256","9FD597187665A6AB11332C00FCDC369D471FE000CE8FE4D9CDE5E20DC2F1265F","C:\Users\dikarm\Documents\Server\OCR-FOTO-P3STE\OCR_Foto_Timemark_App\04_photos_edited\Tim_1\BTP JAK\SINYAL\B206 BOO-CLT\100.jpg"
"SHA256","FABB26918B8B01DC12F2CE8BC94BF2361FFC32BD429AE6ED85A176CC0C353CF7","C:\Users\dikarm\Documents\Server\OCR-FOTO-P3STE\OCR_Foto_Timemark_App\04_photos_edited\Tim_1\BTP JAK\SINYAL\B206 BOO-CLT\50.jpg"
"SHA256","AD6AA50BA149BE52DD54279C5CCB4D34B753DCBC0BEF77FF655F4164658CEDAC","C:\Users\dikarm\Documents\Server\OCR-FOTO-P3STE\OCR_Foto_Timemark_App\04_photos_edited\Tim_1\BTP JAK\SINYAL\B206 BOO-CLT\meta.json"
"SHA256","7F6B8EBF1D5EB8B28AADA89B2092D9C14BC6E41D92EE592BFF210E06135131C9","C:\Users\dikarm\Documents\Server\OCR-FOTO-P3STE\OCR_Foto_Timemark_App\04_photos_edited\Tim_1\BTP JAK\SINYAL\B206 CLT-BJD\0.jpg"
"SHA256","B2974133D07E0EFD2A6E17D8B59A0C58E7C06F8E26AE8A36116FB7D8846DA0A2","C:\Users\dikarm\Documents\Server\OCR-FOTO-P3STE\OCR_Foto_Timemark_App\04_photos_edited\Tim_1\BTP JAK\SINYAL\B206 CLT-BJD\100.jpg"
"SHA256","D8B6ED9EBD36D67FF5491CCFB0F42CECD884232C5FE2697F06631C3729B4A7C9","C:\Users\dikarm\Documents\Server\OCR-FOTO-P3STE\OCR_Foto_Timemark_App\04_photos_edited\Tim_1\BTP JAK\SINYAL\B206 CLT-BJD\50.jpg"
"SHA256","DA35048B05539FDB1DAB1E9491CCEE6B4BCADE04CE320945CFD5A76BB2093112","C:\Users\dikarm\Documents\Server\OCR-FOTO-P3STE\OCR_Foto_Timemark_App\04_photos_edited\Tim_1\BTP JAK\SINYAL\B206 CLT-BJD\meta.json"
"SHA256","EF894B52D959D2C12FEA44AE8424C85D010EAEE1223D03CAD4A2685934C7625E","C:\Users\dikarm\Documents\Server\OCR-FOTO-P3STE\OCR_Foto_Timemark_App\04_photos_edited\Tim_1\BTP JAK\SINYAL\B207 BOO-CLT\0.jpg"
"SHA256","99C0DDD0E6C486E75ED9F715D632BB214F37EE7753B872FE393537C395437003","C:\Users\dikarm\Documents\Server\OCR-FOTO-P3STE\OCR_Foto_Timemark_App\04_photos_edited\Tim_1\BTP JAK\SINYAL\B207 BOO-CLT\100.jpg"
"SHA256","BA47CA9F19B7E223E5E8DB9DC24846D8F368AD2108173305ABB53C8B01235E03","C:\Users\dikarm\Documents\Server\OCR-FOTO-P3STE\OCR_Foto_Timemark_App\04_photos_edited\Tim_1\BTP JAK\SINYAL\B207 BOO-CLT\50.jpg"
"SHA256","B08BE0922C372988D8524A6FCC1A8A5250544909485EF4B8EB6C08B1ECBE840F","C:\Users\dikarm\Documents\Server\OCR-FOTO-P3STE\OCR_Foto_Timemark_App\04_photos_edited\Tim_1\BTP JAK\SINYAL\B207 BOO-CLT\meta.json"
"SHA256","1520891FC112AC70E9FE25F99B886987DB29D63A788C94662199FF1F74571B66","C:\Users\dikarm\Documents\Server\OCR-FOTO-P3STE\OCR_Foto_Timemark_App\04_photos_edited\Tim_1\BTP JAK\SINYAL\B207 CLT-BJD\0.jpg"
"SHA256","C35B4DDE7D8BCDD37AE524B599F89E45D232145BCD9C3E469FB8EEAB62E4AA0A","C:\Users\dikarm\Documents\Server\OCR-FOTO-P3STE\OCR_Foto_Timemark_App\04_photos_edited\Tim_1\BTP JAK\SINYAL\B207 CLT-BJD\100.jpg"
"SHA256","1D2E0329EBB5983583FC699D3D0A3482F54F3B70FD9D056ED9CB9FC060966247","C:\Users\dikarm\Documents\Server\OCR-FOTO-P3STE\OCR_Foto_Timemark_App\04_photos_edited\Tim_1\BTP JAK\SINYAL\B207 CLT-BJD\50.jpg"
"SHA256","D4538F808AA969C69C48970C2F897863DFB3E3EAB27C6F9D1511AB275F451CE4","C:\Users\dikarm\Documents\Server\OCR-FOTO-P3STE\OCR_Foto_Timemark_App\04_photos_edited\Tim_1\BTP JAK\SINYAL\B208 BOO-CLT\0.jpg"
"SHA256","6E9A4E6F0C0C83EBB87963633F2A08E80B901DD078A9D366C274A7C3C5C3461E","C:\Users\dikarm\Documents\Server\OCR-FOTO-P3STE\OCR_Foto_Timemark_App\04_photos_edited\Tim_1\BTP JAK\SINYAL\B208 BOO-CLT\100.jpg"
"SHA256","055474AB973FC36E35CDDBC18D92783A93D2B6C9F62608919AA3F7EF42E1ECD1","C:\Users\dikarm\Documents\Server\OCR-FOTO-P3STE\OCR_Foto_Timemark_App\04_photos_edited\Tim_1\BTP JAK\SINYAL\B208 BOO-CLT\50.jpg"
"SHA256","EF9CF1DA93AECB8511FCA1A2971E6D423C1BBB13710C9B1F10587467FC39995A","C:\Users\dikarm\Documents\Server\OCR-FOTO-P3STE\OCR_Foto_Timemark_App\04_photos_edited\Tim_1\BTP JAK\SINYAL\B209 BOO-CLT\0.jpg"
"SHA256","590F20FEA9142053A52AD3CFF9E2D5C8F7FF6981EE318186F9B113B8563559D0","C:\Users\dikarm\Documents\Server\OCR-FOTO-P3STE\OCR_Foto_Timemark_App\04_photos_edited\Tim_1\BTP JAK\SINYAL\B209 BOO-CLT\100.jpg"
"SHA256","347B2FCBD59B03D3DF3CF206D7756606A8C759E533826BEFC2C2067AF7036724","C:\Users\dikarm\Documents\Server\OCR-FOTO-P3STE\OCR_Foto_Timemark_App\04_photos_edited\Tim_1\BTP JAK\SINYAL\B209 BOO-CLT\50.jpg"
"SHA256","C5D4C994332A58B035867E16FBA8A5FC5533A9DE4A797BE17B7AE87B1666930C","C:\Users\dikarm\Documents\Server\OCR-FOTO-P3STE\OCR_Foto_Timemark_App\04_photos_edited\Tim_1\BTP JAK\SINYAL\B210 BOO-CLT\0.jpg"
"SHA256","95623D92515730011D089AD5BEDBFAECC27BC92A0ECCE16378BC195EACC9D4B6","C:\Users\dikarm\Documents\Server\OCR-FOTO-P3STE\OCR_Foto_Timemark_App\04_photos_edited\Tim_1\BTP JAK\SINYAL\B210 BOO-CLT\100.jpg"
"SHA256","11B06E3D8C2E9DDCE27739537899C4FF6342F5EDFC2704EA0F1D58CA10181D1F","C:\Users\dikarm\Documents\Server\OCR-FOTO-P3STE\OCR_Foto_Timemark_App\04_photos_edited\Tim_1\BTP JAK\SINYAL\B210 BOO-CLT\50.jpg"
"SHA256","C64E3E4F653FF22DC2C21687D24E7444CB98DFCF7873DECBB8A128F69BDC1F51","C:\Users\dikarm\Documents\Server\OCR-FOTO-P3STE\OCR_Foto_Timemark_App\04_photos_edited\Tim_1\BTP JAK\SINYAL\B211 BOO-CLT\0.jpg"
"SHA256","492890946E2775E166B4BE8D359A028187A95CA0239069CC2F4D7F47050A40BE","C:\Users\dikarm\Documents\Server\OCR-FOTO-P3STE\OCR_Foto_Timemark_App\04_photos_edited\Tim_1\BTP JAK\SINYAL\B211 BOO-CLT\100.jpg"
"SHA256","D8A5EA04E00B31A9CF0F325557C6BBB2415E600C20F4EDEF4819D5B15EBD09EE","C:\Users\dikarm\Documents\Server\OCR-FOTO-P3STE\OCR_Foto_Timemark_App\04_photos_edited\Tim_1\BTP JAK\SINYAL\B211 BOO-CLT\50.jpg"
"SHA256","8DC3E93C0F94FE2F01AD8F8704C123BE96AB92ACB694D47ED59F2CDCBD61D98A","C:\Users\dikarm\Documents\Server\OCR-FOTO-P3STE\OCR_Foto_Timemark_App\04_photos_edited\Tim_1\BTP JAK\SINYAL\B212 BOO-CLT\0.jpg"
"SHA256","9D530BC860BC4C4C175C109F5713641F81716DA87A82D3136FD9DB9A24359A8D","C:\Users\dikarm\Documents\Server\OCR-FOTO-P3STE\OCR_Foto_Timemark_App\04_photos_edited\Tim_1\BTP JAK\SINYAL\B212 BOO-CLT\100.jpg"
"SHA256","AA52E9879461325C1DAF936CA1086B9006D0BA8B08C3827A6AB4E22172B19B29","C:\Users\dikarm\Documents\Server\OCR-FOTO-P3STE\OCR_Foto_Timemark_App\04_photos_edited\Tim_1\BTP JAK\SINYAL\B212 BOO-CLT\50.jpg"
"SHA256","B209E47AE7C249CE0BC589CA7062360CC5CEA7C2111EB8C443809A157FFDE750","C:\Users\dikarm\Documents\Server\OCR-FOTO-P3STE\OCR_Foto_Timemark_App\04_photos_edited\Tim_1\BTP JAK\SINYAL\B213 BOO-CLT\0.jpg"
"SHA256","79B349E39833AAB3D7A775B68E8DE8D0CF4F174F4887D50416950313871A46C1","C:\Users\dikarm\Documents\Server\OCR-FOTO-P3STE\OCR_Foto_Timemark_App\04_photos_edited\Tim_1\BTP JAK\SINYAL\B213 BOO-CLT\100.jpg"
"SHA256","635B32C37711A0A6FCB575DFCDB1E76198A17D31345670724469ABE6FBEA7AD7","C:\Users\dikarm\Documents\Server\OCR-FOTO-P3STE\OCR_Foto_Timemark_App\04_photos_edited\Tim_1\BTP JAK\SINYAL\B213 BOO-CLT\50.jpg"
"SHA256","8047E6375636EB50A8820C6F214C18EA4C70833D30D553B9FB2DB453D7CCD301","C:\Users\dikarm\Documents\Server\OCR-FOTO-P3STE\OCR_Foto_Timemark_App\04_photos_edited\Tim_1\BTP JAK\SINYAL\B214 BOO-CLT\0.jpg"
"SHA256","05D1E46749F195DF03C38CF027B19BAC2E95C6C4FE41002DB038023A52AC41AC","C:\Users\dikarm\Documents\Server\OCR-FOTO-P3STE\OCR_Foto_Timemark_App\04_photos_edited\Tim_1\BTP JAK\SINYAL\B214 BOO-CLT\100.jpg"
"SHA256","E8CE3C7246B96A157558F461BD147BD521FE58850C4792929DA69F1B10246FBB","C:\Users\dikarm\Documents\Server\OCR-FOTO-P3STE\OCR_Foto_Timemark_App\04_photos_edited\Tim_1\BTP JAK\SINYAL\B214 BOO-CLT\50.jpg"
"SHA256","0A7FF2360FBE170B453A9B24E6B665E11252BC518431C5DEFB9EB7889786FF05","C:\Users\dikarm\Documents\Server\OCR-FOTO-P3STE\OCR_Foto_Timemark_App\04_photos_edited\Tim_1\BTP JAK\SINYAL\J10 BOO\0.jpg"
"SHA256","6C4F4C2117A0509E3888E34340ED3ACADDB417718FFC810080A0FADD6CD6E477","C:\Users\dikarm\Documents\Server\OCR-FOTO-P3STE\OCR_Foto_Timemark_App\04_photos_edited\Tim_1\BTP JAK\SINYAL\J10 BOO\100.jpg"
"SHA256","D0CE2A21E030DA7500831C96018B5A9F0E50CA6980B686B7BAE9214246C70CBD","C:\Users\dikarm\Documents\Server\OCR-FOTO-P3STE\OCR_Foto_Timemark_App\04_photos_edited\Tim_1\BTP JAK\SINYAL\J10 BOO\50.jpg"
"SHA256","1389B54869A8DF94D4786F802087D955DFD8CD64D84AF605347447256566071D","C:\Users\dikarm\Documents\Server\OCR-FOTO-P3STE\OCR_Foto_Timemark_App\04_photos_edited\Tim_1\BTP JAK\SINYAL\J10 CLT\0.jpg"
"SHA256","67C53C0B3E9E3A63004A93E471E3D7278693AB6C4FFE54DCE84CCDF3CDD9AC16","C:\Users\dikarm\Documents\Server\OCR-FOTO-P3STE\OCR_Foto_Timemark_App\04_photos_edited\Tim_1\BTP JAK\SINYAL\J10 CLT\100.jpg"
"SHA256","69967D7A072D12741B975FB8584A4D67DB6D2A63D25E92532DE0D313DC3E6C2D","C:\Users\dikarm\Documents\Server\OCR-FOTO-P3STE\OCR_Foto_Timemark_App\04_photos_edited\Tim_1\BTP JAK\SINYAL\J10 CLT\50.jpg"
"SHA256","BAA17EF40FA1FAF33D739BB47BC492071C5D567896BBA55211CC7DF3EBD2BDD2","C:\Users\dikarm\Documents\Server\OCR-FOTO-P3STE\OCR_Foto_Timemark_App\04_photos_edited\Tim_1\BTP JAK\SINYAL\J10 CLT\meta.json"
"SHA256","3F88F02940C84CD3BCB5177177A773AACADE2F420797FA114B1FF33262D41130","C:\Users\dikarm\Documents\Server\OCR-FOTO-P3STE\OCR_Foto_Timemark_App\04_photos_edited\Tim_1\BTP JAK\SINYAL\J12A CLT\0.jpg"
"SHA256","6089FB10432D57C74D86748E637ABB812F21A5EBC29CFF0214505E0FD13F7BDE","C:\Users\dikarm\Documents\Server\OCR-FOTO-P3STE\OCR_Foto_Timemark_App\04_photos_edited\Tim_1\BTP JAK\SINYAL\J12A CLT\100.jpg"
"SHA256","36E1E04B3D282DDF5CAC497C1D6BED1694CB31D343B94DF2BD1765394D2DA9C0","C:\Users\dikarm\Documents\Server\OCR-FOTO-P3STE\OCR_Foto_Timemark_App\04_photos_edited\Tim_1\BTP JAK\SINYAL\J12A CLT\50.jpg"
"SHA256","ACC681DC84102C597EB29CAFCB687A801A025320F49DD7C6EA2E96F13CE4809E","C:\Users\dikarm\Documents\Server\OCR-FOTO-P3STE\OCR_Foto_Timemark_App\04_photos_edited\Tim_1\BTP JAK\SINYAL\J12B CLT\0.jpg"
"SHA256","2861C03DD50611CD05364EA3207408011DCA082627D57E4B6F1AC34AFF28C521","C:\Users\dikarm\Documents\Server\OCR-FOTO-P3STE\OCR_Foto_Timemark_App\04_photos_edited\Tim_1\BTP JAK\SINYAL\J12B CLT\100.jpg"
"SHA256","4CB78C15009D8616EF890394751EEBA12DEC97BDD401FA9278C088C4B12EFD34","C:\Users\dikarm\Documents\Server\OCR-FOTO-P3STE\OCR_Foto_Timemark_App\04_photos_edited\Tim_1\BTP JAK\SINYAL\J12B CLT\50.jpg"
"SHA256","2102B5553AAD9B783DDCC134F658F9E7CCDF3A9EAB8DB23C4663DAF9B4719F48","C:\Users\dikarm\Documents\Server\OCR-FOTO-P3STE\OCR_Foto_Timemark_App\04_photos_edited\Tim_1\BTP JAK\SINYAL\J14 CLT\0.jpg"
"SHA256","59218FE08D0719047F4C7785082CAC6267D3BAA64101512600B82049F5DF3E41","C:\Users\dikarm\Documents\Server\OCR-FOTO-P3STE\OCR_Foto_Timemark_App\04_photos_edited\Tim_1\BTP JAK\SINYAL\J14 CLT\100.jpg"
"SHA256","11CAD1A970619774BBE01E63DF30EFE4AFF3E11F79E5290B6DB83170ADDD81D5","C:\Users\dikarm\Documents\Server\OCR-FOTO-P3STE\OCR_Foto_Timemark_App\04_photos_edited\Tim_1\BTP JAK\SINYAL\J14 CLT\50.jpg"
"SHA256","EB3713C63C614C5440CC098C1F552416865DA9430974C0303269218E10C17C90","C:\Users\dikarm\Documents\Server\OCR-FOTO-P3STE\OCR_Foto_Timemark_App\04_photos_edited\Tim_1\BTP JAK\SINYAL\J20 BOO\0.jpg"
"SHA256","FE44586D8161F6BDABF6128C402C19445CAACFBF193F6EDEEB2608E5529DFDAF","C:\Users\dikarm\Documents\Server\OCR-FOTO-P3STE\OCR_Foto_Timemark_App\04_photos_edited\Tim_1\BTP JAK\SINYAL\J20 BOO\100.jpg"
"SHA256","0094E87B63B4241E29645C74950CE536973C3A4996C29EF4D9B07A191E21BED9","C:\Users\dikarm\Documents\Server\OCR-FOTO-P3STE\OCR_Foto_Timemark_App\04_photos_edited\Tim_1\BTP JAK\SINYAL\J20 BOO\50.jpg"
"SHA256","089C08945074F0B2DB9AD4A6D1CD5141D967FF53E30A205D6A879F330F8DC61F","C:\Users\dikarm\Documents\Server\OCR-FOTO-P3STE\OCR_Foto_Timemark_App\04_photos_edited\Tim_1\BTP JAK\SINYAL\J20 CLT\0.jpg"
"SHA256","3474F7E025936230F8A11DCFB4AAE0DEA828AC73EAEEDBFA3C62A9232E42069E","C:\Users\dikarm\Documents\Server\OCR-FOTO-P3STE\OCR_Foto_Timemark_App\04_photos_edited\Tim_1\BTP JAK\SINYAL\J20 CLT\100.jpg"
"SHA256","CFC3841AAF7DBBC1ED86C9CEC6E128B5A245A9410674FDBBA3721EE1A940AA83","C:\Users\dikarm\Documents\Server\OCR-FOTO-P3STE\OCR_Foto_Timemark_App\04_photos_edited\Tim_1\BTP JAK\SINYAL\J20 CLT\50.jpg"
"SHA256","630909E4AD22A8A53815C90CACE52223E0D51C8E2DDF57F984592395DB4E8B65","C:\Users\dikarm\Documents\Server\OCR-FOTO-P3STE\OCR_Foto_Timemark_App\04_photos_edited\Tim_1\BTP JAK\SINYAL\J22 CLT\0.jpg"
"SHA256","1694021882F2308BD9E5E3B0CBBA91C44EB5286D5A29541C8B7C4863A20BA994","C:\Users\dikarm\Documents\Server\OCR-FOTO-P3STE\OCR_Foto_Timemark_App\04_photos_edited\Tim_1\BTP JAK\SINYAL\J22 CLT\100.jpg"
"SHA256","3553D41627F898A671EDB9530360101568821F196F83E5FBA1309D8350AE31CA","C:\Users\dikarm\Documents\Server\OCR-FOTO-P3STE\OCR_Foto_Timemark_App\04_photos_edited\Tim_1\BTP JAK\SINYAL\J22 CLT\50.jpg"
"SHA256","D0AF97F5BAE47E20FDA1D83B36D356C3200D68DFF677B1190FAB99BA05DB93AF","C:\Users\dikarm\Documents\Server\OCR-FOTO-P3STE\OCR_Foto_Timemark_App\04_photos_edited\Tim_1\BTP JAK\SINYAL\J24 CLT\0.jpg"
"SHA256","7D999120E000FD81A406AC9A88404CA5F492FC16957B4D30C85CBEF61E6DEFB2","C:\Users\dikarm\Documents\Server\OCR-FOTO-P3STE\OCR_Foto_Timemark_App\04_photos_edited\Tim_1\BTP JAK\SINYAL\J24 CLT\100.jpg"
"SHA256","393AD549C4FF923777C893A5E53566151A98271D6C1F501ECF2504A5E298872C","C:\Users\dikarm\Documents\Server\OCR-FOTO-P3STE\OCR_Foto_Timemark_App\04_photos_edited\Tim_1\BTP JAK\SINYAL\J24 CLT\50.jpg"
"SHA256","0891651F110885217CF70B3AFDF6AFDB90F025EF5A1D48B516CADD4AF8D4553B","C:\Users\dikarm\Documents\Server\OCR-FOTO-P3STE\OCR_Foto_Timemark_App\04_photos_edited\Tim_1\BTP JAK\SINYAL\JL12A BOO\0.jpg"
"SHA256","9FE3A8ED6A87FEF85CAFE63BB195F54131A40E6DA9F18EA139E8083A23230B88","C:\Users\dikarm\Documents\Server\OCR-FOTO-P3STE\OCR_Foto_Timemark_App\04_photos_edited\Tim_1\BTP JAK\SINYAL\JL12A BOO\100.jpg"
"SHA256","F6A73E658E74C41461E740665265A9E7AAD35403DE54996721F96CC59953C7C2","C:\Users\dikarm\Documents\Server\OCR-FOTO-P3STE\OCR_Foto_Timemark_App\04_photos_edited\Tim_1\BTP JAK\SINYAL\JL12A BOO\50.jpg"
"SHA256","1ED30C6F8FD9D66729852788A59033C6DA691EC8F9626D1EE466A12E0AFFE59C","C:\Users\dikarm\Documents\Server\OCR-FOTO-P3STE\OCR_Foto_Timemark_App\04_photos_edited\Tim_1\BTP JAK\SINYAL\JL12A BOO\meta.json"
"SHA256","9B693DCA796C22E79FEFFFC810DEFBC765BC0B424617DF55FA70298E4218176D","C:\Users\dikarm\Documents\Server\OCR-FOTO-P3STE\OCR_Foto_Timemark_App\04_photos_edited\Tim_1\BTP JAK\SINYAL\JL12B BOO\0.jpg"
"SHA256","A20566E101A1070E94FABF42493344926D17DD112AF701042EDF207F9B2E484F","C:\Users\dikarm\Documents\Server\OCR-FOTO-P3STE\OCR_Foto_Timemark_App\04_photos_edited\Tim_1\BTP JAK\SINYAL\JL12B BOO\100.jpg"
"SHA256","8143AC0ECA78CBE84A297100F0EDA724CAE09347CB20A593719702FF59640E07","C:\Users\dikarm\Documents\Server\OCR-FOTO-P3STE\OCR_Foto_Timemark_App\04_photos_edited\Tim_1\BTP JAK\SINYAL\JL12B BOO\50.jpg"
"SHA256","5CF5D134A285F7342DE76E2FEC942364EC7BC89067624F1D1569B4D5A43FB083","C:\Users\dikarm\Documents\Server\OCR-FOTO-P3STE\OCR_Foto_Timemark_App\04_photos_edited\Tim_1\BTP JAK\SINYAL\JL22A BOO\0.jpg"
"SHA256","55122BCDD03C73C1AF3434BB5B0A14BD900632C0A3A813C00316F9B712165366","C:\Users\dikarm\Documents\Server\OCR-FOTO-P3STE\OCR_Foto_Timemark_App\04_photos_edited\Tim_1\BTP JAK\SINYAL\JL22A BOO\100.jpg"
"SHA256","38833B30A7BA3143365D8C7AC2D849CAA7BEF14CE7FE5DBB3E204A1DA5EE7CF8","C:\Users\dikarm\Documents\Server\OCR-FOTO-P3STE\OCR_Foto_Timemark_App\04_photos_edited\Tim_1\BTP JAK\SINYAL\JL22A BOO\50.jpg"
"SHA256","317CA17795ED530C9E808A8AFC4F401196DA632D0A651A9F470A14F1325FFF75","C:\Users\dikarm\Documents\Server\OCR-FOTO-P3STE\OCR_Foto_Timemark_App\04_photos_edited\Tim_1\BTP JAK\SINYAL\JL22B BOO\0.jpg"
"SHA256","508BAB20927C85E6252ABBF036D0C01E76701A2A6E73A86468D2B56CA28AD64F","C:\Users\dikarm\Documents\Server\OCR-FOTO-P3STE\OCR_Foto_Timemark_App\04_photos_edited\Tim_1\BTP JAK\SINYAL\JL22B BOO\100.jpg"
"SHA256","8BA9FF84F86B02AB24C7E2E979ACBA7DF03564704F02C754A388E8B7666FACB3","C:\Users\dikarm\Documents\Server\OCR-FOTO-P3STE\OCR_Foto_Timemark_App\04_photos_edited\Tim_1\BTP JAK\SINYAL\JL22B BOO\50.jpg"
"SHA256","9E4BBDA8CB59BAE165823353B05DF571F976374F0EF10AE62AA0B9BFBEC1D343","C:\Users\dikarm\Documents\Server\OCR-FOTO-P3STE\OCR_Foto_Timemark_App\04_photos_edited\Tim_1\BTP JAK\SINYAL\JL22B BOO\meta.json"
"SHA256","E2188D86B822C91F5EBFD7DF1A7B4C343801935AEE1B7E5B49284FD5BE330450","C:\Users\dikarm\Documents\Server\OCR-FOTO-P3STE\OCR_Foto_Timemark_App\04_photos_edited\Tim_1\BTP JAK\SINYAL\JL32A BOO\0.jpg"
"SHA256","30B00268F4F22FDAFA7F47C650BED7B1409895D7EC225022B15919B0C80AAA5E","C:\Users\dikarm\Documents\Server\OCR-FOTO-P3STE\OCR_Foto_Timemark_App\04_photos_edited\Tim_1\BTP JAK\SINYAL\JL32A BOO\100.jpg"
"SHA256","D7FC72E72108F1C12EC2CA52560BF2B563189CAD4E0E2C3F5F5C12AF036165A8","C:\Users\dikarm\Documents\Server\OCR-FOTO-P3STE\OCR_Foto_Timemark_App\04_photos_edited\Tim_1\BTP JAK\SINYAL\JL32A BOO\50.jpg"
"SHA256","CAEB93DDE107434BE62A927250A554B9ADD2976064DF8ECF082083B79989F86E","C:\Users\dikarm\Documents\Server\OCR-FOTO-P3STE\OCR_Foto_Timemark_App\04_photos_edited\Tim_1\BTP JAK\SINYAL\JL32B BOO\0.jpg"
"SHA256","5EF59C19E21E65BEE9C07E70F9D82810B1DFF7C24504C9738ABAEBC30ADDF88E","C:\Users\dikarm\Documents\Server\OCR-FOTO-P3STE\OCR_Foto_Timemark_App\04_photos_edited\Tim_1\BTP JAK\SINYAL\JL32B BOO\100.jpg"
"SHA256","7A20C6404BEFB36C5415B9BBBD058C1DC5B872D458F94F09C43F49F84468B5FC","C:\Users\dikarm\Documents\Server\OCR-FOTO-P3STE\OCR_Foto_Timemark_App\04_photos_edited\Tim_1\BTP JAK\SINYAL\JL32B BOO\50.jpg"
"SHA256","02E23AAAF2F8FD04EDA53A4E354BBD8B8EF40450DD6DF4E62EAFB6813A3C4D1E","C:\Users\dikarm\Documents\Server\OCR-FOTO-P3STE\OCR_Foto_Timemark_App\04_photos_edited\Tim_1\BTP JAK\SINYAL\JL42A BOO\0.jpg"
"SHA256","4AD112B0AD63E64F5F2FA3C98D8F71A5021574FD9B28A46FECE0BFDC5D28620D","C:\Users\dikarm\Documents\Server\OCR-FOTO-P3STE\OCR_Foto_Timemark_App\04_photos_edited\Tim_1\BTP JAK\SINYAL\JL42A BOO\100.jpg"
"SHA256","9BF74BD06F9DE22B90EE17F6A40D76528E8BAD98CC96A9717CFF06BE0F49613F","C:\Users\dikarm\Documents\Server\OCR-FOTO-P3STE\OCR_Foto_Timemark_App\04_photos_edited\Tim_1\BTP JAK\SINYAL\JL42A BOO\50.jpg"
"SHA256","B0B6F71904353A19B2E1B4F16591F01FED7B4A4A133A0ED3ECEABB707E8B7651","C:\Users\dikarm\Documents\Server\OCR-FOTO-P3STE\OCR_Foto_Timemark_App\04_photos_edited\Tim_1\BTP JAK\SINYAL\JL42B BOO\0.jpg"
"SHA256","B849814A5465270CD9975A4C5A1841047C9904A83F036EC93465E100EC0E9430","C:\Users\dikarm\Documents\Server\OCR-FOTO-P3STE\OCR_Foto_Timemark_App\04_photos_edited\Tim_1\BTP JAK\SINYAL\JL42B BOO\100.jpg"
"SHA256","CC77210E50BC5EF6A8783C5A4EBCBDE02D3439B83F7D52D31131D682F79D620A","C:\Users\dikarm\Documents\Server\OCR-FOTO-P3STE\OCR_Foto_Timemark_App\04_photos_edited\Tim_1\BTP JAK\SINYAL\JL42B BOO\50.jpg"
"SHA256","94413918C4CB4C949D80EC8FDF89D688D1BC1BD9D1737920A93B19DDB881AD55","C:\Users\dikarm\Documents\Server\OCR-FOTO-P3STE\OCR_Foto_Timemark_App\04_photos_edited\Tim_1\BTP JAK\SINYAL\JL42C BOO\0.jpg"
"SHA256","83C234739E718229B5B1AC037A8BE39B66AFC6AE91F0C5C89768F097B95E069A","C:\Users\dikarm\Documents\Server\OCR-FOTO-P3STE\OCR_Foto_Timemark_App\04_photos_edited\Tim_1\BTP JAK\SINYAL\JL42C BOO\100.jpg"
"SHA256","D397D97B9B9EFFFA90F95A05DEF02E42FE315443A1F7DC85BFA7C2704AEEDD1A","C:\Users\dikarm\Documents\Server\OCR-FOTO-P3STE\OCR_Foto_Timemark_App\04_photos_edited\Tim_1\BTP JAK\SINYAL\JL42C BOO\50.jpg"
"SHA256","2C953E6A5F9C606A0689FCC4639FD20C4223703203219AAC4DADEDD3558CBD75","C:\Users\dikarm\Documents\Server\OCR-FOTO-P3STE\OCR_Foto_Timemark_App\04_photos_edited\Tim_1\BTP JAK\SINYAL\JL42C BOO\meta.json"
"SHA256","51C2514BFC949385F1C5829ED807DB6CE97221946CB1AFACF36706B1B605793D","C:\Users\dikarm\Documents\Server\OCR-FOTO-P3STE\OCR_Foto_Timemark_App\04_photos_edited\Tim_1\BTP JAK\SINYAL\JL52 BOO\0.jpg"
"SHA256","8F2BB6FEA752ADD38220798E2E1D6E68566117F5CCA1171665F417C3FE6E4920","C:\Users\dikarm\Documents\Server\OCR-FOTO-P3STE\OCR_Foto_Timemark_App\04_photos_edited\Tim_1\BTP JAK\SINYAL\JL52 BOO\100.jpg"
"SHA256","5F88481A3C0964F8B16202B6F639DC8735E6926AA7F127450097951A9EDC17D0","C:\Users\dikarm\Documents\Server\OCR-FOTO-P3STE\OCR_Foto_Timemark_App\04_photos_edited\Tim_1\BTP JAK\SINYAL\JL52 BOO\50.jpg"
"SHA256","EBF690F0298D04555F3ABE337377924F24AF81F126E344517E1C2E07FC1943B8","C:\Users\dikarm\Documents\Server\OCR-FOTO-P3STE\OCR_Foto_Timemark_App\04_photos_edited\Tim_1\BTP JAK\SINYAL\JL62B BOO\0.jpg"
"SHA256","04B38FE92A07637729ED00094BE674B738D9124F994F514B35BB1AF0EF2930D6","C:\Users\dikarm\Documents\Server\OCR-FOTO-P3STE\OCR_Foto_Timemark_App\04_photos_edited\Tim_1\BTP JAK\SINYAL\JL62B BOO\100.jpg"
"SHA256","34D0FFE00013EB57C79036F8D8CD162BF2594B56A764F668DFEB13D3F9AB249A","C:\Users\dikarm\Documents\Server\OCR-FOTO-P3STE\OCR_Foto_Timemark_App\04_photos_edited\Tim_1\BTP JAK\SINYAL\JL62B BOO\50.jpg"
"SHA256","F8EBA138E245DCA6B28B506F7C610AF4488EF2B33BC8B24D51FCEA9CB1BF6165","C:\Users\dikarm\Documents\Server\OCR-FOTO-P3STE\OCR_Foto_Timemark_App\04_photos_edited\Tim_1\BTP JAK\SINYAL\JL62B BOO\meta.json"
"SHA256","14AE6D750FB076D5A71592F1E311837D65356876A2F9317A9B3FD9310C571970","C:\Users\dikarm\Documents\Server\OCR-FOTO-P3STE\OCR_Foto_Timemark_App\04_photos_edited\Tim_1\BTP JAK\SINYAL\JL72 BOO\0.jpg"
"SHA256","30B20F4B9AA16B078B8E735E96EF9B07C51787FB0364AB3BCBD23F5068A4CFBB","C:\Users\dikarm\Documents\Server\OCR-FOTO-P3STE\OCR_Foto_Timemark_App\04_photos_edited\Tim_1\BTP JAK\SINYAL\JL72 BOO\100.jpg"
"SHA256","C57EE590E6B13068D3EFF5FF81284ECD3134024F516A12C5205BB93D3CCCFBE4","C:\Users\dikarm\Documents\Server\OCR-FOTO-P3STE\OCR_Foto_Timemark_App\04_photos_edited\Tim_1\BTP JAK\SINYAL\JL72 BOO\50.jpg"
"SHA256","543BDCF1D13302ABB17E9E73F6EA6829E36FB6E8BC936B27BFB7D7E1D6AD9E02","C:\Users\dikarm\Documents\Server\OCR-FOTO-P3STE\OCR_Foto_Timemark_App\04_photos_edited\Tim_1\BTP JAK\SINYAL\JL92 BOO\0.jpg"
"SHA256","16804E534F00B4356E11C330D9EDF97EC8542A5547708BD14718F0A47E92D7A3","C:\Users\dikarm\Documents\Server\OCR-FOTO-P3STE\OCR_Foto_Timemark_App\04_photos_edited\Tim_1\BTP JAK\SINYAL\JL92 BOO\100.jpg"
"SHA256","FD6481874F032D4754F8B8848068A3443153AE6DD7A8E08E616662B746FF07E3","C:\Users\dikarm\Documents\Server\OCR-FOTO-P3STE\OCR_Foto_Timemark_App\04_photos_edited\Tim_1\BTP JAK\SINYAL\JL92 BOO\50.jpg"
"SHA256","AA254C9576E29F7B42346900A0BE65157F00AEA7FF337E873967871E5263588A","C:\Users\dikarm\Documents\Server\OCR-FOTO-P3STE\OCR_Foto_Timemark_App\04_photos_edited\Tim_1\BTP JAK\SINYAL\L20 BOO\0.jpg"
"SHA256","ECFB4BE3425FF25E6D53AE327FBC82E22FA3B38014D29C47E2827C97E823F32B","C:\Users\dikarm\Documents\Server\OCR-FOTO-P3STE\OCR_Foto_Timemark_App\04_photos_edited\Tim_1\BTP JAK\SINYAL\L20 BOO\100.jpg"
"SHA256","8C3805BCEDE02F2FA5FAE28FACC155015741691F7447F0A848CF8649C7D2E6D5","C:\Users\dikarm\Documents\Server\OCR-FOTO-P3STE\OCR_Foto_Timemark_App\04_photos_edited\Tim_1\BTP JAK\SINYAL\L20 BOO\50.jpg"
"SHA256","3A337C8073EE8DCF54D83B5ABAB2DA4A05E1DA78ED9DA9B9F3065DAF2A03E172","C:\Users\dikarm\Documents\Server\OCR-FOTO-P3STE\OCR_Foto_Timemark_App\04_photos_edited\Tim_1\BTP JAK\SINYAL\L60 BOO\0.jpg"
"SHA256","A7EBC9FE5A3A2D55B58C2A22979B225A1095525ACA5FCFEE17B31A2D3BF8B2B2","C:\Users\dikarm\Documents\Server\OCR-FOTO-P3STE\OCR_Foto_Timemark_App\04_photos_edited\Tim_1\BTP JAK\SINYAL\L60 BOO\100.jpg"
"SHA256","652403C98B4B28612E9D3AA17A3940AB7E4A855DECDB52DCCA29029A63EAE6F1","C:\Users\dikarm\Documents\Server\OCR-FOTO-P3STE\OCR_Foto_Timemark_App\04_photos_edited\Tim_1\BTP JAK\SINYAL\L60 BOO\50.jpg"
"SHA256","21413C9E92E12B23957F60D5A516B742C180FF9317F71F8A812A8F724D00E900","C:\Users\dikarm\Documents\Server\OCR-FOTO-P3STE\OCR_Foto_Timemark_App\04_photos_edited\Tim_1\BTP JAK\SINYAL\L62A BOO\0.jpg"
"SHA256","B1B78F745EC22CC6187A50D4D97E67E48F9265FAC4C41465A68A6E6DDCAA9696","C:\Users\dikarm\Documents\Server\OCR-FOTO-P3STE\OCR_Foto_Timemark_App\04_photos_edited\Tim_1\BTP JAK\SINYAL\L62A BOO\100.jpg"
"SHA256","B4E0316E8909F78FBA7CBF506FB7CB75C4606171ED890E2331FDA64E29C7B155","C:\Users\dikarm\Documents\Server\OCR-FOTO-P3STE\OCR_Foto_Timemark_App\04_photos_edited\Tim_1\BTP JAK\SINYAL\L62A BOO\50.jpg"
"SHA256","C2DFA2F6F483E5CE8545D1CAC0D9193EA9DEA0138A4B84465CBD7BC6D8A45ABD","C:\Users\dikarm\Documents\Server\OCR-FOTO-P3STE\OCR_Foto_Timemark_App\04_photos_edited\Tim_1\BTP JAK\SINYAL\L62A BOO\meta.json"
"SHA256","A7937122BC5F8AD07B1BA67D430317DFB7311AF53B313BDC827E5358C56EC625","C:\Users\dikarm\Documents\Server\OCR-FOTO-P3STE\OCR_Foto_Timemark_App\04_photos_edited\Tim_1\BTP JAK\SINYAL\L80 BOO\0.jpg"
"SHA256","31888A72B78E9B3F1DECC0C5D70A06FAFC2E488508B374630890A3EE596F2346","C:\Users\dikarm\Documents\Server\OCR-FOTO-P3STE\OCR_Foto_Timemark_App\04_photos_edited\Tim_1\BTP JAK\SINYAL\L80 BOO\100.jpg"
"SHA256","62B0223816D1DB9B55D14F220984B1000A0DCBC7726D63DAA457B3BAD7249B8F","C:\Users\dikarm\Documents\Server\OCR-FOTO-P3STE\OCR_Foto_Timemark_App\04_photos_edited\Tim_1\BTP JAK\SINYAL\L80 BOO\50.jpg"
"SHA256","ECED1AF15D5F5DAC3E3AD02523382AF181659D40B061FBCF1CCEC8E94C696F31","C:\Users\dikarm\Documents\Server\OCR-FOTO-P3STE\OCR_Foto_Timemark_App\04_photos_edited\Tim_1\BTP JAK\SINYAL\MJ14 CLT\0.jpg"
"SHA256","6379D33E08727AA9893BF15CBB6C100A6B9F92E607B0D63F65886047A14E86BE","C:\Users\dikarm\Documents\Server\OCR-FOTO-P3STE\OCR_Foto_Timemark_App\04_photos_edited\Tim_1\BTP JAK\SINYAL\MJ14 CLT\100.jpg"
"SHA256","CB412F6985D42F540CB5618C5939AD4FB343470E765CA3080A206FF70A136F9B","C:\Users\dikarm\Documents\Server\OCR-FOTO-P3STE\OCR_Foto_Timemark_App\04_photos_edited\Tim_1\BTP JAK\SINYAL\MJ14 CLT\50.jpg"
"SHA256","1D3051FB7CC6A29760D7106C24F72E9F1A7583B4D483C3DEA45ADDEAB2B0194B","C:\Users\dikarm\Documents\Server\OCR-FOTO-P3STE\OCR_Foto_Timemark_App\04_photos_edited\Tim_1\BTP JAK\SINYAL\MJ20 BOO\0.jpg"
"SHA256","D03D75F4D29B91D282C6AC5F0F98B9B44608ECC217DA161CECA6E497324D0CA2","C:\Users\dikarm\Documents\Server\OCR-FOTO-P3STE\OCR_Foto_Timemark_App\04_photos_edited\Tim_1\BTP JAK\SINYAL\MJ20 BOO\100.jpg"
"SHA256","1FE8EB4BC48FA4D187B8903F3AF3D4CCACCCA510AF14EB029095CD362DE3D967","C:\Users\dikarm\Documents\Server\OCR-FOTO-P3STE\OCR_Foto_Timemark_App\04_photos_edited\Tim_1\BTP JAK\SINYAL\MJ20 BOO\50.jpg"
"SHA256","5F587F81BF84B9F3CAF4B2AF9C39BF40FF35FF087BB84962DAEDE138FB0F4EE8","C:\Users\dikarm\Documents\Server\OCR-FOTO-P3STE\OCR_Foto_Timemark_App\04_photos_edited\Tim_1\BTP JAK\SINYAL\MJ20 CLT\0.jpg"
"SHA256","18D209259FC9F7EA59160FEFBD429EE1ECF20180109E23668FFCC147E0103617","C:\Users\dikarm\Documents\Server\OCR-FOTO-P3STE\OCR_Foto_Timemark_App\04_photos_edited\Tim_1\BTP JAK\SINYAL\MJ20 CLT\100.jpg"
"SHA256","0CEEF923CAF5D9372099FD07AB3E95B6D40FBA1A716685B3160B3092F3F0F9E5","C:\Users\dikarm\Documents\Server\OCR-FOTO-P3STE\OCR_Foto_Timemark_App\04_photos_edited\Tim_1\BTP JAK\SINYAL\MJ20 CLT\50.jpg"
"SHA256","0926DC9B670EC7509B1B8773F701214B2F303CAA4177E1AF6E7F4DCDE76E9658","C:\Users\dikarm\Documents\Server\OCR-FOTO-P3STE\OCR_Foto_Timemark_App\04_photos_edited\Tim_1\BTP JAK\SINYAL\UB101 BJD-CLT\0.jpg"
"SHA256","E8EFF4069288A2714DF13A001866125EBC5131825DB101B065FE59718F58EF94","C:\Users\dikarm\Documents\Server\OCR-FOTO-P3STE\OCR_Foto_Timemark_App\04_photos_edited\Tim_1\BTP JAK\SINYAL\UB101 BJD-CLT\100.jpg"
"SHA256","62AD37D701428110F39C762F3CB536481E8348E81DC3B2A3CC0B7A7386F2E346","C:\Users\dikarm\Documents\Server\OCR-FOTO-P3STE\OCR_Foto_Timemark_App\04_photos_edited\Tim_1\BTP JAK\SINYAL\UB101 BJD-CLT\50.jpg"
"SHA256","C3439641366F202A0844C3464C5FE2D4E799F28BC8C24F2598A982F72EE5163B","C:\Users\dikarm\Documents\Server\OCR-FOTO-P3STE\OCR_Foto_Timemark_App\04_photos_edited\Tim_1\BTP JAK\SINYAL\UB101 BJD-CLT\meta.json"
"SHA256","14C2DC0A4A3BE73392BC2736C6A8A77F8CB32193CF9B820B3EA927DCF969BE3B","C:\Users\dikarm\Documents\Server\OCR-FOTO-P3STE\OCR_Foto_Timemark_App\04_photos_edited\Tim_1\BTP JAK\SINYAL\UB102 BJD-CLT\0.jpg"
"SHA256","C0AA1D1DE260990FBC7191A60AAB5AE223D8FE4B543B3A64B147A22D99DBCC84","C:\Users\dikarm\Documents\Server\OCR-FOTO-P3STE\OCR_Foto_Timemark_App\04_photos_edited\Tim_1\BTP JAK\SINYAL\UB102 BJD-CLT\100.jpg"
"SHA256","DC74DD2E4ECA74A9BEBD04FCFEE30DBC9B6FDE1FC586E650D2B0C45D8841401F","C:\Users\dikarm\Documents\Server\OCR-FOTO-P3STE\OCR_Foto_Timemark_App\04_photos_edited\Tim_1\BTP JAK\SINYAL\UB102 BJD-CLT\50.jpg"
"SHA256","E5174FE20A84A357847912257C79E3C954822C363B2AE2870564BB8C08E85DEC","C:\Users\dikarm\Documents\Server\OCR-FOTO-P3STE\OCR_Foto_Timemark_App\04_photos_edited\Tim_1\BTP JAK\SINYAL\UB102 CLT-BOO\0.jpg"
"SHA256","F531F8BFFC45D65DF3145D8EB6B01291D227D2D09A4344E45BACBF092AA62F5F","C:\Users\dikarm\Documents\Server\OCR-FOTO-P3STE\OCR_Foto_Timemark_App\04_photos_edited\Tim_1\BTP JAK\SINYAL\UB102 CLT-BOO\100.jpg"
"SHA256","389BDF20B0E2C539A497261385EE4F758831A11E069F8CABEB3374AF655DB3FB","C:\Users\dikarm\Documents\Server\OCR-FOTO-P3STE\OCR_Foto_Timemark_App\04_photos_edited\Tim_1\BTP JAK\SINYAL\UB102 CLT-BOO\50.jpg"
"SHA256","734AA08E5505D3AE29FBC00950542139C1269053BAB6FC129F5C50CEEB725BA5","C:\Users\dikarm\Documents\Server\OCR-FOTO-P3STE\OCR_Foto_Timemark_App\04_photos_edited\Tim_1\BTP JAK\SINYAL\UB103 CLT-BOO\0.jpg"
"SHA256","A35A07D2BB05F95A0730F53F3D978372285B3B8E853273C216D57E332F165BF6","C:\Users\dikarm\Documents\Server\OCR-FOTO-P3STE\OCR_Foto_Timemark_App\04_photos_edited\Tim_1\BTP JAK\SINYAL\UB103 CLT-BOO\100.jpg"
"SHA256","7E1C05693CDA4A0C22791A7CF2EE33E7EDE5E6489266507E5158799F096746F1","C:\Users\dikarm\Documents\Server\OCR-FOTO-P3STE\OCR_Foto_Timemark_App\04_photos_edited\Tim_1\BTP JAK\SINYAL\UB103 CLT-BOO\50.jpg"
"SHA256","3C25251A552F6519A1AC31FB3B1D7D9674C585B8A444CC731384920000BBD78E","C:\Users\dikarm\Documents\Server\OCR-FOTO-P3STE\OCR_Foto_Timemark_App\04_photos_edited\Tim_1\BTP JAK\SINYAL\UB104 CLT-BOO\0.jpg"
"SHA256","71A4012E65683E8579BEC94F0D98204779D68401DEBCD831C96DE6E3DA52C99B","C:\Users\dikarm\Documents\Server\OCR-FOTO-P3STE\OCR_Foto_Timemark_App\04_photos_edited\Tim_1\BTP JAK\SINYAL\UB104 CLT-BOO\100.jpg"
"SHA256","05D84DD5DFE64FBEE4F2152D385C65568C00EFEFE3A78437C93F3D3A274B1205","C:\Users\dikarm\Documents\Server\OCR-FOTO-P3STE\OCR_Foto_Timemark_App\04_photos_edited\Tim_1\BTP JAK\SINYAL\UB104 CLT-BOO\50.jpg"
"SHA256","78EA88F22F88D47FAA11DAB01F3351C93254D8912B910755D5A43C70580AC00E","C:\Users\dikarm\Documents\Server\OCR-FOTO-P3STE\OCR_Foto_Timemark_App\04_photos_edited\Tim_1\BTP JAK\SINYAL\UB104 CLT-BOO\meta.json"
"SHA256","50AC10AF3F7826F27E5484927E87FB77D82FB724C12E13753B95AA7E071DA821","C:\Users\dikarm\Documents\Server\OCR-FOTO-P3STE\OCR_Foto_Timemark_App\04_photos_edited\Tim_1\BTP JAK\SINYAL\UB105 CLT-BOO\0.jpg"
"SHA256","2CAD7C817EF7E5081033B5076C2F3C6F9BB69B342B722896C99B184EFB9B7861","C:\Users\dikarm\Documents\Server\OCR-FOTO-P3STE\OCR_Foto_Timemark_App\04_photos_edited\Tim_1\BTP JAK\SINYAL\UB105 CLT-BOO\100.jpg"
"SHA256","C4C25E6E14D1D0C2843B57BF9839A54F5AAB3E993B59C2D775B9114DEE721AB9","C:\Users\dikarm\Documents\Server\OCR-FOTO-P3STE\OCR_Foto_Timemark_App\04_photos_edited\Tim_1\BTP JAK\SINYAL\UB105 CLT-BOO\50.jpg"
"SHA256","6672CD10A17B7E244A232EBE6F988C599C7E46FCDB44128830FBB19D9CB7B9BF","C:\Users\dikarm\Documents\Server\OCR-FOTO-P3STE\OCR_Foto_Timemark_App\04_photos_edited\Tim_1\BTP JAK\SINYAL\UB106 CLT-BOO\0.jpg"
"SHA256","75BF29D2310F15F8D9AA47774D331A442F23AACF150272E156976B84614CE2AD","C:\Users\dikarm\Documents\Server\OCR-FOTO-P3STE\OCR_Foto_Timemark_App\04_photos_edited\Tim_1\BTP JAK\SINYAL\UB106 CLT-BOO\100.jpg"
"SHA256","A824B104BE0F8B2CD0C600A9B1DA5F823291389A8A347BA82E68CBFDDECA1B39","C:\Users\dikarm\Documents\Server\OCR-FOTO-P3STE\OCR_Foto_Timemark_App\04_photos_edited\Tim_1\BTP JAK\SINYAL\UB106 CLT-BOO\50.jpg"
"SHA256","F647F4456A4CA0DFC3FCE16C8AB6102345E155359EE441401350D94BC15B8D4B","C:\Users\dikarm\Documents\Server\OCR-FOTO-P3STE\OCR_Foto_Timemark_App\04_photos_edited\Tim_1\BTP JAK\SINYAL\UB110 CLT-BOO\0.jpg"
"SHA256","2BB027B66A72827F427193CAF2C31A19CA6C654A32944B80626E2ADA6279C2FF","C:\Users\dikarm\Documents\Server\OCR-FOTO-P3STE\OCR_Foto_Timemark_App\04_photos_edited\Tim_1\BTP JAK\SINYAL\UB110 CLT-BOO\100.jpg"
"SHA256","444EC232FE3D44F81E54F797065D1F2DA52A7729C081AD06205C773A37E69F82","C:\Users\dikarm\Documents\Server\OCR-FOTO-P3STE\OCR_Foto_Timemark_App\04_photos_edited\Tim_1\BTP JAK\SINYAL\UB110 CLT-BOO\50.jpg"
"SHA256","45A2AAD79F69A32043E89198912E17394580CE286577A161001EE6C600F37BF6","C:\Users\dikarm\Documents\Server\OCR-FOTO-P3STE\OCR_Foto_Timemark_App\04_photos_edited\Tim_1\BTP JAK\SINYAL\UB202 BOO-CLT\0.jpg"
"SHA256","65A162F8C8432F578CF0BA2C1E282AD3AEFD5A6457288F71C9A9D04B327CD842","C:\Users\dikarm\Documents\Server\OCR-FOTO-P3STE\OCR_Foto_Timemark_App\04_photos_edited\Tim_1\BTP JAK\SINYAL\UB202 BOO-CLT\100.jpg"
"SHA256","F52E0AFA5A89A76F9B74A9CFBC965160B7DF76AE799A61C28DAC11E091C21433","C:\Users\dikarm\Documents\Server\OCR-FOTO-P3STE\OCR_Foto_Timemark_App\04_photos_edited\Tim_1\BTP JAK\SINYAL\UB202 BOO-CLT\50.jpg"
"SHA256","30C296D0BAA6C0D3C04A3B7A27F3DDA1CDD20218D91B985D535598206D7F5C1B","C:\Users\dikarm\Documents\Server\OCR-FOTO-P3STE\OCR_Foto_Timemark_App\04_photos_edited\Tim_1\BTP JAK\SINYAL\UB205 CLT-BJD\0.jpg"
"SHA256","5EB273502788AF3DCC2E135F3412E78A70C788D0112273C069C6FE5C4A109235","C:\Users\dikarm\Documents\Server\OCR-FOTO-P3STE\OCR_Foto_Timemark_App\04_photos_edited\Tim_1\BTP JAK\SINYAL\UB205 CLT-BJD\100.jpg"
"SHA256","B41E6C20CD90F8018BC926DB4FD200A9E561E2771005D707F8DC9EC4121A3A0C","C:\Users\dikarm\Documents\Server\OCR-FOTO-P3STE\OCR_Foto_Timemark_App\04_photos_edited\Tim_1\BTP JAK\SINYAL\UB205 CLT-BJD\50.jpg"
"SHA256","BC13550338BCF3F3C3F192C78B085C226D2C2835BF9D2AE06C078287A3F8493F","C:\Users\dikarm\Documents\Server\OCR-FOTO-P3STE\OCR_Foto_Timemark_App\04_photos_edited\Tim_1\BTP JAK\SINYAL\UB206 BOO-CLT\0.jpg"
"SHA256","C36CA83FADFE0AE02C3CC291F0DA6DDFD1564FE2696EA5873B00E3F0EF6E5029","C:\Users\dikarm\Documents\Server\OCR-FOTO-P3STE\OCR_Foto_Timemark_App\04_photos_edited\Tim_1\BTP JAK\SINYAL\UB206 BOO-CLT\100.jpg"
"SHA256","45F142F526218E98F6C81B1F7479540F53A3C47CD015601513E6953F04EA31FA","C:\Users\dikarm\Documents\Server\OCR-FOTO-P3STE\OCR_Foto_Timemark_App\04_photos_edited\Tim_1\BTP JAK\SINYAL\UB206 BOO-CLT\50.jpg"
"SHA256","46896A510ED148F9FC6B27B06D22D42D8F8D6F2AC300F4063FF168CDCA3D21CD","C:\Users\dikarm\Documents\Server\OCR-FOTO-P3STE\OCR_Foto_Timemark_App\04_photos_edited\Tim_1\BTP JAK\SINYAL\UB206 BOO-CLT\meta.json"
"SHA256","E911D5278A69652B74A77531D6E5A475ACD6B1845D38F3780E384A9B8B2E69D8","C:\Users\dikarm\Documents\Server\OCR-FOTO-P3STE\OCR_Foto_Timemark_App\04_photos_edited\Tim_1\BTP JAK\SINYAL\UB206 CLT-BJD\0.jpg"
"SHA256","1E1E0043F8BE974AE80A656A4B834AA1801B428F9FE2F67626AD21128E460E3E","C:\Users\dikarm\Documents\Server\OCR-FOTO-P3STE\OCR_Foto_Timemark_App\04_photos_edited\Tim_1\BTP JAK\SINYAL\UB206 CLT-BJD\100.jpg"
"SHA256","99CEB742C8A38FA0C4250A63BD349A46E5170A59DDA2DF77EDC878986CCF29BC","C:\Users\dikarm\Documents\Server\OCR-FOTO-P3STE\OCR_Foto_Timemark_App\04_photos_edited\Tim_1\BTP JAK\SINYAL\UB206 CLT-BJD\50.jpg"
"SHA256","524A2E16D45BA0E312418F338C188A2369FF7120101975FAEEBF30568F508D74","C:\Users\dikarm\Documents\Server\OCR-FOTO-P3STE\OCR_Foto_Timemark_App\04_photos_edited\Tim_1\BTP JAK\SINYAL\UB206 CLT-BJD\meta.json"
"SHA256","61E30D7B334F37708DEA514C149C9F1BCABA7F9A6743F677019212CF6B4EA7AE","C:\Users\dikarm\Documents\Server\OCR-FOTO-P3STE\OCR_Foto_Timemark_App\04_photos_edited\Tim_1\BTP JAK\SINYAL\UB207 BOO-CLT\0.jpg"
"SHA256","71FA9BFF7E259CC893CFFDA3DE39BBBF09CFD2235F6F401A4B9993FF0AC8C781","C:\Users\dikarm\Documents\Server\OCR-FOTO-P3STE\OCR_Foto_Timemark_App\04_photos_edited\Tim_1\BTP JAK\SINYAL\UB207 BOO-CLT\100.jpg"
"SHA256","0F74AA2720D418609C1EDEE61B64755AB8A2A5395C0D835E11EDC47B13E6978F","C:\Users\dikarm\Documents\Server\OCR-FOTO-P3STE\OCR_Foto_Timemark_App\04_photos_edited\Tim_1\BTP JAK\SINYAL\UB207 BOO-CLT\50.jpg"
"SHA256","1B7877D65DC08BFDB0B52F682E1FB84E7461081E2E16E0541673CBFD76614920","C:\Users\dikarm\Documents\Server\OCR-FOTO-P3STE\OCR_Foto_Timemark_App\04_photos_edited\Tim_1\BTP JAK\SINYAL\UB208 BOO-CLT\0.jpg"
"SHA256","4DD061CB79A03D7875F19BC2021B5D250C056D0169A40528044B8DEE95DDA5D2","C:\Users\dikarm\Documents\Server\OCR-FOTO-P3STE\OCR_Foto_Timemark_App\04_photos_edited\Tim_1\BTP JAK\SINYAL\UB208 BOO-CLT\100.jpg"
"SHA256","38765174056C17860A16B6C5250A8776C74E8A5CD55F38ED61A57F7E947F2AA3","C:\Users\dikarm\Documents\Server\OCR-FOTO-P3STE\OCR_Foto_Timemark_App\04_photos_edited\Tim_1\BTP JAK\SINYAL\UB208 BOO-CLT\50.jpg"
"SHA256","6BCCB861EDE4C57641410D2776E2A7ED94510BD6DB6CBA9892984720C8EB16C3","C:\Users\dikarm\Documents\Server\OCR-FOTO-P3STE\OCR_Foto_Timemark_App\04_photos_edited\Tim_1\BTP JAK\SINYAL\UB209 BOO-CLT\0.jpg"
"SHA256","3E60707930F7B63FC8195DB66A4553FB17D96FA353F94EBA57B8EC566B1A4D4B","C:\Users\dikarm\Documents\Server\OCR-FOTO-P3STE\OCR_Foto_Timemark_App\04_photos_edited\Tim_1\BTP JAK\SINYAL\UB209 BOO-CLT\100.jpg"
"SHA256","2CB60B0AE9C3ECAAA4D8332BF55DAB7C9F11A11755631F31695C703EFCE8C1CA","C:\Users\dikarm\Documents\Server\OCR-FOTO-P3STE\OCR_Foto_Timemark_App\04_photos_edited\Tim_1\BTP JAK\SINYAL\UB209 BOO-CLT\50.jpg"
"SHA256","2737382AD4F2698E6F1BFF6BF5B48B064EB7CB1FF886C1400AB6D71A1D2B21E8","C:\Users\dikarm\Documents\Server\OCR-FOTO-P3STE\OCR_Foto_Timemark_App\04_photos_edited\Tim_1\BTP JAK\SINYAL\UB210 BOO-CLT\0.jpg"
"SHA256","EDCD295261904BFEEFB0CAFA67F57A0007E84212FB09F18B2BB3790A262BCBE3","C:\Users\dikarm\Documents\Server\OCR-FOTO-P3STE\OCR_Foto_Timemark_App\04_photos_edited\Tim_1\BTP JAK\SINYAL\UB210 BOO-CLT\100.jpg"
"SHA256","9C7E4EADBF0AC3063C9421E364174AEFEE3D6DC6608CB7B72D975444EBC0878B","C:\Users\dikarm\Documents\Server\OCR-FOTO-P3STE\OCR_Foto_Timemark_App\04_photos_edited\Tim_1\BTP JAK\SINYAL\UB210 BOO-CLT\50.jpg"
"SHA256","960216FF72883154022007AB28DB9B35C0F932177C55AA3CAEBD43A42DECF820","C:\Users\dikarm\Documents\Server\OCR-FOTO-P3STE\OCR_Foto_Timemark_App\04_photos_edited\Tim_1\BTP JAK\SINYAL\UB211 BOO-CLT\0.jpg"
"SHA256","37C5DD59FFFBD0D09FAD910ECDA416A6407EAA3B40A2CEBB65BCB6C06A39C2FA","C:\Users\dikarm\Documents\Server\OCR-FOTO-P3STE\OCR_Foto_Timemark_App\04_photos_edited\Tim_1\BTP JAK\SINYAL\UB211 BOO-CLT\100.jpg"
"SHA256","9E3B9D56C0A8C9E06FF5619A0AC13476AFDCF32B552BFC9DE247DE6CC72D022B","C:\Users\dikarm\Documents\Server\OCR-FOTO-P3STE\OCR_Foto_Timemark_App\04_photos_edited\Tim_1\BTP JAK\SINYAL\UB211 BOO-CLT\50.jpg"
"SHA256","40CC81F6DF732054D01AC3F07654412094C84F0215E7945B487BA110554C6192","C:\Users\dikarm\Documents\Server\OCR-FOTO-P3STE\OCR_Foto_Timemark_App\04_photos_edited\Tim_1\BTP JAK\SINYAL\UB212 BOO-CLT\0.jpg"
"SHA256","141468D6EF2034543EF39BF10E838993DA4999F01C18E360F8DD259373A6A855","C:\Users\dikarm\Documents\Server\OCR-FOTO-P3STE\OCR_Foto_Timemark_App\04_photos_edited\Tim_1\BTP JAK\SINYAL\UB212 BOO-CLT\100.jpg"
"SHA256","EEEF9DE98E203EBB1EDE463FE2E50F4562BCE87B8FDEC7314E7C256A942ED8C6","C:\Users\dikarm\Documents\Server\OCR-FOTO-P3STE\OCR_Foto_Timemark_App\04_photos_edited\Tim_1\BTP JAK\SINYAL\UB212 BOO-CLT\50.jpg"
"SHA256","3004FF517BA344392F5BB8E63B8AB81ED9C67278FEBF42B2C77DAF44AB71D9B7","C:\Users\dikarm\Documents\Server\OCR-FOTO-P3STE\OCR_Foto_Timemark_App\04_photos_edited\Tim_1\BTP JAK\UNKNOWN\0.jpg"
"SHA256","E3B0C44298FC1C149AFBF4C8996FB92427AE41E4649B934CA495991B7852B855","C:\Users\dikarm\Documents\Server\OCR-FOTO-P3STE\OCR_Foto_Timemark_App\04_photos_edited\Tim_1\BTP JAK\UNKNOWN\0.jpg.unedited"
"SHA256","3004FF517BA344392F5BB8E63B8AB81ED9C67278FEBF42B2C77DAF44AB71D9B7","C:\Users\dikarm\Documents\Server\OCR-FOTO-P3STE\OCR_Foto_Timemark_App\04_photos_edited\Tim_1\BTP JAK\UNKNOWN\100.jpg"
"SHA256","A160D84C963C851433096CF1843544FE10DF2F4B6200DAD869F4F21093B09DCF","C:\Users\dikarm\Documents\Server\OCR-FOTO-P3STE\OCR_Foto_Timemark_App\04_photos_edited\Tim_1\BTP JAK\UNKNOWN\50.jpg"
"SHA256","966F2DDD99AB452189478E4B68E090A97BCD4F5DA7BE80A3316AFAFBD437C446","C:\Users\dikarm\Documents\Server\OCR-FOTO-P3STE\OCR_Foto_Timemark_App\04_photos_edited\Tim_1\BTP JAK\WESEL\W11 CLT_05-08\0.jpg"
"SHA256","C6058F2D95042E6B57A3EFB7569BF66D37159A4F2ED686FE1A82A96F697EAE45","C:\Users\dikarm\Documents\Server\OCR-FOTO-P3STE\OCR_Foto_Timemark_App\04_photos_edited\Tim_1\BTP JAK\WESEL\W11 CLT_05-08\100.jpg"
"SHA256","5DB8EABD8F8D2F7AE82B207043DF5B854D228BA4F464D0D6A099B2EDA60A8778","C:\Users\dikarm\Documents\Server\OCR-FOTO-P3STE\OCR_Foto_Timemark_App\04_photos_edited\Tim_1\BTP JAK\WESEL\W11 CLT_05-08\50.jpg"
"SHA256","AFCFD3104B798C4BB63E9C2B8DAAFAF287B1AC9348C969099261E43CFB1437E6","C:\Users\dikarm\Documents\Server\OCR-FOTO-P3STE\OCR_Foto_Timemark_App\04_photos_edited\Tim_1\BTP JAK\WESEL\W11 CLT_18-08\0.jpg"
"SHA256","186183EFFBD0BA213FDCB447E3C7F68BEE8A9D4F968568B562CF8D187F17C81B","C:\Users\dikarm\Documents\Server\OCR-FOTO-P3STE\OCR_Foto_Timemark_App\04_photos_edited\Tim_1\BTP JAK\WESEL\W11 CLT_18-08\100.jpg"
"SHA256","9BDE0B46B35CFB35CF54CF843D3B6C903FBADEC7375523955A2A0BE2C1ACDE27","C:\Users\dikarm\Documents\Server\OCR-FOTO-P3STE\OCR_Foto_Timemark_App\04_photos_edited\Tim_1\BTP JAK\WESEL\W11 CLT_18-08\50.jpg"
"SHA256","906938C4E0B90B2F52A1B1AF4CE3044070C56D3D5F02083B9D21F64760B67D51","C:\Users\dikarm\Documents\Server\OCR-FOTO-P3STE\OCR_Foto_Timemark_App\04_photos_edited\Tim_1\BTP JAK\WESEL\W13 BOO_03-08\0.jpg"
"SHA256","54DB8DC203DF67A7955AA6195D968E2A7018EBACD141CB62CE2C79942509292C","C:\Users\dikarm\Documents\Server\OCR-FOTO-P3STE\OCR_Foto_Timemark_App\04_photos_edited\Tim_1\BTP JAK\WESEL\W13 BOO_03-08\100.jpg"
"SHA256","B74BF1503E8D62CB90E9D4CC2DA508B90D6C1BD1F37DE90603722C66DA2556B5","C:\Users\dikarm\Documents\Server\OCR-FOTO-P3STE\OCR_Foto_Timemark_App\04_photos_edited\Tim_1\BTP JAK\WESEL\W13 BOO_03-08\50.jpg"
"SHA256","18782C2E0AC0B1CA941E83B0B6D029459BFEE3D7F2432E2770278EAFBBDE50DD","C:\Users\dikarm\Documents\Server\OCR-FOTO-P3STE\OCR_Foto_Timemark_App\04_photos_edited\Tim_1\BTP JAK\WESEL\W13 BOO_03-08\meta.json"
"SHA256","1067F387201679D82FCB5B79C6C603F282321EEEEE3F45FEF9A112D4B1D6D564","C:\Users\dikarm\Documents\Server\OCR-FOTO-P3STE\OCR_Foto_Timemark_App\04_photos_edited\Tim_1\BTP JAK\WESEL\W13 BOO_17-08\0.jpg"
"SHA256","2F084A3806AEE71692F8E9D4D58675475268EF893088D57F67FD77A4206EEDCA","C:\Users\dikarm\Documents\Server\OCR-FOTO-P3STE\OCR_Foto_Timemark_App\04_photos_edited\Tim_1\BTP JAK\WESEL\W13 BOO_17-08\100.jpg"
"SHA256","E78211275189C401D1C44F3F8C096868FBB2C14A39E0E4DA3E827530F65B6C9E","C:\Users\dikarm\Documents\Server\OCR-FOTO-P3STE\OCR_Foto_Timemark_App\04_photos_edited\Tim_1\BTP JAK\WESEL\W13 BOO_17-08\50.jpg"
"SHA256","843EA3EA6EE390761F959FE576500D3D660477DAF7285B0472910FB294C52CDB","C:\Users\dikarm\Documents\Server\OCR-FOTO-P3STE\OCR_Foto_Timemark_App\04_photos_edited\Tim_1\BTP JAK\WESEL\W13 CLT_05-08\0.jpg"
"SHA256","5E72AECE963F8339F9C3F5F79CD8E4E36B12F4DAA32730A8C479EEBF3CF13C19","C:\Users\dikarm\Documents\Server\OCR-FOTO-P3STE\OCR_Foto_Timemark_App\04_photos_edited\Tim_1\BTP JAK\WESEL\W13 CLT_05-08\100.jpg"
"SHA256","13FFE380898227B93CEA281DC444F20036ED3047F949C95E90E3466A48403E04","C:\Users\dikarm\Documents\Server\OCR-FOTO-P3STE\OCR_Foto_Timemark_App\04_photos_edited\Tim_1\BTP JAK\WESEL\W13 CLT_05-08\50.jpg"
"SHA256","28E65D4D0BF6F32F574A205266E839A100856CFD8597E8E35DAC24436BDB0A43","C:\Users\dikarm\Documents\Server\OCR-FOTO-P3STE\OCR_Foto_Timemark_App\04_photos_edited\Tim_1\BTP JAK\WESEL\W13 CLT_18-08\0.jpg"
"SHA256","4FAFDF6900FD1FCDB2DCA6EB788FAA2CF9E1C37817F24A174BD5E9AF3267CD4E","C:\Users\dikarm\Documents\Server\OCR-FOTO-P3STE\OCR_Foto_Timemark_App\04_photos_edited\Tim_1\BTP JAK\WESEL\W13 CLT_18-08\100.jpg"
"SHA256","25DFBDE0250447D8BC1CA2EC5AB2A81C2D05D62F24568F551A746DA44EFB8FE4","C:\Users\dikarm\Documents\Server\OCR-FOTO-P3STE\OCR_Foto_Timemark_App\04_photos_edited\Tim_1\BTP JAK\WESEL\W13 CLT_18-08\50.jpg"
"SHA256","EB9ED0BDF8954DABBC2D76F591B898A52B06219819F60701A0594C6EB6A821B1","C:\Users\dikarm\Documents\Server\OCR-FOTO-P3STE\OCR_Foto_Timemark_App\04_photos_edited\Tim_1\BTP JAK\WESEL\W13 CLT_18-08\meta.json"
"SHA256","270B690DD7199F36B3D503F050F26D1E50FF012DD01BCC98FCCC91B28D425F7D","C:\Users\dikarm\Documents\Server\OCR-FOTO-P3STE\OCR_Foto_Timemark_App\04_photos_edited\Tim_1\BTP JAK\WESEL\W21 CLT_05-08\0.jpg"
"SHA256","C75A5AB79A38DAE5B522182AFB123A0254599575F2456720341EDE983ADB8025","C:\Users\dikarm\Documents\Server\OCR-FOTO-P3STE\OCR_Foto_Timemark_App\04_photos_edited\Tim_1\BTP JAK\WESEL\W21 CLT_05-08\100.jpg"
"SHA256","A200D4B3655C7ADEA646154BDF23001AF5ADAFCBA02DC21518A61955E90838C7","C:\Users\dikarm\Documents\Server\OCR-FOTO-P3STE\OCR_Foto_Timemark_App\04_photos_edited\Tim_1\BTP JAK\WESEL\W21 CLT_05-08\50.jpg"
"SHA256","B74BB5143FB096F0C1807AE050CFD37B29D374CACA917FF355CCB435E541ACDA","C:\Users\dikarm\Documents\Server\OCR-FOTO-P3STE\OCR_Foto_Timemark_App\04_photos_edited\Tim_1\BTP JAK\WESEL\W21 CLT_05-08\meta.json"
"SHA256","FE150AFB592F97E1A59091BC82EC0D807C56B1EDE9D3509ABD9614B91BDF8423","C:\Users\dikarm\Documents\Server\OCR-FOTO-P3STE\OCR_Foto_Timemark_App\04_photos_edited\Tim_1\BTP JAK\WESEL\W21 CLT_18-08\0.jpg"
"SHA256","A8084E9DACDBB762970EAEC628040C6A6B04B7ACEE726E8075BB1B315AAFD872","C:\Users\dikarm\Documents\Server\OCR-FOTO-P3STE\OCR_Foto_Timemark_App\04_photos_edited\Tim_1\BTP JAK\WESEL\W21 CLT_18-08\100.jpg"
"SHA256","E6AB4A87FB503C68F9CFF22183C6B9B516014C45AD725D2DFEA110DFA6358388","C:\Users\dikarm\Documents\Server\OCR-FOTO-P3STE\OCR_Foto_Timemark_App\04_photos_edited\Tim_1\BTP JAK\WESEL\W21 CLT_18-08\50.jpg"
"SHA256","231CC4A51F48F8BE901B0B6209B6C7EA77E8186D5576FB5FFA1C654866611319","C:\Users\dikarm\Documents\Server\OCR-FOTO-P3STE\OCR_Foto_Timemark_App\04_photos_edited\Tim_1\BTP JAK\WESEL\W21 CLT_18-08\meta.json"
"SHA256","58A395E72CC7C59FA6C8C2018568EA3AE639C3B6E8AAAB3FBA1F8D837017D1AF","C:\Users\dikarm\Documents\Server\OCR-FOTO-P3STE\OCR_Foto_Timemark_App\04_photos_edited\Tim_1\BTP JAK\WESEL\W21A BOO_02-08\0.jpg"
"SHA256","4DDF15A041A745C868ED056DCF4E236CB352538F80537CC9DB26B0F31619AB53","C:\Users\dikarm\Documents\Server\OCR-FOTO-P3STE\OCR_Foto_Timemark_App\04_photos_edited\Tim_1\BTP JAK\WESEL\W21A BOO_02-08\100.jpg"
"SHA256","A0BC6690750DC68E8E53AC1AF77FF31FD3270200ABAA034535BA18916775285F","C:\Users\dikarm\Documents\Server\OCR-FOTO-P3STE\OCR_Foto_Timemark_App\04_photos_edited\Tim_1\BTP JAK\WESEL\W21A BOO_02-08\50.jpg"
"SHA256","4416D0CDD6A7DB70067112B6D1DF063D204BECBB70601B0D04CF0F7A6AE96443","C:\Users\dikarm\Documents\Server\OCR-FOTO-P3STE\OCR_Foto_Timemark_App\04_photos_edited\Tim_1\BTP JAK\WESEL\W21A BOO_16-08\0.jpg"
"SHA256","FFD28E9379BFC0555B3E4F00613967A8C95BA887597481FBD947A448517F0377","C:\Users\dikarm\Documents\Server\OCR-FOTO-P3STE\OCR_Foto_Timemark_App\04_photos_edited\Tim_1\BTP JAK\WESEL\W21A BOO_16-08\100.jpg"
"SHA256","4DC41DC6209316110219665658DAD1F33D0208ABDF0FF6DBBEF2EFA606D15282","C:\Users\dikarm\Documents\Server\OCR-FOTO-P3STE\OCR_Foto_Timemark_App\04_photos_edited\Tim_1\BTP JAK\WESEL\W21A BOO_16-08\50.jpg"
"SHA256","48457FB1BD452BD59CB5D4065AC38594A9105857FB86F7F0D325595AC88C32C3","C:\Users\dikarm\Documents\Server\OCR-FOTO-P3STE\OCR_Foto_Timemark_App\04_photos_edited\Tim_1\BTP JAK\WESEL\W21B1 BOO_02-08\0.jpg"
"SHA256","F18487142E5CA103C770CF73B551566130797FCCAE23011AFFE6293A5543FA41","C:\Users\dikarm\Documents\Server\OCR-FOTO-P3STE\OCR_Foto_Timemark_App\04_photos_edited\Tim_1\BTP JAK\WESEL\W21B1 BOO_02-08\100.jpg"
"SHA256","3C4353B408D82171111A8B30550BF1FE07AFF3AC5053B83EB221262C7D24025B","C:\Users\dikarm\Documents\Server\OCR-FOTO-P3STE\OCR_Foto_Timemark_App\04_photos_edited\Tim_1\BTP JAK\WESEL\W21B1 BOO_02-08\50.jpg"
"SHA256","B3E17258F49D6CF218D6E92E509DB35C823538918C2A7CE83D5BB4B9D37F7AB2","C:\Users\dikarm\Documents\Server\OCR-FOTO-P3STE\OCR_Foto_Timemark_App\04_photos_edited\Tim_1\BTP JAK\WESEL\W21B1 BOO_16-08\0.jpg"
"SHA256","182C48A759E05E918BAFE21ED42BBFB7D153931D4EBD824BF7DEB80A20ADD37D","C:\Users\dikarm\Documents\Server\OCR-FOTO-P3STE\OCR_Foto_Timemark_App\04_photos_edited\Tim_1\BTP JAK\WESEL\W21B1 BOO_16-08\100.jpg"
"SHA256","EA018212D925A61D45CAED5125B4693831017C1E4EF3B32ECFD379805FEBD986","C:\Users\dikarm\Documents\Server\OCR-FOTO-P3STE\OCR_Foto_Timemark_App\04_photos_edited\Tim_1\BTP JAK\WESEL\W21B1 BOO_16-08\50.jpg"
"SHA256","175C8C14BA2CE90369F9B9295E90196C9ADE2021165CFB2CBB5D40FBAD2F7065","C:\Users\dikarm\Documents\Server\OCR-FOTO-P3STE\OCR_Foto_Timemark_App\04_photos_edited\Tim_1\BTP JAK\WESEL\W21B2 BOO_02-08\0.jpg"
"SHA256","C48D30FC0A42E0A76D14133BA1C5B82F5B04E575FFBB909049D63AB057A2FFB0","C:\Users\dikarm\Documents\Server\OCR-FOTO-P3STE\OCR_Foto_Timemark_App\04_photos_edited\Tim_1\BTP JAK\WESEL\W21B2 BOO_02-08\100.jpg"
"SHA256","F9881C498B72BBCF9CBC98408D2F84BDB29A14E684BED51FDA25E303B2618039","C:\Users\dikarm\Documents\Server\OCR-FOTO-P3STE\OCR_Foto_Timemark_App\04_photos_edited\Tim_1\BTP JAK\WESEL\W21B2 BOO_02-08\50.jpg"
"SHA256","4E0051E6D691FB73468741FB1E78C67FB92707ABAA0ADA824AB8E68F7C0573B7","C:\Users\dikarm\Documents\Server\OCR-FOTO-P3STE\OCR_Foto_Timemark_App\04_photos_edited\Tim_1\BTP JAK\WESEL\W21B2 BOO_16-08\0.jpg"
"SHA256","1C5728F60B599C8052657D1C1C2D7B5F0E7E75F35B33905739FFCFCF1FE5D88B","C:\Users\dikarm\Documents\Server\OCR-FOTO-P3STE\OCR_Foto_Timemark_App\04_photos_edited\Tim_1\BTP JAK\WESEL\W21B2 BOO_16-08\100.jpg"
"SHA256","47888F7314F58733CE9E11D1AFEA20CFF8702BAA1B36CF14261C6D0A450FC30E","C:\Users\dikarm\Documents\Server\OCR-FOTO-P3STE\OCR_Foto_Timemark_App\04_photos_edited\Tim_1\BTP JAK\WESEL\W21B2 BOO_16-08\50.jpg"
"SHA256","A9D240657C396CE77EF1720848B04131798E65CC94E47F6E2227EF17BE23B09C","C:\Users\dikarm\Documents\Server\OCR-FOTO-P3STE\OCR_Foto_Timemark_App\04_photos_edited\Tim_1\BTP JAK\WESEL\W23 CLT_05-08\0.jpg"
"SHA256","71411B0CEC1CF2FBF16E0981B06536882D47A06DE17F4ED9CA14FBCA3BE91B45","C:\Users\dikarm\Documents\Server\OCR-FOTO-P3STE\OCR_Foto_Timemark_App\04_photos_edited\Tim_1\BTP JAK\WESEL\W23 CLT_05-08\100.jpg"
"SHA256","512CDC392FBAC0AC4C8EA4A643EB6FED790D42A3479B69FE90E3AE3063F4FFE1","C:\Users\dikarm\Documents\Server\OCR-FOTO-P3STE\OCR_Foto_Timemark_App\04_photos_edited\Tim_1\BTP JAK\WESEL\W23 CLT_05-08\50.jpg"
"SHA256","5247234B46EC5B52AC3EFD178E141CFC32FB4BD9F3D162C983992476B772AB0B","C:\Users\dikarm\Documents\Server\OCR-FOTO-P3STE\OCR_Foto_Timemark_App\04_photos_edited\Tim_1\BTP JAK\WESEL\W23 CLT_18-08\0.jpg"
"SHA256","4452E53E66753670E748EEB7448614B34F412450D8CB6AA41D4CDC29EA774FD6","C:\Users\dikarm\Documents\Server\OCR-FOTO-P3STE\OCR_Foto_Timemark_App\04_photos_edited\Tim_1\BTP JAK\WESEL\W23 CLT_18-08\100.jpg"
"SHA256","B9A26D29A5984531C593496137A418BB7E895600F2781C2542052ED3B35EF733","C:\Users\dikarm\Documents\Server\OCR-FOTO-P3STE\OCR_Foto_Timemark_App\04_photos_edited\Tim_1\BTP JAK\WESEL\W23 CLT_18-08\50.jpg"
"SHA256","64581ECCEB16C729EF55E11CEB011D440E00BA6BA5BA1F4C584C91CC50BE8796","C:\Users\dikarm\Documents\Server\OCR-FOTO-P3STE\OCR_Foto_Timemark_App\04_photos_edited\Tim_1\BTP JAK\WESEL\W23A BOO_03-08\0.jpg"
"SHA256","15CA534604B16928F501CC8C63D844549607D506CE5614297F19CCE3B8CF3D42","C:\Users\dikarm\Documents\Server\OCR-FOTO-P3STE\OCR_Foto_Timemark_App\04_photos_edited\Tim_1\BTP JAK\WESEL\W23A BOO_03-08\100.jpg"
"SHA256","EA3974A70C7098C55F05464A611B0C1E2160B6DD0C83930DE08F724456F7C65C","C:\Users\dikarm\Documents\Server\OCR-FOTO-P3STE\OCR_Foto_Timemark_App\04_photos_edited\Tim_1\BTP JAK\WESEL\W23A BOO_03-08\50.jpg"
"SHA256","663C2B64B1D88F79EFE1DA2303A89C7AA4A42C172A28DE6B96A60299962782C6","C:\Users\dikarm\Documents\Server\OCR-FOTO-P3STE\OCR_Foto_Timemark_App\04_photos_edited\Tim_1\BTP JAK\WESEL\W23A BOO_03-08\meta.json"
"SHA256","77EA076C0412F6A88B9DEBD799DEB58CD9FF8141CCE24372060B7337F6143007","C:\Users\dikarm\Documents\Server\OCR-FOTO-P3STE\OCR_Foto_Timemark_App\04_photos_edited\Tim_1\BTP JAK\WESEL\W23A BOO_17-08\0.jpg"
"SHA256","A1E4695411F785FDEEC7A5FE1ECBDB603AA1C06F75126445CB86CF75F94FE5D0","C:\Users\dikarm\Documents\Server\OCR-FOTO-P3STE\OCR_Foto_Timemark_App\04_photos_edited\Tim_1\BTP JAK\WESEL\W23A BOO_17-08\100.jpg"
"SHA256","F580CDAE75F15B0B0C21D03C5C84BED1B6F3FFCA1E982A92F6E7593EC46AAF52","C:\Users\dikarm\Documents\Server\OCR-FOTO-P3STE\OCR_Foto_Timemark_App\04_photos_edited\Tim_1\BTP JAK\WESEL\W23A BOO_17-08\50.jpg"
"SHA256","01618D7BA4DC891BE4D145689853BB40B1A92FCA922A04FCE40BCEF63583A937","C:\Users\dikarm\Documents\Server\OCR-FOTO-P3STE\OCR_Foto_Timemark_App\04_photos_edited\Tim_1\BTP JAK\WESEL\W23A BOO_17-08\meta.json"
"SHA256","699C24F95C2FDB23417C201521C2065028E6274E142DA6773EF33FBEA021382E","C:\Users\dikarm\Documents\Server\OCR-FOTO-P3STE\OCR_Foto_Timemark_App\04_photos_edited\Tim_1\BTP JAK\WESEL\W23B BOO_03-08\0.jpg"
"SHA256","A75CBF6D97B4AD99578C3BD9200B4126DCD423C3C7DE9BC9F9E7723438B82160","C:\Users\dikarm\Documents\Server\OCR-FOTO-P3STE\OCR_Foto_Timemark_App\04_photos_edited\Tim_1\BTP JAK\WESEL\W23B BOO_03-08\100.jpg"
"SHA256","5FEED051844C8E8F604182DED06E295E48FE727B11791D49628DE34EE64EF0E7","C:\Users\dikarm\Documents\Server\OCR-FOTO-P3STE\OCR_Foto_Timemark_App\04_photos_edited\Tim_1\BTP JAK\WESEL\W23B BOO_03-08\50.jpg"
"SHA256","8D26D7FFBCD02B7F9248F96B4C046FB40217D40CBC07B9EE48A9C0A26F89321B","C:\Users\dikarm\Documents\Server\OCR-FOTO-P3STE\OCR_Foto_Timemark_App\04_photos_edited\Tim_1\BTP JAK\WESEL\W23B BOO_17-08\0.jpg"
"SHA256","14C0DFAFDC1B17B24716F931F9845432E6A401169FB02C70FDE5A5761A1B1019","C:\Users\dikarm\Documents\Server\OCR-FOTO-P3STE\OCR_Foto_Timemark_App\04_photos_edited\Tim_1\BTP JAK\WESEL\W23B BOO_17-08\100.jpg"
"SHA256","3A89D7662DC93A0BEAAF34687C1486938D226439F5773004043A1D5849E0A9F3","C:\Users\dikarm\Documents\Server\OCR-FOTO-P3STE\OCR_Foto_Timemark_App\04_photos_edited\Tim_1\BTP JAK\WESEL\W23B BOO_17-08\50.jpg"
"SHA256","6470834556AE9DCF93877899CFAB8321AA03F71DBC535FE97FF268010C2E8CDD","C:\Users\dikarm\Documents\Server\OCR-FOTO-P3STE\OCR_Foto_Timemark_App\04_photos_edited\Tim_1\BTP JAK\WESEL\W31A BOO_02-08\0.jpg"
"SHA256","4C34B52312D848CA3F558AD2280DE3C8035FDE44C8B7DE92A15007F76D4E1C68","C:\Users\dikarm\Documents\Server\OCR-FOTO-P3STE\OCR_Foto_Timemark_App\04_photos_edited\Tim_1\BTP JAK\WESEL\W31A BOO_02-08\100.jpg"
"SHA256","0CF42241D1172ABC8A93D5813EE50D2786AF8820EEE1D4AD1A3F0F183ECFEC0B","C:\Users\dikarm\Documents\Server\OCR-FOTO-P3STE\OCR_Foto_Timemark_App\04_photos_edited\Tim_1\BTP JAK\WESEL\W31A BOO_02-08\50.jpg"
"SHA256","74DB2667B368EA72B906461C6C3D74FD87ABCD1C6A82CC69B7EA927032841709","C:\Users\dikarm\Documents\Server\OCR-FOTO-P3STE\OCR_Foto_Timemark_App\04_photos_edited\Tim_1\BTP JAK\WESEL\W31A BOO_16-08\0.jpg"
"SHA256","5A3ED76FDD52A6090ADBF9506ABF1DB437F889ACA86583579C006B4C64D5073C","C:\Users\dikarm\Documents\Server\OCR-FOTO-P3STE\OCR_Foto_Timemark_App\04_photos_edited\Tim_1\BTP JAK\WESEL\W31A BOO_16-08\100.jpg"
"SHA256","165EE3F5A43ED906F5F6680D62880B7A57210B50115DA632187210A815509CF0","C:\Users\dikarm\Documents\Server\OCR-FOTO-P3STE\OCR_Foto_Timemark_App\04_photos_edited\Tim_1\BTP JAK\WESEL\W31A BOO_16-08\50.jpg"
"SHA256","A976316E6D5370EC02A652661923A167313C2E03EDB06388E1FC028A7D3026C5","C:\Users\dikarm\Documents\Server\OCR-FOTO-P3STE\OCR_Foto_Timemark_App\04_photos_edited\Tim_1\BTP JAK\WESEL\W31B BOO_02-08\0.jpg"
"SHA256","97A4E04E48FBBF2799DFBE7AC4EBC8BE2F827D9D3B6F1EA49A5D8A5776E9F2A0","C:\Users\dikarm\Documents\Server\OCR-FOTO-P3STE\OCR_Foto_Timemark_App\04_photos_edited\Tim_1\BTP JAK\WESEL\W31B BOO_02-08\100.jpg"
"SHA256","7C599E57840C7423DDFC96AB211BB6980072EEC9CCFCD1CE1227142830DB54C7","C:\Users\dikarm\Documents\Server\OCR-FOTO-P3STE\OCR_Foto_Timemark_App\04_photos_edited\Tim_1\BTP JAK\WESEL\W31B BOO_02-08\50.jpg"
"SHA256","5374DCBF8AEDD9E059E0EA965D716DC373B341888AB47B08FA0C61B531B3A34C","C:\Users\dikarm\Documents\Server\OCR-FOTO-P3STE\OCR_Foto_Timemark_App\04_photos_edited\Tim_1\BTP JAK\WESEL\W31B BOO_02-08\meta.json"
"SHA256","836714F3D7A5921FCED4290D79A27700C4543CAF43CBAB940CB53DF4DAAC9A42","C:\Users\dikarm\Documents\Server\OCR-FOTO-P3STE\OCR_Foto_Timemark_App\04_photos_edited\Tim_1\BTP JAK\WESEL\W31B BOO_16-08\0.jpg"
"SHA256","F38DC579CD369070957E90D4A87E7AC72563D3CBD9057934ACDF1DEBD344EB2B","C:\Users\dikarm\Documents\Server\OCR-FOTO-P3STE\OCR_Foto_Timemark_App\04_photos_edited\Tim_1\BTP JAK\WESEL\W31B BOO_16-08\100.jpg"
"SHA256","12DB68CD2DAEA8AFF7DD5539AAC3DD91639F77E67AD1B429FC6C579A3DCAD40D","C:\Users\dikarm\Documents\Server\OCR-FOTO-P3STE\OCR_Foto_Timemark_App\04_photos_edited\Tim_1\BTP JAK\WESEL\W31B BOO_16-08\50.jpg"
"SHA256","DB806736110ABF90B4ED85991D236D8EE9F3E0420EC1A4D98C73CD86153E1ED2","C:\Users\dikarm\Documents\Server\OCR-FOTO-P3STE\OCR_Foto_Timemark_App\04_photos_edited\Tim_1\BTP JAK\WESEL\W31D BOO_02-08\0.jpg"
"SHA256","822BEEABCEF5B4F529400E2F6B5663633EA82ACB5F4CC79D8D9FDCA18818B7BC","C:\Users\dikarm\Documents\Server\OCR-FOTO-P3STE\OCR_Foto_Timemark_App\04_photos_edited\Tim_1\BTP JAK\WESEL\W31D BOO_02-08\100.jpg"
"SHA256","E51E84C9286B65E7C20C4EA5658435E7F9DBC7D907A2860088B9A3E23C8E385C","C:\Users\dikarm\Documents\Server\OCR-FOTO-P3STE\OCR_Foto_Timemark_App\04_photos_edited\Tim_1\BTP JAK\WESEL\W31D BOO_02-08\50.jpg"
"SHA256","C62D3402164FAEF52DD348BABC3E40CA509DD608D2D612BFE1674FC771F032AF","C:\Users\dikarm\Documents\Server\OCR-FOTO-P3STE\OCR_Foto_Timemark_App\04_photos_edited\Tim_1\BTP JAK\WESEL\W31D BOO_16-08\0.jpg"
"SHA256","5F7F4A0FA4C1EFDD26EBE42DC5724B80BF25F924E12BA3F0B82CC93B7970E2E5","C:\Users\dikarm\Documents\Server\OCR-FOTO-P3STE\OCR_Foto_Timemark_App\04_photos_edited\Tim_1\BTP JAK\WESEL\W31D BOO_16-08\100.jpg"
"SHA256","18DD1198932A2379677C321AFCA40FDE63168665B54A4870511E22B032761879","C:\Users\dikarm\Documents\Server\OCR-FOTO-P3STE\OCR_Foto_Timemark_App\04_photos_edited\Tim_1\BTP JAK\WESEL\W31D BOO_16-08\50.jpg"
"SHA256","FBCE46E1FADD981269BF69BC492D311C744B3225FABD4F97AE7BADFA3F7C2949","C:\Users\dikarm\Documents\Server\OCR-FOTO-P3STE\OCR_Foto_Timemark_App\04_photos_edited\Tim_1\BTP JAK\WESEL\W31D BOO_16-08\meta.json"
"SHA256","7103FFEB2FEB923A50C9F9CB50187113A018C48327561C3B6857872AB810D002","C:\Users\dikarm\Documents\Server\OCR-FOTO-P3STE\OCR_Foto_Timemark_App\04_photos_edited\Tim_1\BTP JAK\WESEL\W31E BOO_02-08\0.jpg"
"SHA256","A5FD456FF036334CDD4F1CC21A18232C67C6BD887351D0A466C969EE33AD7C36","C:\Users\dikarm\Documents\Server\OCR-FOTO-P3STE\OCR_Foto_Timemark_App\04_photos_edited\Tim_1\BTP JAK\WESEL\W31E BOO_02-08\100.jpg"
"SHA256","0650BBAE0A3FB46682A883B16C3E4BA6B001B51F0D4D2BA3ED83D5B4ACBF7C24","C:\Users\dikarm\Documents\Server\OCR-FOTO-P3STE\OCR_Foto_Timemark_App\04_photos_edited\Tim_1\BTP JAK\WESEL\W31E BOO_02-08\50.jpg"
"SHA256","D7434CB5EFF380CFBB8E4E0908685009ECA8A319DE30ABA710B49B115A6BBB90","C:\Users\dikarm\Documents\Server\OCR-FOTO-P3STE\OCR_Foto_Timemark_App\04_photos_edited\Tim_1\BTP JAK\WESEL\W31E BOO_16-08\0.jpg"
"SHA256","C3F7966882B69BDF0507AB1F6CF9EE4D240E309FD694A0FB4A25EAD1CF3016DF","C:\Users\dikarm\Documents\Server\OCR-FOTO-P3STE\OCR_Foto_Timemark_App\04_photos_edited\Tim_1\BTP JAK\WESEL\W31E BOO_16-08\100.jpg"
"SHA256","440BE4EFB0E3F39AE69AC49D20527F7C0CF8A2A44621859282288850D89C30F3","C:\Users\dikarm\Documents\Server\OCR-FOTO-P3STE\OCR_Foto_Timemark_App\04_photos_edited\Tim_1\BTP JAK\WESEL\W31E BOO_16-08\50.jpg"
"SHA256","6C986B376DECAB6020E2EB3981F4C90C4F2152AB6605975DFFB5C8C10BEEB2D8","C:\Users\dikarm\Documents\Server\OCR-FOTO-P3STE\OCR_Foto_Timemark_App\04_photos_edited\Tim_1\BTP JAK\WESEL\W31E BOO_16-08\meta.json"
"SHA256","E4E4725B197F645E1F9FBDAB61C08736BFF1EBFB6FCD8429C61E81D50AFB1370","C:\Users\dikarm\Documents\Server\OCR-FOTO-P3STE\OCR_Foto_Timemark_App\04_photos_edited\Tim_1\BTP JAK\WESEL\W41 BOO_03-08\0.jpg"
"SHA256","C19AF972E84EDE53CAF2295946B9224BFC91CD95CE4E9E4C3ED1F6E669B62916","C:\Users\dikarm\Documents\Server\OCR-FOTO-P3STE\OCR_Foto_Timemark_App\04_photos_edited\Tim_1\BTP JAK\WESEL\W41 BOO_03-08\100.jpg"
"SHA256","19CBCE21DE97CB7E5B68E68D2D51CA16722D1895E1E7953BC952F682423A14D3","C:\Users\dikarm\Documents\Server\OCR-FOTO-P3STE\OCR_Foto_Timemark_App\04_photos_edited\Tim_1\BTP JAK\WESEL\W41 BOO_03-08\50.jpg"
"SHA256","D888E8437BC04ABD4DD0F431E71C36CC7DFB856C29F1E5760D20896EE060FEB4","C:\Users\dikarm\Documents\Server\OCR-FOTO-P3STE\OCR_Foto_Timemark_App\04_photos_edited\Tim_1\BTP JAK\WESEL\W41 BOO_17-08\0.jpg"
"SHA256","8DB6ACF714EEDBAD6370F7B5EFB6219F5C603B85236AECD4A2E212E5FCB23137","C:\Users\dikarm\Documents\Server\OCR-FOTO-P3STE\OCR_Foto_Timemark_App\04_photos_edited\Tim_1\BTP JAK\WESEL\W41 BOO_17-08\100.jpg"
"SHA256","11839836F685259887426F67ADA9B648FDDF3F89289B917848BB0A96FD3AB5B6","C:\Users\dikarm\Documents\Server\OCR-FOTO-P3STE\OCR_Foto_Timemark_App\04_photos_edited\Tim_1\BTP JAK\WESEL\W41 BOO_17-08\50.jpg"
"SHA256","5C3A75FC2583716BF32162CEDDE6C664C900149B0276114D9028B43528A085B3","C:\Users\dikarm\Documents\Server\OCR-FOTO-P3STE\OCR_Foto_Timemark_App\04_photos_edited\Tim_1\BTP JAK\WESEL\W41 BOO_17-08\meta.json"
"SHA256","1564E933A6705EF4B27835FA9312B16A40B059079C8AAE5946E761D7F6B41DC3","C:\Users\dikarm\Documents\Server\OCR-FOTO-P3STE\OCR_Foto_Timemark_App\04_photos_edited\Tim_1\BTP JAK\WESEL\W43 BOO_03-08\0.jpg"
"SHA256","9E8E4D9A6A615DDD86B663A893D29F62F87A4D34A7B4FE69729516237402C7B1","C:\Users\dikarm\Documents\Server\OCR-FOTO-P3STE\OCR_Foto_Timemark_App\04_photos_edited\Tim_1\BTP JAK\WESEL\W43 BOO_03-08\100.jpg"
"SHA256","E945E8C1B911FF3EB761EB8E1EBD538D766A8AC99F0BE8396322D67855641776","C:\Users\dikarm\Documents\Server\OCR-FOTO-P3STE\OCR_Foto_Timemark_App\04_photos_edited\Tim_1\BTP JAK\WESEL\W43 BOO_03-08\50.jpg"
"SHA256","CE685B62D586AE0A22189B0BAED02B6EAC877896C34148083565E00E8024CED6","C:\Users\dikarm\Documents\Server\OCR-FOTO-P3STE\OCR_Foto_Timemark_App\04_photos_edited\Tim_1\BTP JAK\WESEL\W43 BOO_03-08\meta.json"
"SHA256","9708BEDD049CB686388DA390A3E6716FC506F9A86C11C504219816DEDBB34E3A","C:\Users\dikarm\Documents\Server\OCR-FOTO-P3STE\OCR_Foto_Timemark_App\04_photos_edited\Tim_1\BTP JAK\WESEL\W43 BOO_17-08\0.jpg"
"SHA256","B2D2A3D0AFF003F375458EDD706B69E54896D1B0F91F3BD06ADEF5CDB79344CD","C:\Users\dikarm\Documents\Server\OCR-FOTO-P3STE\OCR_Foto_Timemark_App\04_photos_edited\Tim_1\BTP JAK\WESEL\W43 BOO_17-08\100.jpg"
"SHA256","690E1C5E3F96A73C58E4FC651420EDB4D297C76A3D8341DE653B6D18ABD80C15","C:\Users\dikarm\Documents\Server\OCR-FOTO-P3STE\OCR_Foto_Timemark_App\04_photos_edited\Tim_1\BTP JAK\WESEL\W43 BOO_17-08\50.jpg"
"SHA256","CB775CE1C99D67D972A9B9F9F48D97A5F18BCB6EA161A82D77DDACD3DF28F2B6","C:\Users\dikarm\Documents\Server\OCR-FOTO-P3STE\OCR_Foto_Timemark_App\04_photos_edited\Tim_1\BTP JAK\WESEL\W51A1 BOO_02-08\0.jpg"
"SHA256","430858F732BA65BEBC90FF93132B30C7B498A3DACC011FEC9F4CC6B794F9A806","C:\Users\dikarm\Documents\Server\OCR-FOTO-P3STE\OCR_Foto_Timemark_App\04_photos_edited\Tim_1\BTP JAK\WESEL\W51A1 BOO_02-08\100.jpg"
"SHA256","31C2908D747DF06CD201563F25630FD13494C89C5019391D8AD86AF5A4B3EA71","C:\Users\dikarm\Documents\Server\OCR-FOTO-P3STE\OCR_Foto_Timemark_App\04_photos_edited\Tim_1\BTP JAK\WESEL\W51A1 BOO_02-08\50.jpg"
"SHA256","13E4D834060D1A651235E42B59C807E22B2C371F243476AA5223B7B9C0F96E88","C:\Users\dikarm\Documents\Server\OCR-FOTO-P3STE\OCR_Foto_Timemark_App\04_photos_edited\Tim_1\BTP JAK\WESEL\W51A1 BOO_16-08\0.jpg"
"SHA256","3EB28F6E3716F1A44D3969611957DC66C60B586B8316B4C62C509C8875010EE7","C:\Users\dikarm\Documents\Server\OCR-FOTO-P3STE\OCR_Foto_Timemark_App\04_photos_edited\Tim_1\BTP JAK\WESEL\W51A1 BOO_16-08\100.jpg"
"SHA256","B0DAF76613F1F774E917C6E2F1DCAD1603A4DD5F87232CB946956113B09D275E","C:\Users\dikarm\Documents\Server\OCR-FOTO-P3STE\OCR_Foto_Timemark_App\04_photos_edited\Tim_1\BTP JAK\WESEL\W51A1 BOO_16-08\50.jpg"
"SHA256","0CD2AFE39CBE19F866254AF68452A355DDA3EAB59A626B7007AA3FFA2A9D090E","C:\Users\dikarm\Documents\Server\OCR-FOTO-P3STE\OCR_Foto_Timemark_App\04_photos_edited\Tim_1\BTP JAK\WESEL\W51A2 BOO_02-08\0.jpg"
"SHA256","178810FEA818D028DEFB1DE2C32BAFECDB9612AD63D14464CF1BB3B1E38D6BB9","C:\Users\dikarm\Documents\Server\OCR-FOTO-P3STE\OCR_Foto_Timemark_App\04_photos_edited\Tim_1\BTP JAK\WESEL\W51A2 BOO_02-08\100.jpg"
"SHA256","0C9C3DF2DCBD834E4163B20E859F27CADD6297EAAA7F4AE9F95AF6B9BC775864","C:\Users\dikarm\Documents\Server\OCR-FOTO-P3STE\OCR_Foto_Timemark_App\04_photos_edited\Tim_1\BTP JAK\WESEL\W51A2 BOO_02-08\50.jpg"
"SHA256","DF5B2045959A3207F12E3170CCD1A48F6BBCD6E8B9A196FFE2228B7535F39397","C:\Users\dikarm\Documents\Server\OCR-FOTO-P3STE\OCR_Foto_Timemark_App\04_photos_edited\Tim_1\BTP JAK\WESEL\W51A2 BOO_16-08\0.jpg"
"SHA256","E696E8A80B0ED1F0634D49E4012F1C525C4B410EE62361D73710848656FDAB30","C:\Users\dikarm\Documents\Server\OCR-FOTO-P3STE\OCR_Foto_Timemark_App\04_photos_edited\Tim_1\BTP JAK\WESEL\W51A2 BOO_16-08\100.jpg"
"SHA256","1F8FDD7FC9B7A933EFDEF97B6C5499812D56372AA42B81AA229901543B52F6BA","C:\Users\dikarm\Documents\Server\OCR-FOTO-P3STE\OCR_Foto_Timemark_App\04_photos_edited\Tim_1\BTP JAK\WESEL\W51A2 BOO_16-08\50.jpg"
"SHA256","FE4EE3C1611F20D76F5AB3D5B898B0FC1D727D7B23FC3073559963F35F230E6E","C:\Users\dikarm\Documents\Server\OCR-FOTO-P3STE\OCR_Foto_Timemark_App\04_photos_edited\Tim_1\BTP JAK\WESEL\W51A2 BOO_16-08\meta.json"
"SHA256","E31F63E29E00A76568FF48699C7A0A0DA5D3A664F7A050D1AA1E75936F8C2689","C:\Users\dikarm\Documents\Server\OCR-FOTO-P3STE\OCR_Foto_Timemark_App\04_photos_edited\Tim_1\BTP JAK\WESEL\W61A1 BOO_03-08\0.jpg"
"SHA256","B6F9F8F02BA5A345B2D7DDE851AAC4BBE776DC6F8A9513F0563A2A6AA7CFA6BE","C:\Users\dikarm\Documents\Server\OCR-FOTO-P3STE\OCR_Foto_Timemark_App\04_photos_edited\Tim_1\BTP JAK\WESEL\W61A1 BOO_03-08\100.jpg"
"SHA256","A5F73455E1CF52F830CC6462925E2CFE44078CA7FBB460C733F0927702079D2B","C:\Users\dikarm\Documents\Server\OCR-FOTO-P3STE\OCR_Foto_Timemark_App\04_photos_edited\Tim_1\BTP JAK\WESEL\W61A1 BOO_03-08\50.jpg"
"SHA256","1FBD11D5775D554EA07626D0469BCEB794D9C7A5E580DDBD1E370710C81E022C","C:\Users\dikarm\Documents\Server\OCR-FOTO-P3STE\OCR_Foto_Timemark_App\04_photos_edited\Tim_1\BTP JAK\WESEL\W61A1 BOO_03-08\meta.json"
"SHA256","E8D1DA658E2077FA11E197C22A6272CBE595FEA31DA0DC0791E7AC0882A945BA","C:\Users\dikarm\Documents\Server\OCR-FOTO-P3STE\OCR_Foto_Timemark_App\04_photos_edited\Tim_1\BTP JAK\WESEL\W61A1 BOO_17-08\0.jpg"
"SHA256","73F3DE32BB35A7710ED550F896CD60FCE5ACA872C9BFB92610C53A30EA24957B","C:\Users\dikarm\Documents\Server\OCR-FOTO-P3STE\OCR_Foto_Timemark_App\04_photos_edited\Tim_1\BTP JAK\WESEL\W61A1 BOO_17-08\100.jpg"
"SHA256","C8179C4D7C21D8574F3B5F312860445DA4AD515886AF236697D5D4CEC0CFB881","C:\Users\dikarm\Documents\Server\OCR-FOTO-P3STE\OCR_Foto_Timemark_App\04_photos_edited\Tim_1\BTP JAK\WESEL\W61A1 BOO_17-08\50.jpg"
"SHA256","118CF3E38E0F55121A47A158E4EB3C7AB3DAF0F54490EEB6E33EE920DB6C2C7B","C:\Users\dikarm\Documents\Server\OCR-FOTO-P3STE\OCR_Foto_Timemark_App\04_photos_edited\Tim_1\BTP JAK\WESEL\W61A1 BOO_17-08\meta.json"
"SHA256","5487E98A2980D3AE0250B26AD92B4E7D630226FE7F9B8DD1A52B9B268DC99272","C:\Users\dikarm\Documents\Server\OCR-FOTO-P3STE\OCR_Foto_Timemark_App\04_photos_edited\Tim_1\BTP JAK\WESEL\W61A2 BOO_03-08\0.jpg"
"SHA256","EC066E450A384EFB4ACC2FF7DD208D0A1C509DF85E4CA1F139ED8267F5BFC529","C:\Users\dikarm\Documents\Server\OCR-FOTO-P3STE\OCR_Foto_Timemark_App\04_photos_edited\Tim_1\BTP JAK\WESEL\W61A2 BOO_03-08\100.jpg"
"SHA256","100593D76773B581FACDBD6B8C8FB5148FB86AD715EC15F28C15510468B3C480","C:\Users\dikarm\Documents\Server\OCR-FOTO-P3STE\OCR_Foto_Timemark_App\04_photos_edited\Tim_1\BTP JAK\WESEL\W61A2 BOO_03-08\50.jpg"
"SHA256","46A18383866C5C5CABFD8AC4BDDEF2D1436CC25B8DA286B726A15F3BD063F700","C:\Users\dikarm\Documents\Server\OCR-FOTO-P3STE\OCR_Foto_Timemark_App\04_photos_edited\Tim_1\BTP JAK\WESEL\W61A2 BOO_17-08\0.jpg"
"SHA256","C8DA89B9C46A15F0D1FC970BB3C72BA1B25A5016A9C715C7AB258EF3B02DF44A","C:\Users\dikarm\Documents\Server\OCR-FOTO-P3STE\OCR_Foto_Timemark_App\04_photos_edited\Tim_1\BTP JAK\WESEL\W61A2 BOO_17-08\100.jpg"
"SHA256","353DDFF5828CBD3C7D4CF384A486006094001CB040B25C6939EEAB9DDB9B74C4","C:\Users\dikarm\Documents\Server\OCR-FOTO-P3STE\OCR_Foto_Timemark_App\04_photos_edited\Tim_1\BTP JAK\WESEL\W61A2 BOO_17-08\50.jpg"
"SHA256","86CE7836D464D943FF587309F62B0DC0BDC84CAF91BA85D67B3B63EFB37FCF63","C:\Users\dikarm\Documents\Server\OCR-FOTO-P3STE\OCR_Foto_Timemark_App\04_photos_edited\Tim_1\BTP JAK\WESEL\W61A2 BOO_17-08\meta.json"
"SHA256","4C83239854A0C5AFBC833C00F2BF8B14D768CC423A7F0E7DB619A04C9CEE72E7","C:\Users\dikarm\Documents\Server\OCR-FOTO-P3STE\OCR_Foto_Timemark_App\04_photos_edited\Tim_1\BTP JAK\WESEL\W81 BOO_03-08\0.jpg"
"SHA256","0DAC860DDCF73F72282B4F2A0199A2C91774E08DF186F3EDF27498D5E2FD23C2","C:\Users\dikarm\Documents\Server\OCR-FOTO-P3STE\OCR_Foto_Timemark_App\04_photos_edited\Tim_1\BTP JAK\WESEL\W81 BOO_03-08\100.jpg"
"SHA256","29B1D5D3A3C27D2058595F2E4947BA1D72D4010DD9AA4843D4552BC7BC358A98","C:\Users\dikarm\Documents\Server\OCR-FOTO-P3STE\OCR_Foto_Timemark_App\04_photos_edited\Tim_1\BTP JAK\WESEL\W81 BOO_03-08\50.jpg"
"SHA256","0DDA01638BC6153553708DD49C25526CC64DF344C84ECE1F79614EE97FE1BAF1","C:\Users\dikarm\Documents\Server\OCR-FOTO-P3STE\OCR_Foto_Timemark_App\04_photos_edited\Tim_1\BTP JAK\WESEL\W81 BOO_17-08\0.jpg"
"SHA256","AB5B3D886DA2A13B3B8B9FEDEBF3AA33DF6821E1C81FADE3C0B43838EF1BED74","C:\Users\dikarm\Documents\Server\OCR-FOTO-P3STE\OCR_Foto_Timemark_App\04_photos_edited\Tim_1\BTP JAK\WESEL\W81 BOO_17-08\100.jpg"
"SHA256","6204CF54BE29CCA5951BF8877FCE6768A7EDBEE44E95804C88BC926ED7AE03AF","C:\Users\dikarm\Documents\Server\OCR-FOTO-P3STE\OCR_Foto_Timemark_App\04_photos_edited\Tim_1\BTP JAK\WESEL\W81 BOO_17-08\50.jpg"
